﻿<AML>
 <Item type="Action" id="B4FD7E0C9760497AA8245BC6E6D114F7" action="add">
  <item_query>&lt;Item type="{@type}" id="{@id}" levels= "1" action="get" select="*" /&gt;</item_query>
  <label xml:lang="en">Add Part Characteristics</label>
  <location>client</location>
  <method keyed_name="ItemCharacteristicAddToPart_JS" type="Method">
   <Item type="Method" action="get" select="id">
    <name>ItemCharacteristicAddToPart_JS</name>
   </Item>
  </method>
  <owned_by_id keyed_name="Innovator Admin" type="Identity">DBA5D86402BF43D5976854B8B48FCDD1</owned_by_id>
  <target>none</target>
  <type>item</type>
  <name>Item Characteristic Add To Part</name>
 </Item>
</AML>