﻿<AML>
 <Item type="Method" id="DA77629231D040269C8F1724CF7C039C" action="add">
  <classification>/*</classification>
  <comments>Retrieves all the related characteristics of a class considering the Item Class Hierarchy and the inherited characteristics.</comments>
  <execution_allowed_to keyed_name="World" type="Identity">A73B655731924CD0B027E4F4D5FCC0A9</execution_allowed_to>
  <method_code><![CDATA[string itemClassId = this.getProperty("item_class_id");
StringBuilder resultIdList = new StringBuilder();

// Get Characteristics from direct related Item Class
Item relationships = this.newItem("Item Class Characteristic", "get");
relationships.setProperty("source_id", itemClassId);
relationships = relationships.apply();

if (relationships.getItemCount() > 0) 
{
	for (int i = 0; i < relationships.getItemCount(); i++)
	{
		string characteristicId = relationships.getItemByIndex(i).getProperty("related_id");		
		resultIdList.Append("'").Append(characteristicId).Append("'").Append(",");
	}
}

Item parentRelationship = this.newItem("Item Class Hierarchy","get");
parentRelationship.setProperty("related_id", itemClassId);
parentRelationship = parentRelationship.apply();

if (parentRelationship.getItemCount() > 1) 
{
	return this.getInnovator().newError("More than one parent in hierarchy relationship");
}

string parentId = "";
bool hasParent = false;

if ( parentRelationship.getItemCount() == 1) 
{
	parentId = parentRelationship.getProperty("source_id");
	hasParent = true;
}

while (hasParent) 
{
	// Get Item Class Characteristic 
	Item characteristicRels = this.newItem("Item Class Characteristic", "get");
	characteristicRels.setProperty("source_id", parentId);
	characteristicRels = characteristicRels.apply();

	// add characteristic values
	for (int i = 0; i < characteristicRels.getItemCount(); i++)
	{
		string characteristicId = characteristicRels.getItemByIndex(i).getProperty("related_id");		
		resultIdList.Append("'").Append(characteristicId).Append("'").Append(",");
	}	

	// Check if parent has parent
	parentRelationship = this.newItem("Item Class Hierarchy","get");
	parentRelationship.setProperty("related_id", parentId);
	parentRelationship = parentRelationship.apply();

	if (parentRelationship.getItemCount() == 0) 
	{
		hasParent = false;
	}
	else if (parentRelationship.getItemCount() == 1) 
	{
		parentId = parentRelationship.getProperty("source_id");
	} 
	else 
	{
		return this.getInnovator().newError("More than one parent in hierarchy relationship");
	}
}

// TODO. Remove last character 
resultIdList.Remove(resultIdList.Length-1,1);
Item characteristicList = this.newItem("Item Characteristic","get");
characteristicList.setProperty("id", resultIdList.ToString());
characteristicList.setAttribute("select", "id,name,characteristic_value_type,value_unit_of_measure");
characteristicList.setPropertyAttribute("id","condition","in");
Item result = characteristicList.apply();
return result;]]></method_code>
  <method_type>C#</method_type>
  <name>GetRelCharacteristicsByClassId</name>
 </Item>
</AML>