﻿<AML>
 <Item type="Method" id="B40B9C5DBC3D4D34BF67623865E51154" action="add">
  <classification>/*</classification>
  <execution_allowed_to keyed_name="World" type="Identity">A73B655731924CD0B027E4F4D5FCC0A9</execution_allowed_to>
  <method_code><![CDATA[// Client side Method: treeGrid1 Handler
// 
// load with --> onLoad Event on Form:
//
// the variable treeGrid1_Control is defined globally in separate HTML code on form field
// the variable toolbar1_Control is defined globally in separate HTML code on form field
//
//  ---- history -----
//  RL  02.05.2012          initial version - cloned grid from ML CAD Struct Handler
//
// ====================================================================================================================
if (OnLoadMethodsLoaded) {return;}
var isStartedFromTab = (top.relationships && typeof(top.relationships) !== undefined);
var result;

// other global variables
var thisItem,thisItemType,thisItemId,thisItemGeneration;
var thisStructRelType;
var columnProperties,columnWidths,columnAlign,columnDisplayTypes;
var itemSelectProperties,relSelectProperties;
var hierarchyNodeIconOpened,hierarchyNodeIconClosed;
var hierarchyNodeLargeIconOpened,hierarchyNodeLargeIconClosed;
var showRootItem;
var gridRowHeight=20;
var clickedGridLinkValue;
var treeGrid1;
var mainFormItemTypeName;
var GridXMLHeader = '';

//--------------
initGlobalVariables = function ()
{
  //debugger;
  if (isStartedFromTab) 
  {
    thisItem = top.frames[1].document.thisItem;
    thisItemType = thisItem.getAttribute("type","");
    thisItemId = thisItem.getAttribute("id","");
  }
  else
  { // Display the whole hierarchy
	var q = new Item("Item Class", "get");
	q.setAttribute("select", "id");
	q.setProperty("name", "test1"); // hard coded Class Group
	thisItem = q.apply();
    thisItemType = thisItem.getAttribute("type","");
    thisItemId = thisItem.getAttribute("id","");
    //alert("this Form must can be started from a Relationship's View only !");
	//return;
  }
  
  showRootItem = true;
  hierarchyNodeIconClosed = fn_GetSmallIconFormatOfItemType("Item Class");
  hierarchyNodeIconOpened = fn_GetSmallIconFormatOfItemType("Item Class");
  thisItemId = thisItem.getAttribute("id","");
  thisStructRelType = "Item Class Hierarchy";
  
  columnWidths = "280,60,60,100,120";
  columnAlign  = "l,c,c,c,l";
  columnProperties = "item.name,rel.sort_order,item.locked_by_id,item.state,item.item_class_path";
  columnDisplayTypes = "tree,text,lock,text:bg_color,text";
  itemSelectProperties = "name,state,locked_by_id,item_class_path";
  relSelectProperties = "sort_order";
  
  treeGrid1 = new SubLocationStructureTreeGrid;
  return true;
};

// ========= MAIN - callbacks for HTML skeleton in HTML field on the Form ========
// -- callback to populate grid --
window.RefreshGrid = function(doInit,item, itemTypeName)
{
  if (itemTypeName !== undefined) { mainFormItemTypeName = itemTypeName;}
  if(doInit === undefined) {doInit = true;}
  if(item !== undefined) {thisItem = item;}

  if (!initGlobalVariables()){return;}
    	
//  if(!treeGrid1.Initialized)
  if(doInit)
  {
	treeGrid1.Initialize();
  }
  
  fn_setTbControlEnabled("refresh_all", false);
  try
  {
    treeGrid1.Draw(true);
  }
  finally
  {
    fn_setTbControlEnabled("refresh_all", true);
  }
  fn_initToolbar();
  //treeGrid1_Control.SetColumnProperties("sorttype=numeric",2);
  //treeGrid1_Control.sort(2,true);
  //treeGrid1_Control.CollapseAll();
};

// -- callback to initialize toolbar --
window.loadGridToolbarHTML = function()
{
  var toolbarHTMLstring = '';
  toolbarHTMLstring += '<toolbarapplet on_click="toolbar1_onToolbarClick" ';
  toolbarHTMLstring += 'on_load="toobarStart" buttonstyle="windows"  buttonsize="40,22" font="' + "Arial-bold-10" + '" ';
  toolbarHTMLstring += 'top_border="1"  bottom_border="1"><toolbar id="toolbar"> ';
  toolbarHTMLstring += '<button text="Expand All" id="expandall" image="icons/24x24expandpopnode.gif" tooltip="Expand All" disabled="false" /> ';
  toolbarHTMLstring += '<button text="Collapse All" id="collapseall" image="icons/24x24collandpopnode.gif" tooltip="Collapse All" disabled="false" /> ';
  toolbarHTMLstring += '<button text="Refresh" id="refresh_all" image="icons/20x20refresh.gif" tooltip="Refresh Structure" disabled="false" /> ';
  toolbarHTMLstring += '<separator/> ';
  toolbarHTMLstring += '<button text="View Item" id="open_row_item" image="icons/20x20view.gif" tooltip="View Item" disabled="false" /> ';
  toolbarHTMLstring += '</toolbar></toolbarapplet>';

  toolbar1_Control.loadToolbarFromStr(toolbarHTMLstring);
//  toolbar1_Control.loadXML(toolbarHTMLstring);
  return;
};

//==================== Grid Layout & Style ===================================
SubLocationStructureTreeGrid = function SubLocationStructureTreeGridFunc()
{
	this.itemType = thisItemType;
};
var standardGridFont= "Microsoft Sans Serif-8";
var italicGridFont= "Microsoft Sans Serif-italic-8";

//------- Initialize the layout of the Grid
SubLocationStructureTreeGrid.prototype.Initialize = function SubLocationStructureTreeGrid_Initialize()
{
 //debugger;
  GridXMLHeader = '';
  GridXMLHeader += '<?xml version="1.0"?><table font="' + standardGridFont + '" ';
  GridXMLHeader += 'backgroundColor="white" ';
  GridXMLHeader += 'sel_bgColor="steelbue" '; // html predefined
  GridXMLHeader += 'sel_TextColor="white" ';
  GridXMLHeader += 'header_BgColor="buttonface" ';
  GridXMLHeader += 'delim ="|" ';
  //GridXMLHeader += 'zebra="true" ';
  GridXMLHeader += 'editable="false" ';
  GridXMLHeader += 'draw_grid="true" ';
  GridXMLHeader += 'multiselect="false" ';
  GridXMLHeader += 'enableHtml="false" ';
  GridXMLHeader += 'enterAsTab="false" ';
  GridXMLHeader += 'bgInvert="true" ';    
  GridXMLHeader += 'expandroot="true" ';
  GridXMLHeader += 'expandall="false" ';
  GridXMLHeader += 'treelines="1" ';
  GridXMLHeader += 'locale="enUS" ';
  GridXMLHeader += 'onrowselect="treeGrid1_onGridClick" ';
  GridXMLHeader += 'onDoubleClick="treeGrid1_onGridDoubleClick" ';

  GridXMLHeader += '  column_draggable="true" ';
//  GridXMLHeader += '  xmlns:msxsl="urn:schemas-microsoft-com:xslt" ';
//  GridXMLHeader += '  xmlns:aras="http://www.aras.com" ';
//  GridXMLHeader += '  xmlns:usr="urn:the-xml-files:xslt" >';

  GridXMLHeader += '> ';
  // column headings
  GridXMLHeader += '<thead>';
  GridXMLHeader += fn_GenerateTableHeadingsXML ("GL_Location",thisStructRelType,columnProperties);
  GridXMLHeader += '</thead>';

  GridXMLHeader += '<columns>';
  GridXMLHeader += fn_GenerateTableColumnsXML (columnWidths,columnAlign);
  GridXMLHeader += '</columns>';
  
  GridXMLHeader += '<menu>';
  GridXMLHeader += '<emptytag/>';
  GridXMLHeader += '</menu>';
  GridXMLHeader += '</table>';

  this.Initialized = true;
};

//------- populate the Grid
SubLocationStructureTreeGrid.prototype.Draw = function SubLocationStructureTreeGrid_Draw(forceGetRelationships)
{
  //debugger;
  treeGrid1_Control.clear();treeGrid1_Control.focus();
  treeGrid1_Control.InitXml(GridXMLHeader);	

 
  //===== call function from "=plme MultiLevelItems Functions" with:
  
  //   rootItemId        = item id of root item or tree structure (i.e. a part assembly)
  //   itemType          = name of the item type of the node elements of the tree (i.e. "Part", "CAD_Document")
  //   showWithRootItem  = true or false. true = the root item will be displayed as top level in the tree grid
  //   itemProperties    = comma separated list of property names of properties of the item to fetch (i.e. "item_number,name,state" etc.)
  //   relType           = name of the item to item relationship (i.e. "Part BOM")
  //   relProperties     = comma separated list of property names of properties of the relationship to fetch (i.e. "sort_order,quantity" etc.)
  //   columnProperties  = comma separated list of property names to display in tree grid's columns (must match the tree grid layout)
  //                       coded prefixeds "item." or "rel." are used to identify whether use a property from list "itemProperties" or from "relProperties" 
  //   columnDataTypes   = comma separated list of display types for each property listed in columnProperties. first column must alway be "tree".
  //                       for other columns use "text" or "lock" or "check". 
  //                       if "lock" is used, the property must be the locked_by_id or an item - then the lock icon will be displayed
  //                       if "check" is used, the property must be a boolean or 1-character string with values "1" or "0" - then a checkbox will be displayed
  
  //==================================
  treeGrid1_MsgsId = top.aras.showStatusMessage(0, "Loading Structure of " + thisItemType + "...", '../images/Animated/ProgressSmall.gif');

  switch (thisItemType)
  {
	case "Item Class":
       fn_MultiLevelItems_LoadInitalStructureLevelsToTreeGrid ( treeGrid1_Control, thisItemId, showRootItem,
           thisItemType,itemSelectProperties, thisStructRelType,relSelectProperties,
           columnProperties,columnDisplayTypes,2, hierarchyNodeIconClosed,hierarchyNodeIconOpened);
	  break;
  }
  
  //==================================

  top.aras.clearStatusMessage(treeGrid1_MsgsId);

  if (treeGrid1_Control.GetRootItemsCount() === 1) {treeGrid1_Control.openItem("ROOT-"+thisItemId);}

};


// ============================= Click  Handlers ===============================
fn_initToolbar = function () {
  fn_setTbControlEnabled("expandall", true);
  fn_setTbControlEnabled("collapseall", true);
  fn_setTbControlEnabled("open_row_item", true);
  fn_setTbControlEnabled("open_change_details", true);
  fn_setTbControlEnabled("change_status_check", true);
  var val = (top.aras.getVariable('ShowLabels') == 'true');
  toolbar1_Control.showLabels(val);
};

toolbar1_onToolbarClick = function (item) {
	treeGrid1_Control.turnEditOff();
	if (item.getId() == "expandall") {treeGrid1_onExpandAll();}
	if (item.getId() == "collapseall") {treeGrid1_onCollapseAll();}
	if (item.getId() == "refresh_all") {window.RefreshGrid(true);}
    if (item.getId() == "open_row_item") {treeGrid1_onOpenRowItem();}
//	if (item.getId() == "insert_new_row") {treeGrid1_onInsertNewRow();}
};

treeGrid1_onGridMenuInit = function (row,col,p) {
	var mnu = treeGrid1_Control.getMenu();
	mnu.removeAll();
	mnu.add("open_row_item","View Item");
	mnu.show();
};

treeGrid1_onGridMenuClick = function (menuChoice) {
  var selectedId = treeGrid1_Control.getSelectedId();
  if (!selectedId) {return;}
  
  if (menuChoice == "open_row_item") {treeGrid1_onOpenRowItem();}
};

treeGrid1_onTreeGridOpenNode = function (rowId) {
  var hasSubLevelsLoaded = treeGrid1_Control.getUserData(rowId,"gridData_hasSubLevelsLoaded");
  if (hasSubLevelsLoaded !== "1") {
    fn_reloadNextLevelOfThisRow (rowId,2);
    treeGrid1_Control.setUserData(rowId,"gridData_hasSubLevelsLoaded","1");
  }
  fn_setResultsCountOnStatusBar(treeGrid1_Control.GetRowCount());

};

fn_reloadNextLevelOfThisRow = function (rowId, nextLevels) {
  if (!rowId) {return;}
  var rowType = treeGrid1_Control.getUserData(rowId,"gridData_rowItemType");
  if (!rowType || rowType === undefined){ rowType="";}
  
  // reload the next 2 levels of this Item Foler  
  if (rowType === "Document Hierarchy Node")
  {
    treeGrid1_MsgsId = top.aras.showStatusMessage(0, "Loading Next Levels...", '../images/Animated/ProgressSmall.gif');

    fn_MultiLevelItems_LoadNextLevelsForThisNodeToTreeGrid ( treeGrid1_Control,rowId,
      thisItemType,itemSelectProperties,
      thisStructRelType,relSelectProperties,
      columnProperties,columnDisplayTypes,nextLevels);

    top.aras.clearStatusMessage(treeGrid1_MsgsId);
  }
};

treeGrid1_onExpandAll = function () {
//debugger;
  // get confirmation to load from sercver
  // else current structure already loaded will be expanded
  if(confirm("Do you want to load the entire hierarchy ?"))
  {
    var rootRowIds = "#" ;
    id_array = treeGrid1_Control.GetVisibleItemIDs("|").split("|");
    for (var x = 0 ; x < id_array.length ; x++) {
        if (!treeGrid1_Control.GetParentId(id_array[x]))
        {
          rootRowIds += "," + id_array[x];
        }
    }
    rootRowIds = rootRowIds.replace(/\#,/,"");
    if (rootRowIds.indexOf(",") < 0) //single root
    {
      rootRowIds = treeGrid1_Control.GetChildItemsId(rootRowIds,false,",");
    }
    id_array = rootRowIds.split(",");
    for (x = 0 ; x < id_array.length ; x++) {
      fn_reloadNextLevelOfThisRow (id_array[x],-1);  // -1 will load all levels down
    }
  }
  fn_setResultsCountOnStatusBar(treeGrid1_Control.GetRowCount());

  treeGrid1_Control.ExpandAll();
  fixHeightForTr();
};

treeGrid1_onCollapseAll = function () {
  treeGrid1_Control.CollapseAll();
  fixHeightForTr();
};

treeGrid1_onGridDoubleClick = function (r) {
  treeGrid1_onOpenRowItem();
};

treeGrid1_onGridClick = function (row,c) {
  fn_setTbControlEnabled("open", true);

  // if clicked on a link ?
  if (clickedGridLinkValue && clickedGridLinkValue !== "")
  {
    clickedGridLinkValue = "";

    treeGrid1_onViewRelatedFiles();
    //treeGrid1_onOpenRowItem();
  }
};

treeGrid1_onOpenRowItem = function () {
  var selectedId = treeGrid1_Control.getSelectedId();
  if (!selectedId) {return;}
  var itemId = treeGrid1_Control.getUserData(selectedId,"gridData_rowItemID");
  var itemType = treeGrid1_Control.getUserData(selectedId,"gridData_rowItemType");

  top.aras.uiShowItem(itemType, itemId);
};

treeGrid1_onGridLinkClick = function (strLink) {
  //assumes only 1 link per row that links to the row's data item
  clickedGridLinkValue = strLink; 
};
]]></method_code>
  <method_type>JavaScript</method_type>
  <name>Item Class Hierarchy Grid</name>
 </Item>
</AML>