﻿<AML>
 <Item type="Method" id="AE7BB7679D1C4D5B9C6E4DD72311A1D6" action="add">
  <classification>/*</classification>
  <execution_allowed_to keyed_name="World" type="Identity">A73B655731924CD0B027E4F4D5FCC0A9</execution_allowed_to>
  <method_code><![CDATA[// Client side Method: treeGrid1 Handler
// 
// load with --> onLoad Event on Form:
//
// the variable treeGrid1_Control is defined globally in separate HTML code on form field
// the variable toolbar1_Control is defined globally in separate HTML code on form field
// ====================================================================================================================
if (OnLoadMethodsLoaded) {return;}
var isStartedFromTab = (top.relationships && typeof(top.relationships) !== undefined);
var result;

// other global variables
var thisItem,thisItemType,thisItemId,thisItemGeneration;
var thisStructRelType;
var columnProperties,columnWidths,columnAlign,columnDisplayTypes;
var itemSelectProperties,relSelectProperties;
var hierarchyNodeIconOpened,hierarchyNodeIconClosed;
var hierarchyNodeLargeIconOpened,hierarchyNodeLargeIconClosed;
var showRootItem;
var gridRowHeight=20;
var treeGrid1;
var clickedGridLinkValue;
var mainFormItemTypeName;
var GridXMLHeader = '';
var idCharcterlisticsLoaded = false;

//--------------
initGlobalVariables = function ()
{
  //debugger;
  if (isStartedFromTab) 
  {
    thisItem = top.frames[1].document.thisItem;
	thisStructRelType = "Item Class Hierarchy";
  }
  else
  { // Item must be passed as a parameter
	var param = window.dialogArguments;
	thisItem = param.item;
	document.thisItem = param.item;
	thisStructRelType = param.structRelType;
  }
  
  if (typeof(thisItem) === undefined || thisItem === "") {
	return;
  }
  
  showRootItem = true;
  thisItemType = thisItem.getType();
  thisItemId = thisItem.getID();
  hierarchyNodeIconClosed = fn_GetSmallIconFormatOfItemType(thisItemType);
  hierarchyNodeIconOpened = fn_GetSmallIconFormatOfItemType(thisItemType);
  
  columnWidths = "280,60,60,300";
  columnAlign  = "l,c,c,l";
  columnProperties = "item.name,rel.sort_order,item.locked_by_id,item.item_class_path";
  columnDisplayTypes = "tree,text,lock,text";
  itemSelectProperties = "name,locked_by_id,item_class_path";
  relSelectProperties = "sort_order";
  
  treeGrid1 = new ItemClassStructureTreeGrid;
  return true;
};

// ========= MAIN - callbacks for HTML skeleton in HTML field on the Form ========
// -- callback to populate grid --
window.RefreshGrid = function(doInit,item, itemTypeName)
{
  fn_enableToolbarControls (false);

  if (itemTypeName !== undefined) { mainFormItemTypeName = itemTypeName;}
  if(doInit === undefined) {doInit = true;}
  if(item !== undefined) {thisItem = item;}
  
  if (!initGlobalVariables()){return;}
    	
//  if(!treeGrid1.Initialized)
  if(doInit)
  {
	treeGrid1.Initialize();
  }
  
  fn_setTbControlEnabled("refresh_all", false);
  try
  {
    treeGrid1.Draw(true);
  }
  finally
  {
    fn_initToolbar();
  }

  //treeGrid1_Control.SetColumnProperties("sorttype=numeric",2);
  //treeGrid1_Control.sort(2,true);
  //treeGrid1_Control.CollapseAll();
};

// -- callback to initialize toolbar --
window.loadGridToolbarHTML = function()
{
  var toolbarHTMLstring = '';
  toolbarHTMLstring += '<toolbarapplet on_click="toolbar1_onToolbarClick" ';
  toolbarHTMLstring += 'on_load="toobarStart" buttonstyle="windows"  buttonsize="40,22" font="' + "Arial-bold-10" + '" ';
  toolbarHTMLstring += 'top_border="1"  bottom_border="1"><toolbar id="toolbar"> ';
  toolbarHTMLstring += '<button text="Expand All" id="expandall" image="icons/24x24expandpopnode.gif" tooltip="Expand All" disabled="false" /> ';
  toolbarHTMLstring += '<button text="Collapse All" id="collapseall" image="icons/24x24collandpopnode.gif" tooltip="Collapse All" disabled="false" /> ';
  toolbarHTMLstring += '<button text="Refresh" id="refresh_all" image="icons/20x20refresh.gif" tooltip="Refresh Structure" disabled="false" /> ';
  toolbarHTMLstring += '<separator/> ';
  toolbarHTMLstring += '<button text="View Item" id="open_row_item" image="icons/20x20view.gif" tooltip="View Item" disabled="false" /> ';
  toolbarHTMLstring += '<button text="Show Class Characteristics" id="load_class_characteristics" image="../images/Icons/16x16/16x16_forms.gif" tooltip="Show Class Characteristics" disabled="false" /> ';
  toolbarHTMLstring += '</toolbar></toolbarapplet>';

  toolbar1_Control.loadToolbarFromStr(toolbarHTMLstring);
//  toolbar1_Control.loadXML(toolbarHTMLstring);
  return;
};

//==================== Grid Layout & Style ===================================
ItemClassStructureTreeGrid = function ItemClassStructureTreeGridFunc()
{
	this.itemType = thisItemType;
};
var standardGridFont= "Microsoft Sans Serif-8";
var italicGridFont= "Microsoft Sans Serif-italic-8";

//------- Initialize the layout of the Grid
ItemClassStructureTreeGrid.prototype.Initialize = function ItemClassStructureTreeGrid_Initialize()
{
 //debugger;
  GridXMLHeader = '';
  GridXMLHeader += '<?xml version="1.0"?><table font="' + standardGridFont + '" ';
  GridXMLHeader += 'backgroundColor="white" ';
  GridXMLHeader += 'sel_bgColor="steelbue" '; // html predefined
  GridXMLHeader += 'sel_TextColor="white" ';
  GridXMLHeader += 'header_BgColor="buttonface" ';
  GridXMLHeader += 'delim ="|" ';
  //GridXMLHeader += 'zebra="true" ';
  GridXMLHeader += 'editable="false" ';
  GridXMLHeader += 'draw_grid="true" ';
  GridXMLHeader += 'multiselect="false" ';
  GridXMLHeader += 'enableHtml="false" ';
  GridXMLHeader += 'enterAsTab="false" ';
  GridXMLHeader += 'bgInvert="true" ';    
  GridXMLHeader += 'expandroot="true" ';
  GridXMLHeader += 'expandall="false" ';
  GridXMLHeader += 'treelines="1" ';
  GridXMLHeader += 'locale="enUS" ';
  GridXMLHeader += 'onrowselect="treeGrid1_onGridClick" ';
  GridXMLHeader += 'onDoubleClick="treeGrid1_onGridDoubleClick" ';

  GridXMLHeader += '  column_draggable="true" ';
//  GridXMLHeader += '  xmlns:msxsl="urn:schemas-microsoft-com:xslt" ';
//  GridXMLHeader += '  xmlns:aras="http://www.aras.com" ';
//  GridXMLHeader += '  xmlns:usr="urn:the-xml-files:xslt" >';

  GridXMLHeader += '> ';
  // column headings
  //GridXMLHeader += '<thead>';
  //GridXMLHeader += fn_GenerateTableHeadingsXML ("Item Class",thisStructRelType,columnProperties);
  //GridXMLHeader += '</thead>';
	
	GridXMLHeader += '<thead>';
	GridXMLHeader += '<th>Classification</th>';
	GridXMLHeader += '<th>Sort Order</th>';
	GridXMLHeader += '<th>Lck</th>';
	GridXMLHeader += '<th>Path</th>';
	GridXMLHeader += '</thead>';
  
  GridXMLHeader += '<columns>';
  GridXMLHeader += fn_GenerateTableColumnsXML (columnWidths,columnAlign);
  GridXMLHeader += '</columns>';
  
  GridXMLHeader += '<menu>';
  GridXMLHeader += '<emptytag/>';
  GridXMLHeader += '</menu>';
  GridXMLHeader += '</table>';

  this.Initialized = true;
};

//------- populate the Grid
ItemClassStructureTreeGrid.prototype.Draw = function ItemClassStructureTreeGrid_Draw(forceGetRelationships)
{
  //debugger;
  treeGrid1_Control.clear();treeGrid1_Control.focus();
  treeGrid1_Control.InitXml(GridXMLHeader);	

  treeGrid1_MsgsId = top.aras.showStatusMessage(0, "Loading Structure of " + thisItemType + "...", '../images/Animated/ProgressSmall.gif');

  switch (thisItemType)
  {
	case "Item Class":
       fn_MultiLevelItems_LoadInitalStructureLevelsToTreeGrid ( treeGrid1_Control, thisItemId, showRootItem,
           thisItemType,itemSelectProperties, thisStructRelType,relSelectProperties,
           columnProperties,columnDisplayTypes,2, hierarchyNodeIconClosed,hierarchyNodeIconOpened);

	  break;
  }
  
   top.aras.clearStatusMessage(treeGrid1_MsgsId);

  if (treeGrid1_Control.GetRootItemsCount() === 1) {
	treeGrid1_Control.openItem("ROOT-"+thisItemId);
  }

};

//------------
fn_addItemClassCharacteristicsToStructure = function () {
  // post-process the structure,  open all nodes, and  highlighting itemClass
  ids = treeGrid1_Control.getAllItemIds("|"); 
  id_array = ids.split("|");
  for (var x = 0 ; x < id_array.length ; x++) {
  	var itemClassRowId = id_array[x];
  	
    var itemClassDetailsCount = 0;
    var nodeItemType = treeGrid1_Control.getUserData(itemClassRowId,"gridData_rowItemType");
    var nodeItemId = treeGrid1_Control.getUserData(itemClassRowId,"gridData_rowItemID");

	if (nodeItemType == "Item Class" ) {
      var hasitemClassDetailsLoaded = treeGrid1_Control.getUserData(itemClassRowId,"gridData_hasitemClassDetails");    
      if (!hasitemClassDetailsLoaded || hasitemClassDetailsLoaded === undefined || hasitemClassDetailsLoaded === "0") {
      
       // add itemClass controlled Items
       c = fn_additemClassCharacteristicsToRow (treeGrid1_Control, itemClassRowId, nodeItemId);
	   itemClassDetailsCount = itemClassDetailsCount + c;

        if (itemClassDetailsCount >0) {
          var numOfCols = columnWidths.split(",").length;
          fn_SetBackgroundColorOfCellsInRow(treeGrid1_Control,id_array[x],0,numOfCols-1, "#ffeeee");
          treeGrid1_Control.setUserData(id_array[x],"gridData_hasitemClassDetails","1");
        }
	  }
    }
  }
};

//--------------
fn_additemClassCharacteristicsToRow = function(gridCtrl, parent_row_id, sourceItemId)  {
  itemCharColumnProperties = "item.name,rel.sort_order,item.locked_by_id,item.characteristic_value_type";
  itemCharcolumnDisplayTypes = "tree,text,lock,text";
  itemCharSelectProperties = "name,locked_by_id,characteristic_value_type";

  var qry = top.aras.newIOMItem("Item Class Characteristic","get");
  qry.setAttribute("select","related_id("+itemCharSelectProperties+",itemtype),"+"sort_order");
  qry.setProperty("source_id",sourceItemId);
  var relItemRels = qry.apply();
  var itemIcon;
      
  var itemClassCharacteristicsCount = relItemRels.getItemCount();
  if (itemClassCharacteristicsCount <=0) {return 0;}

  // loop through query results
  for (var r = 0 ; r < itemClassCharacteristicsCount ; r++) {
    var relItemRel = relItemRels.getItemByIndex(r);
    var relItemId = relItemRel.getProperty("related_id","");
    var newNodeId = sourceItemId + "-" + relItemId;
    if (relItemId !== "") {
       var relItemType = relItemRel.getPropertyItem("related_id").getAttribute("type","");
       itemIcon = fn_GetSmallIconFormatOfItemType(relItemType);
                 
       fn_MultiLevelItems_AddRowToGrid (treeGrid1_Control, parent_row_id ,newNodeId,
               itemCharColumnProperties,itemCharcolumnDisplayTypes, itemIcon, relItemRel, true);

       treeGrid1_Control.setUserData(newNodeId,"gridData_rowItemType",relItemType );
       treeGrid1_Control.setUserData(newNodeId,"gridData_rowItemID",relItemId );
    }
  }
  return itemClassCharacteristicsCount;
};

// ============================= Click  Handlers ===============================
fn_initToolbar = function () {
  fn_enableToolbarControls (true);
  
  var val = (top.aras.getVariable('ShowLabels') == 'true');
  toolbar1_Control.showLabels(val);
};

fn_enableToolbarControls = function (isOn) {
  fn_setTbControlEnabled("expandall", isOn);
  fn_setTbControlEnabled("collapseall", isOn);
  fn_setTbControlEnabled("open_row_item", isOn);
  fn_setTbControlEnabled("refresh_all", isOn);
  if (!idCharcterlisticsLoaded) {fn_setTbControlEnabled("load_class_characteristics", isOn);}
};

toolbar1_onToolbarClick = function (item) {
	treeGrid1_Control.turnEditOff();
	if (item.getId() == "expandall") {treeGrid1_onExpandAll();}
	if (item.getId() == "collapseall") {treeGrid1_onCollapseAll();}
	if (item.getId() == "refresh_all") {window.RefreshGrid(true);}
    if (item.getId() == "open_row_item") {treeGrid1_onOpenRowItem();}
	if (item.getId() == "load_class_characteristics") {treeGrid1_onLoadClassCharacterisitcs();}
};

treeGrid1_onGridMenuInit = function (row,col,p) {
	var mnu = treeGrid1_Control.getMenu();
	mnu.removeAll();
	mnu.add("open_row_item","View Item");
	mnu.show();
};

treeGrid1_onGridMenuClick = function (menuChoice) {
  var selectedId = treeGrid1_Control.getSelectedId();
  if (!selectedId) {return;}
  
  if (menuChoice == "open_row_item") {treeGrid1_onOpenRowItem();}
};

treeGrid1_onTreeGridOpenNode = function (rowId) {
	if (!isClosing) {
        fn_enableToolbarControls (false);
		var hasSubLevelsLoaded = treeGrid1_Control.getUserData(rowId,"gridData_hasSubLevelsLoaded");
		if (hasSubLevelsLoaded !== "1") {
		fn_reloadNextLevelOfThisRow (rowId,2);
		treeGrid1_Control.setUserData(rowId,"gridData_hasSubLevelsLoaded","1");
		}
		fn_setResultsCountOnStatusBar(treeGrid1_Control.GetRowCount());
        fn_enableToolbarControls (true);
	}
};

fn_reloadNextLevelOfThisRow = function (rowId, nextLevels) {
  if (!rowId) {return;}
  var rowType = treeGrid1_Control.getUserData(rowId,"gridData_rowItemType");
  if (!rowType || rowType === undefined){ rowType="";}
  
  // reload the next 2 levels of this Item 
  if (rowType === "Item Class")
  {
    treeGrid1_MsgsId = top.aras.showStatusMessage(0, "Loading Next Levels...", '../images/Animated/ProgressSmall.gif');

    fn_MultiLevelItems_LoadNextLevelsForThisNodeToTreeGrid ( treeGrid1_Control,rowId,
      thisItemType,itemSelectProperties,
      thisStructRelType,relSelectProperties,
      columnProperties,columnDisplayTypes,nextLevels);

    if (idCharcterlisticsLoaded) {fn_addItemClassCharacteristicsToStructure ();}

    top.aras.clearStatusMessage(treeGrid1_MsgsId);
  }
};

treeGrid1_onExpandAll = function () {
  // get confirmation to load from sercver
  // else current structure already loaded will be expanded
  if(confirm("Do you want to load the entire hierarchy ?"))
  {
    fn_enableToolbarControls (false);
    var rootRowIds = "#" ;
    id_array = treeGrid1_Control.GetVisibleItemIDs("|").split("|");
    for (var x = 0 ; x < id_array.length ; x++) {
        if (!treeGrid1_Control.GetParentId(id_array[x]))
        {
          rootRowIds += "," + id_array[x];
        }
    }
    rootRowIds = rootRowIds.replace(/\#,/,"");
    if (rootRowIds.indexOf(",") < 0) //single root
    {
      rootRowIds = treeGrid1_Control.GetChildItemsId(rootRowIds,false,",");
    }
    id_array = rootRowIds.split(",");
    for (x = 0 ; x < id_array.length ; x++) {
      fn_reloadNextLevelOfThisRow (id_array[x],-1);  // -1 will load all levels down
    }
    
    if (idCharcterlisticsLoaded) {fn_addItemClassCharacteristicsToStructure ();}
    
    fn_enableToolbarControls (true);
  }
  fn_setResultsCountOnStatusBar(treeGrid1_Control.GetRowCount());

  treeGrid1_Control.ExpandAll();
  fixHeightForTr();
};

treeGrid1_onCollapseAll = function () {
  fn_enableToolbarControls (false);
  treeGrid1_Control.CollapseAll();
  fixHeightForTr();
  fn_enableToolbarControls (true);
};

treeGrid1_onGridDoubleClick = function (r) {
  treeGrid1_onOpenRowItem();
};

treeGrid1_onGridClick = function (row,c) {
  fn_setTbControlEnabled("open", true);

  // if clicked on a link ?
  if (clickedGridLinkValue && clickedGridLinkValue !== "")
  {
    clickedGridLinkValue = "";

    treeGrid1_onViewRelatedFiles();
    //treeGrid1_onOpenRowItem();
  }
};

var isClosing = false;
treeGrid1_onOpenRowItem = function () {
  var selectedId = treeGrid1_Control.getSelectedId();
  if (!selectedId) {return;}
  
  var itemId = treeGrid1_Control.getUserData(selectedId,"gridData_rowItemID");
  var itemType = treeGrid1_Control.getUserData(selectedId,"gridData_rowItemType");
  
  if (isStartedFromTab) {
	top.aras.uiShowItem(itemType, itemId);
  } else {
	top.setReturnValue(itemId);
	top.close();
	isClosing = true;
  }
};

treeGrid1_onLoadClassCharacterisitcs = function () {
    fn_enableToolbarControls (false);
    fn_addItemClassCharacteristicsToStructure ();
    fn_enableToolbarControls (true);
    
    // disable toolbar icon to prevent from loading characterisitcis again
    fn_setTbControlEnabled("load_class_characteristics", false);
    idCharcterlisticsLoaded = true;
};

treeGrid1_onGridLinkClick = function (strLink) {
  //assumes only 1 link per row that links to the row's data item
  clickedGridLinkValue = strLink; 
};]]></method_code>
  <method_type>JavaScript</method_type>
  <name>ItemClassTreeDialog Func</name>
 </Item>
</AML>