﻿<AML>
 <Item type="List" id="33C3BBDA8A0F4E0D8B6D016425670E1B" action="add">
  <classification>/*</classification>
  <name>Characteristic Types</name>
  <Relationships>
   <Item type="Value" id="52645312CF8A4C64B89A1CA621182D77" action="add">
    <classification>/*</classification>
    <label xml:lang="en">CHAR</label>
    <sort_order>128</sort_order>
    <source_id keyed_name="Characteristic Types" type="List">33C3BBDA8A0F4E0D8B6D016425670E1B</source_id>
    <value>CHAR</value>
   </Item>
   <Item type="Value" id="7CC4F31DB08D4E99B43A1C4E88D82D64" action="add">
    <classification>/*</classification>
    <label xml:lang="en">LIST</label>
    <sort_order>384</sort_order>
    <source_id keyed_name="Characteristic Types" type="List">33C3BBDA8A0F4E0D8B6D016425670E1B</source_id>
    <value>LIST</value>
   </Item>
   <Item type="Value" id="96714D9A15504ADEB5E00452AEE4E9F5" action="add">
    <classification>/*</classification>
    <label xml:lang="en">MLIST</label>
    <sort_order>512</sort_order>
    <source_id keyed_name="Characteristic Types" type="List">33C3BBDA8A0F4E0D8B6D016425670E1B</source_id>
    <value>MLIST</value>
   </Item>
  
   <Item type="Value" id="83C0DB74F90249A4A058FD679D6274B9" action="add">
    <classification>/*</classification>
    <label xml:lang="en">NUM</label>
    <sort_order>256</sort_order>
    <source_id keyed_name="Characteristic Types" type="List">33C3BBDA8A0F4E0D8B6D016425670E1B</source_id>
    <value>NUM</value>
   </Item></Relationships>
 </Item>
</AML>