﻿<AML>
<Item action="delete" type="fgc_Configuration" typeId="362FB8A676BC4A50B430FA6FA79EAD3F" id="E6B10B64AABE4DA7842D34982C8783D7" />
<Item action="merge" type="fgc_Configuration" typeId="362FB8A676BC4A50B430FA6FA79EAD3F" id="E6B10B64AABE4DA7842D34982C8783D7"><classification is_null="1"/>
 <owned_by_id>DBA5D86402BF43D5976854B8B48FCDD1</owned_by_id>
<config_id keyed_name="Classification PartSearch Results Grid 1" type="fgc_Configuration">E6B10B64AABE4DA7842D34982C8783D7</config_id><created_by_id keyed_name="Innovator Admin" type="User">30B991F927274FA3829655F50C99472E</created_by_id><created_on>2015-06-17T07:36:41</created_on><css is_null="1"/><current_state keyed_name="Released" type="Life Cycle State" name="Released">ED76795A698342309491A099FEEA2BA2</current_state><description>Only base columns are defined - more columns for characteristics values are generated dynamically</description><effective_date>2015-02-24T18:07:38</effective_date><grid_item_type>Part</grid_item_type><id keyed_name="Classification PartSearch Results Grid 1" type="fgc_Configuration">E6B10B64AABE4DA7842D34982C8783D7</id><is_current>1</is_current><is_released>1</is_released><item_order_by is_null="1"/><item_released_condition is_null="1"/><item_select_properties>id,config_id,generation,major_rev,state,current_state(label),is_released,is_current,modified_by_id(keyed_name),locked_by_id(keyed_name),owned_by_id(keyed_name),managed_by_id(keyed_name),item_number,name,description,classification,</item_select_properties><keyed_name>Classification PartSearch Results Grid 1</keyed_name><locked_by_id is_null="1"/><major_rev>A</major_rev><managed_by_id is_null="1"/><minor_rev is_null="1"/><modified_by_id keyed_name="Innovator Admin" type="User">30B991F927274FA3829655F50C99472E</modified_by_id><modified_on>2015-06-17T07:38:03</modified_on><new_version>1</new_version><not_lockable>0</not_lockable><owned_by_id keyed_name="Innovator Admin" type="Identity">DBA5D86402BF43D5976854B8B48FCDD1</owned_by_id><permission_id keyed_name="Default Access" type="Permission" origPermission="9122CD065CF04141B8EFE263FC80BEA4">9122CD065CF04141B8EFE263FC80BEA4</permission_id><release_date>2015-02-24T18:07:38</release_date><state>Released</state><superseded_date is_null="1"/><team_id is_null="1"/><toolbar_id>result_toolbar</toolbar_id><name>Classification PartSearch Results Grid</name><generation>1</generation><Relationships><Item action="merge" type="fgc_Constant" typeId="C244DA7A70264D8C8980DAC3A9985335" id="171BC3E0D6B24C16997F172D61407EF6"><behavior>float</behavior><classification is_null="1"/><config_id keyed_name="171BC3E0D6B24C16997F172D61407EF6" type="fgc_Constant">171BC3E0D6B24C16997F172D61407EF6</config_id><constant_type>Boolean</constant_type><created_by_id keyed_name="Innovator Admin" type="User">30B991F927274FA3829655F50C99472E</created_by_id><created_on>2015-06-17T07:36:41</created_on><css is_null="1"/><current_state is_null="1"/><description is_null="1"/><generation>1</generation><grouping is_null="1"/><id keyed_name="171BC3E0D6B24C16997F172D61407EF6" type="fgc_Constant">171BC3E0D6B24C16997F172D61407EF6</id><is_current>1</is_current><is_released>0</is_released><keyed_name>171BC3E0D6B24C16997F172D61407EF6</keyed_name><locked_by_id is_null="1"/><major_rev>A</major_rev><managed_by_id is_null="1"/><minor_rev is_null="1"/><modified_by_id keyed_name="Innovator Admin" type="User">30B991F927274FA3829655F50C99472E</modified_by_id><modified_on>2015-06-17T07:36:41</modified_on><name>hasInputRow</name><new_version>1</new_version><not_lockable>0</not_lockable><owned_by_id keyed_name="Innovator Admin" type="Identity">DBA5D86402BF43D5976854B8B48FCDD1</owned_by_id><permission_id keyed_name="Default Access" type="Permission" origPermission="9122CD065CF04141B8EFE263FC80BEA4">9122CD065CF04141B8EFE263FC80BEA4</permission_id><related_id is_null="1"/><sort_order>640</sort_order><source_id keyed_name="Classification PartSearch Results Grid 1" type="fgc_Configuration">E6B10B64AABE4DA7842D34982C8783D7</source_id><state is_null="1"/><team_id is_null="1"/><value xml:lang="en">false</value></Item><Item action="merge" type="fgc_Constant" typeId="C244DA7A70264D8C8980DAC3A9985335" id="362F358CBF054103AA826FB01C8F9F2F"><behavior>float</behavior><classification is_null="1"/><config_id keyed_name="362F358CBF054103AA826FB01C8F9F2F" type="fgc_Constant">362F358CBF054103AA826FB01C8F9F2F</config_id><constant_type>Color</constant_type><created_by_id keyed_name="Innovator Admin" type="User">30B991F927274FA3829655F50C99472E</created_by_id><created_on>2015-06-17T07:36:41</created_on><css is_null="1"/><current_state is_null="1"/><description is_null="1"/><generation>1</generation><grouping is_null="1"/><id keyed_name="362F358CBF054103AA826FB01C8F9F2F" type="fgc_Constant">362F358CBF054103AA826FB01C8F9F2F</id><is_current>1</is_current><is_released>0</is_released><keyed_name>362F358CBF054103AA826FB01C8F9F2F</keyed_name><locked_by_id is_null="1"/><major_rev>A</major_rev><managed_by_id is_null="1"/><minor_rev is_null="1"/><modified_by_id keyed_name="Innovator Admin" type="User">30B991F927274FA3829655F50C99472E</modified_by_id><modified_on>2015-06-17T07:36:41</modified_on><name>varColumnCellBgColor</name><new_version>1</new_version><not_lockable>0</not_lockable><owned_by_id keyed_name="Innovator Admin" type="Identity">DBA5D86402BF43D5976854B8B48FCDD1</owned_by_id><permission_id keyed_name="Default Access" type="Permission" origPermission="9122CD065CF04141B8EFE263FC80BEA4">9122CD065CF04141B8EFE263FC80BEA4</permission_id><related_id is_null="1"/><sort_order>1920</sort_order><source_id keyed_name="Classification PartSearch Results Grid 1" type="fgc_Configuration">E6B10B64AABE4DA7842D34982C8783D7</source_id><state is_null="1"/><team_id is_null="1"/><value xml:lang="en">WhiteSmoke</value></Item><Item action="merge" type="fgc_Constant" typeId="C244DA7A70264D8C8980DAC3A9985335" id="3C68FB0635CC4A96B7811FC1334DFEAE"><behavior>float</behavior><classification is_null="1"/><config_id keyed_name="3C68FB0635CC4A96B7811FC1334DFEAE" type="fgc_Constant">3C68FB0635CC4A96B7811FC1334DFEAE</config_id><constant_type>Text</constant_type><created_by_id keyed_name="Innovator Admin" type="User">30B991F927274FA3829655F50C99472E</created_by_id><created_on>2015-06-17T07:36:41</created_on><css is_null="1"/><current_state is_null="1"/><description is_null="1"/><generation>1</generation><grouping is_null="1"/><id keyed_name="3C68FB0635CC4A96B7811FC1334DFEAE" type="fgc_Constant">3C68FB0635CC4A96B7811FC1334DFEAE</id><is_current>1</is_current><is_released>0</is_released><keyed_name>3C68FB0635CC4A96B7811FC1334DFEAE</keyed_name><locked_by_id is_null="1"/><major_rev>A</major_rev><managed_by_id is_null="1"/><minor_rev is_null="1"/><modified_by_id keyed_name="Innovator Admin" type="User">30B991F927274FA3829655F50C99472E</modified_by_id><modified_on>2015-06-17T07:36:41</modified_on><name>varColumnTextWidth</name><new_version>1</new_version><not_lockable>0</not_lockable><owned_by_id keyed_name="Innovator Admin" type="Identity">DBA5D86402BF43D5976854B8B48FCDD1</owned_by_id><permission_id keyed_name="Default Access" type="Permission" origPermission="9122CD065CF04141B8EFE263FC80BEA4">9122CD065CF04141B8EFE263FC80BEA4</permission_id><related_id is_null="1"/><sort_order>896</sort_order><source_id keyed_name="Classification PartSearch Results Grid 1" type="fgc_Configuration">E6B10B64AABE4DA7842D34982C8783D7</source_id><state is_null="1"/><team_id is_null="1"/><value xml:lang="en">200</value></Item><Item action="merge" type="fgc_Constant" typeId="C244DA7A70264D8C8980DAC3A9985335" id="49B14D384D074EEAA33117DFB6F31C13"><behavior>float</behavior><classification is_null="1"/><config_id keyed_name="49B14D384D074EEAA33117DFB6F31C13" type="fgc_Constant">49B14D384D074EEAA33117DFB6F31C13</config_id><constant_type>Text</constant_type><created_by_id keyed_name="Innovator Admin" type="User">30B991F927274FA3829655F50C99472E</created_by_id><created_on>2015-06-17T07:36:41</created_on><css is_null="1"/><current_state is_null="1"/><description is_null="1"/><generation>1</generation><grouping is_null="1"/><id keyed_name="49B14D384D074EEAA33117DFB6F31C13" type="fgc_Constant">49B14D384D074EEAA33117DFB6F31C13</id><is_current>1</is_current><is_released>0</is_released><keyed_name>49B14D384D074EEAA33117DFB6F31C13</keyed_name><locked_by_id is_null="1"/><major_rev>A</major_rev><managed_by_id is_null="1"/><minor_rev is_null="1"/><modified_by_id keyed_name="Innovator Admin" type="User">30B991F927274FA3829655F50C99472E</modified_by_id><modified_on>2015-06-17T07:36:41</modified_on><name>varColumnDefaultWidth</name><new_version>1</new_version><not_lockable>0</not_lockable><owned_by_id keyed_name="Innovator Admin" type="Identity">DBA5D86402BF43D5976854B8B48FCDD1</owned_by_id><permission_id keyed_name="Default Access" type="Permission" origPermission="9122CD065CF04141B8EFE263FC80BEA4">9122CD065CF04141B8EFE263FC80BEA4</permission_id><related_id is_null="1"/><sort_order>1664</sort_order><source_id keyed_name="Classification PartSearch Results Grid 1" type="fgc_Configuration">E6B10B64AABE4DA7842D34982C8783D7</source_id><state is_null="1"/><team_id is_null="1"/><value xml:lang="en">100</value></Item><Item action="merge" type="fgc_Constant" typeId="C244DA7A70264D8C8980DAC3A9985335" id="50769469D4B14081A9EDDC2CC5458B81"><behavior>float</behavior><classification is_null="1"/><config_id keyed_name="50769469D4B14081A9EDDC2CC5458B81" type="fgc_Constant">50769469D4B14081A9EDDC2CC5458B81</config_id><constant_type>Text</constant_type><created_by_id keyed_name="Innovator Admin" type="User">30B991F927274FA3829655F50C99472E</created_by_id><created_on>2015-06-17T07:36:41</created_on><css is_null="1"/><current_state is_null="1"/><description is_null="1"/><generation>1</generation><grouping is_null="1"/><id keyed_name="50769469D4B14081A9EDDC2CC5458B81" type="fgc_Constant">50769469D4B14081A9EDDC2CC5458B81</id><is_current>1</is_current><is_released>0</is_released><keyed_name>50769469D4B14081A9EDDC2CC5458B81</keyed_name><locked_by_id is_null="1"/><major_rev>A</major_rev><managed_by_id is_null="1"/><minor_rev is_null="1"/><modified_by_id keyed_name="Innovator Admin" type="User">30B991F927274FA3829655F50C99472E</modified_by_id><modified_on>2015-06-17T07:36:41</modified_on><name>varColumnListWidth</name><new_version>1</new_version><not_lockable>0</not_lockable><owned_by_id keyed_name="Innovator Admin" type="Identity">DBA5D86402BF43D5976854B8B48FCDD1</owned_by_id><permission_id keyed_name="Default Access" type="Permission" origPermission="9122CD065CF04141B8EFE263FC80BEA4">9122CD065CF04141B8EFE263FC80BEA4</permission_id><related_id is_null="1"/><sort_order>1408</sort_order><source_id keyed_name="Classification PartSearch Results Grid 1" type="fgc_Configuration">E6B10B64AABE4DA7842D34982C8783D7</source_id><state is_null="1"/><team_id is_null="1"/><value xml:lang="en">100</value></Item><Item action="merge" type="fgc_Constant" typeId="C244DA7A70264D8C8980DAC3A9985335" id="772D314EB648450BA5B25748BFE7945C"><behavior>float</behavior><classification is_null="1"/><config_id keyed_name="772D314EB648450BA5B25748BFE7945C" type="fgc_Constant">772D314EB648450BA5B25748BFE7945C</config_id><constant_type>Text</constant_type><created_by_id keyed_name="Innovator Admin" type="User">30B991F927274FA3829655F50C99472E</created_by_id><created_on>2015-06-17T07:36:41</created_on><css is_null="1"/><current_state is_null="1"/><description is_null="1"/><generation>1</generation><grouping is_null="1"/><id keyed_name="772D314EB648450BA5B25748BFE7945C" type="fgc_Constant">772D314EB648450BA5B25748BFE7945C</id><is_current>1</is_current><is_released>0</is_released><keyed_name>772D314EB648450BA5B25748BFE7945C</keyed_name><locked_by_id is_null="1"/><major_rev>A</major_rev><managed_by_id is_null="1"/><minor_rev is_null="1"/><modified_by_id keyed_name="Innovator Admin" type="User">30B991F927274FA3829655F50C99472E</modified_by_id><modified_on>2015-06-17T07:36:41</modified_on><name>varColumnListAlign</name><new_version>1</new_version><not_lockable>0</not_lockable><owned_by_id keyed_name="Innovator Admin" type="Identity">DBA5D86402BF43D5976854B8B48FCDD1</owned_by_id><permission_id keyed_name="Default Access" type="Permission" origPermission="9122CD065CF04141B8EFE263FC80BEA4">9122CD065CF04141B8EFE263FC80BEA4</permission_id><related_id is_null="1"/><sort_order>1536</sort_order><source_id keyed_name="Classification PartSearch Results Grid 1" type="fgc_Configuration">E6B10B64AABE4DA7842D34982C8783D7</source_id><state is_null="1"/><team_id is_null="1"/><value xml:lang="en">c</value></Item><Item action="merge" type="fgc_Constant" typeId="C244DA7A70264D8C8980DAC3A9985335" id="98C57C59DD0B46EE8EDCEEEFD8995E80"><behavior>float</behavior><classification is_null="1"/><config_id keyed_name="98C57C59DD0B46EE8EDCEEEFD8995E80" type="fgc_Constant">98C57C59DD0B46EE8EDCEEEFD8995E80</config_id><constant_type>Color</constant_type><created_by_id keyed_name="Innovator Admin" type="User">30B991F927274FA3829655F50C99472E</created_by_id><created_on>2015-06-17T07:36:41</created_on><css is_null="1"/><current_state is_null="1"/><description is_null="1"/><generation>1</generation><grouping is_null="1"/><id keyed_name="98C57C59DD0B46EE8EDCEEEFD8995E80" type="fgc_Constant">98C57C59DD0B46EE8EDCEEEFD8995E80</id><is_current>1</is_current><is_released>0</is_released><keyed_name>98C57C59DD0B46EE8EDCEEEFD8995E80</keyed_name><locked_by_id is_null="1"/><major_rev>A</major_rev><managed_by_id is_null="1"/><minor_rev is_null="1"/><modified_by_id keyed_name="Innovator Admin" type="User">30B991F927274FA3829655F50C99472E</modified_by_id><modified_on>2015-06-17T07:36:41</modified_on><name>gridBgColor</name><new_version>1</new_version><not_lockable>0</not_lockable><owned_by_id keyed_name="Innovator Admin" type="Identity">DBA5D86402BF43D5976854B8B48FCDD1</owned_by_id><permission_id keyed_name="Default Access" type="Permission" origPermission="9122CD065CF04141B8EFE263FC80BEA4">9122CD065CF04141B8EFE263FC80BEA4</permission_id><related_id is_null="1"/><sort_order>768</sort_order><source_id keyed_name="Classification PartSearch Results Grid 1" type="fgc_Configuration">E6B10B64AABE4DA7842D34982C8783D7</source_id><state is_null="1"/><team_id is_null="1"/><value xml:lang="en">white</value></Item><Item action="merge" type="fgc_Constant" typeId="C244DA7A70264D8C8980DAC3A9985335" id="ACB06C0AC98244939790272D6CA0E115"><behavior>float</behavior><classification is_null="1"/><config_id keyed_name="ACB06C0AC98244939790272D6CA0E115" type="fgc_Constant">ACB06C0AC98244939790272D6CA0E115</config_id><constant_type>Color</constant_type><created_by_id keyed_name="Innovator Admin" type="User">30B991F927274FA3829655F50C99472E</created_by_id><created_on>2015-06-17T07:36:41</created_on><css is_null="1"/><current_state is_null="1"/><description is_null="1"/><generation>1</generation><grouping is_null="1"/><id keyed_name="ACB06C0AC98244939790272D6CA0E115" type="fgc_Constant">ACB06C0AC98244939790272D6CA0E115</id><is_current>1</is_current><is_released>0</is_released><keyed_name>ACB06C0AC98244939790272D6CA0E115</keyed_name><locked_by_id is_null="1"/><major_rev>A</major_rev><managed_by_id is_null="1"/><minor_rev is_null="1"/><modified_by_id keyed_name="Innovator Admin" type="User">30B991F927274FA3829655F50C99472E</modified_by_id><modified_on>2015-06-17T07:36:41</modified_on><name>gridSelectorBgColor</name><new_version>1</new_version><not_lockable>0</not_lockable><owned_by_id keyed_name="Innovator Admin" type="Identity">DBA5D86402BF43D5976854B8B48FCDD1</owned_by_id><permission_id keyed_name="Default Access" type="Permission" origPermission="9122CD065CF04141B8EFE263FC80BEA4">9122CD065CF04141B8EFE263FC80BEA4</permission_id><related_id is_null="1"/><sort_order>256</sort_order><source_id keyed_name="Classification PartSearch Results Grid 1" type="fgc_Configuration">E6B10B64AABE4DA7842D34982C8783D7</source_id><state is_null="1"/><team_id is_null="1"/><value xml:lang="en">steelblue</value></Item><Item action="merge" type="fgc_Constant" typeId="C244DA7A70264D8C8980DAC3A9985335" id="ADC80C8E97DB464CAA5161E4CE7BD519"><behavior>float</behavior><classification is_null="1"/><config_id keyed_name="ADC80C8E97DB464CAA5161E4CE7BD519" type="fgc_Constant">ADC80C8E97DB464CAA5161E4CE7BD519</config_id><constant_type>Color</constant_type><created_by_id keyed_name="Innovator Admin" type="User">30B991F927274FA3829655F50C99472E</created_by_id><created_on>2015-06-17T07:36:41</created_on><css is_null="1"/><current_state is_null="1"/><description is_null="1"/><generation>1</generation><grouping is_null="1"/><id keyed_name="ADC80C8E97DB464CAA5161E4CE7BD519" type="fgc_Constant">ADC80C8E97DB464CAA5161E4CE7BD519</id><is_current>1</is_current><is_released>0</is_released><keyed_name>ADC80C8E97DB464CAA5161E4CE7BD519</keyed_name><locked_by_id is_null="1"/><major_rev>A</major_rev><managed_by_id is_null="1"/><minor_rev is_null="1"/><modified_by_id keyed_name="Innovator Admin" type="User">30B991F927274FA3829655F50C99472E</modified_by_id><modified_on>2015-06-17T07:36:41</modified_on><name>gridSelectorTextColor</name><new_version>1</new_version><not_lockable>0</not_lockable><owned_by_id keyed_name="Innovator Admin" type="Identity">DBA5D86402BF43D5976854B8B48FCDD1</owned_by_id><permission_id keyed_name="Default Access" type="Permission" origPermission="9122CD065CF04141B8EFE263FC80BEA4">9122CD065CF04141B8EFE263FC80BEA4</permission_id><related_id is_null="1"/><sort_order>384</sort_order><source_id keyed_name="Classification PartSearch Results Grid 1" type="fgc_Configuration">E6B10B64AABE4DA7842D34982C8783D7</source_id><state is_null="1"/><team_id is_null="1"/><value xml:lang="en">steelblue</value></Item><Item action="merge" type="fgc_Constant" typeId="C244DA7A70264D8C8980DAC3A9985335" id="B4366FC5F3E14ECABDBD43B9AAC8876C"><behavior>float</behavior><classification is_null="1"/><config_id keyed_name="B4366FC5F3E14ECABDBD43B9AAC8876C" type="fgc_Constant">B4366FC5F3E14ECABDBD43B9AAC8876C</config_id><constant_type>Text</constant_type><created_by_id keyed_name="Innovator Admin" type="User">30B991F927274FA3829655F50C99472E</created_by_id><created_on>2015-06-17T07:36:41</created_on><css is_null="1"/><current_state is_null="1"/><description is_null="1"/><generation>1</generation><grouping is_null="1"/><id keyed_name="B4366FC5F3E14ECABDBD43B9AAC8876C" type="fgc_Constant">B4366FC5F3E14ECABDBD43B9AAC8876C</id><is_current>1</is_current><is_released>0</is_released><keyed_name>B4366FC5F3E14ECABDBD43B9AAC8876C</keyed_name><locked_by_id is_null="1"/><major_rev>A</major_rev><managed_by_id is_null="1"/><minor_rev is_null="1"/><modified_by_id keyed_name="Innovator Admin" type="User">30B991F927274FA3829655F50C99472E</modified_by_id><modified_on>2015-06-17T07:36:41</modified_on><name>varColumnNumberWidth</name><new_version>1</new_version><not_lockable>0</not_lockable><owned_by_id keyed_name="Innovator Admin" type="Identity">DBA5D86402BF43D5976854B8B48FCDD1</owned_by_id><permission_id keyed_name="Default Access" type="Permission" origPermission="9122CD065CF04141B8EFE263FC80BEA4">9122CD065CF04141B8EFE263FC80BEA4</permission_id><related_id is_null="1"/><sort_order>1152</sort_order><source_id keyed_name="Classification PartSearch Results Grid 1" type="fgc_Configuration">E6B10B64AABE4DA7842D34982C8783D7</source_id><state is_null="1"/><team_id is_null="1"/><value xml:lang="en">100</value></Item><Item action="merge" type="fgc_Constant" typeId="C244DA7A70264D8C8980DAC3A9985335" id="BA412585E81F4DADB5123E520302E242"><behavior>float</behavior><classification is_null="1"/><config_id keyed_name="BA412585E81F4DADB5123E520302E242" type="fgc_Constant">BA412585E81F4DADB5123E520302E242</config_id><constant_type>Text</constant_type><created_by_id keyed_name="Innovator Admin" type="User">30B991F927274FA3829655F50C99472E</created_by_id><created_on>2015-06-17T07:36:41</created_on><css is_null="1"/><current_state is_null="1"/><description is_null="1"/><generation>1</generation><grouping is_null="1"/><id keyed_name="BA412585E81F4DADB5123E520302E242" type="fgc_Constant">BA412585E81F4DADB5123E520302E242</id><is_current>1</is_current><is_released>0</is_released><keyed_name>BA412585E81F4DADB5123E520302E242</keyed_name><locked_by_id is_null="1"/><major_rev>A</major_rev><managed_by_id is_null="1"/><minor_rev is_null="1"/><modified_by_id keyed_name="Innovator Admin" type="User">30B991F927274FA3829655F50C99472E</modified_by_id><modified_on>2015-06-17T07:36:41</modified_on><name>gridFont</name><new_version>1</new_version><not_lockable>0</not_lockable><owned_by_id keyed_name="Innovator Admin" type="Identity">DBA5D86402BF43D5976854B8B48FCDD1</owned_by_id><permission_id keyed_name="Default Access" type="Permission" origPermission="9122CD065CF04141B8EFE263FC80BEA4">9122CD065CF04141B8EFE263FC80BEA4</permission_id><related_id is_null="1"/><sort_order>128</sort_order><source_id keyed_name="Classification PartSearch Results Grid 1" type="fgc_Configuration">E6B10B64AABE4DA7842D34982C8783D7</source_id><state is_null="1"/><team_id is_null="1"/><value xml:lang="en">Microsoft Sans Serif-8</value></Item><Item action="merge" type="fgc_Constant" typeId="C244DA7A70264D8C8980DAC3A9985335" id="BECD0F334BA448D8A0E1D748554C7B33"><behavior>float</behavior><classification is_null="1"/><config_id keyed_name="BECD0F334BA448D8A0E1D748554C7B33" type="fgc_Constant">BECD0F334BA448D8A0E1D748554C7B33</config_id><constant_type>Text</constant_type><created_by_id keyed_name="Innovator Admin" type="User">30B991F927274FA3829655F50C99472E</created_by_id><created_on>2015-06-17T07:36:41</created_on><css is_null="1"/><current_state is_null="1"/><description is_null="1"/><generation>1</generation><grouping is_null="1"/><id keyed_name="BECD0F334BA448D8A0E1D748554C7B33" type="fgc_Constant">BECD0F334BA448D8A0E1D748554C7B33</id><is_current>1</is_current><is_released>0</is_released><keyed_name>BECD0F334BA448D8A0E1D748554C7B33</keyed_name><locked_by_id is_null="1"/><major_rev>A</major_rev><managed_by_id is_null="1"/><minor_rev is_null="1"/><modified_by_id keyed_name="Innovator Admin" type="User">30B991F927274FA3829655F50C99472E</modified_by_id><modified_on>2015-06-17T07:36:41</modified_on><name>varColumnDefaultAlign</name><new_version>1</new_version><not_lockable>0</not_lockable><owned_by_id keyed_name="Innovator Admin" type="Identity">DBA5D86402BF43D5976854B8B48FCDD1</owned_by_id><permission_id keyed_name="Default Access" type="Permission" origPermission="9122CD065CF04141B8EFE263FC80BEA4">9122CD065CF04141B8EFE263FC80BEA4</permission_id><related_id is_null="1"/><sort_order>1792</sort_order><source_id keyed_name="Classification PartSearch Results Grid 1" type="fgc_Configuration">E6B10B64AABE4DA7842D34982C8783D7</source_id><state is_null="1"/><team_id is_null="1"/><value xml:lang="en">c</value></Item><Item action="merge" type="fgc_Constant" typeId="C244DA7A70264D8C8980DAC3A9985335" id="DBD9A50CF2204188A86F81F48113F26B"><behavior>float</behavior><classification is_null="1"/><config_id keyed_name="DBD9A50CF2204188A86F81F48113F26B" type="fgc_Constant">DBD9A50CF2204188A86F81F48113F26B</config_id><constant_type>Text</constant_type><created_by_id keyed_name="Innovator Admin" type="User">30B991F927274FA3829655F50C99472E</created_by_id><created_on>2015-06-17T07:36:41</created_on><css is_null="1"/><current_state is_null="1"/><description is_null="1"/><generation>1</generation><grouping is_null="1"/><id keyed_name="DBD9A50CF2204188A86F81F48113F26B" type="fgc_Constant">DBD9A50CF2204188A86F81F48113F26B</id><is_current>1</is_current><is_released>0</is_released><keyed_name>DBD9A50CF2204188A86F81F48113F26B</keyed_name><locked_by_id is_null="1"/><major_rev>A</major_rev><managed_by_id is_null="1"/><minor_rev is_null="1"/><modified_by_id keyed_name="Innovator Admin" type="User">30B991F927274FA3829655F50C99472E</modified_by_id><modified_on>2015-06-17T07:36:41</modified_on><name>varColumnTextAlign</name><new_version>1</new_version><not_lockable>0</not_lockable><owned_by_id keyed_name="Innovator Admin" type="Identity">DBA5D86402BF43D5976854B8B48FCDD1</owned_by_id><permission_id keyed_name="Default Access" type="Permission" origPermission="9122CD065CF04141B8EFE263FC80BEA4">9122CD065CF04141B8EFE263FC80BEA4</permission_id><related_id is_null="1"/><sort_order>1024</sort_order><source_id keyed_name="Classification PartSearch Results Grid 1" type="fgc_Configuration">E6B10B64AABE4DA7842D34982C8783D7</source_id><state is_null="1"/><team_id is_null="1"/><value xml:lang="en">l</value></Item><Item action="merge" type="fgc_Constant" typeId="C244DA7A70264D8C8980DAC3A9985335" id="DD1CA4468C024A8DB863960FB50D4F4D"><behavior>float</behavior><classification is_null="1"/><config_id keyed_name="DD1CA4468C024A8DB863960FB50D4F4D" type="fgc_Constant">DD1CA4468C024A8DB863960FB50D4F4D</config_id><constant_type>Text</constant_type><created_by_id keyed_name="Innovator Admin" type="User">30B991F927274FA3829655F50C99472E</created_by_id><created_on>2015-06-17T07:36:41</created_on><css is_null="1"/><current_state is_null="1"/><description is_null="1"/><generation>1</generation><grouping is_null="1"/><id keyed_name="DD1CA4468C024A8DB863960FB50D4F4D" type="fgc_Constant">DD1CA4468C024A8DB863960FB50D4F4D</id><is_current>1</is_current><is_released>0</is_released><keyed_name>DD1CA4468C024A8DB863960FB50D4F4D</keyed_name><locked_by_id is_null="1"/><major_rev>A</major_rev><managed_by_id is_null="1"/><minor_rev is_null="1"/><modified_by_id keyed_name="Innovator Admin" type="User">30B991F927274FA3829655F50C99472E</modified_by_id><modified_on>2015-06-17T07:36:41</modified_on><name>varColumnNumberAlign</name><new_version>1</new_version><not_lockable>0</not_lockable><owned_by_id keyed_name="Innovator Admin" type="Identity">DBA5D86402BF43D5976854B8B48FCDD1</owned_by_id><permission_id keyed_name="Default Access" type="Permission" origPermission="9122CD065CF04141B8EFE263FC80BEA4">9122CD065CF04141B8EFE263FC80BEA4</permission_id><related_id is_null="1"/><sort_order>1280</sort_order><source_id keyed_name="Classification PartSearch Results Grid 1" type="fgc_Configuration">E6B10B64AABE4DA7842D34982C8783D7</source_id><state is_null="1"/><team_id is_null="1"/><value xml:lang="en">r</value></Item><Item action="merge" type="fgc_Constant" typeId="C244DA7A70264D8C8980DAC3A9985335" id="E8500EA730B54415BBE5507FB11EC058"><behavior>float</behavior><classification is_null="1"/><config_id keyed_name="E8500EA730B54415BBE5507FB11EC058" type="fgc_Constant">E8500EA730B54415BBE5507FB11EC058</config_id><constant_type>Boolean</constant_type><created_by_id keyed_name="Innovator Admin" type="User">30B991F927274FA3829655F50C99472E</created_by_id><created_on>2015-06-17T07:36:41</created_on><css is_null="1"/><current_state is_null="1"/><description is_null="1"/><generation>1</generation><grouping is_null="1"/><id keyed_name="E8500EA730B54415BBE5507FB11EC058" type="fgc_Constant">E8500EA730B54415BBE5507FB11EC058</id><is_current>1</is_current><is_released>0</is_released><keyed_name>E8500EA730B54415BBE5507FB11EC058</keyed_name><locked_by_id is_null="1"/><major_rev>A</major_rev><managed_by_id is_null="1"/><minor_rev is_null="1"/><modified_by_id keyed_name="Innovator Admin" type="User">30B991F927274FA3829655F50C99472E</modified_by_id><modified_on>2015-06-17T07:36:41</modified_on><name>columnsDragable</name><new_version>1</new_version><not_lockable>0</not_lockable><owned_by_id keyed_name="Innovator Admin" type="Identity">DBA5D86402BF43D5976854B8B48FCDD1</owned_by_id><permission_id keyed_name="Default Access" type="Permission" origPermission="9122CD065CF04141B8EFE263FC80BEA4">9122CD065CF04141B8EFE263FC80BEA4</permission_id><related_id is_null="1"/><sort_order>512</sort_order><source_id keyed_name="Classification PartSearch Results Grid 1" type="fgc_Configuration">E6B10B64AABE4DA7842D34982C8783D7</source_id><state is_null="1"/><team_id is_null="1"/><value xml:lang="en">false</value></Item><Item action="merge" type="fgc_Toolbar Element" typeId="42FE71D769E14FC2BFD6964A538E0883" id="1CC4A588A4B542E2AEA52E5313FF9651"><behavior>float</behavior><classification is_null="1"/><config_id keyed_name="button results_execute_search" type="fgc_Toolbar Element">1CC4A588A4B542E2AEA52E5313FF9651</config_id><created_by_id keyed_name="Innovator Admin" type="User">30B991F927274FA3829655F50C99472E</created_by_id><created_on>2015-06-17T07:36:41</created_on><css is_null="1"/><current_state is_null="1"/><element_disabled>0</element_disabled><element_image>../images/ExecuteSearch.svg</element_image><element_label xml:lang="en"></element_label><element_size is_null="1"/><element_style is_null="1"/><element_text xml:lang="en">Search</element_text><element_tooltip>Execute Search</element_tooltip><generation>1</generation><id keyed_name="button results_execute_search" type="fgc_Toolbar Element">1CC4A588A4B542E2AEA52E5313FF9651</id><is_current>1</is_current><is_ignore_element>0</is_ignore_element><is_released>0</is_released><keyed_name>button results_execute_search</keyed_name><locked_by_id is_null="1"/><major_rev>A</major_rev><managed_by_id is_null="1"/><minor_rev is_null="1"/><modified_by_id keyed_name="Innovator Admin" type="User">30B991F927274FA3829655F50C99472E</modified_by_id><modified_on>2015-06-17T07:36:41</modified_on><new_version>1</new_version><not_lockable>0</not_lockable><owned_by_id keyed_name="Innovator Admin" type="Identity">DBA5D86402BF43D5976854B8B48FCDD1</owned_by_id><permission_id keyed_name="Default Access" type="Permission" origPermission="9122CD065CF04141B8EFE263FC80BEA4">9122CD065CF04141B8EFE263FC80BEA4</permission_id><related_id is_null="1"/><sort_order>10</sort_order><source_id keyed_name="Classification PartSearch Results Grid 1" type="fgc_Configuration">E6B10B64AABE4DA7842D34982C8783D7</source_id><state is_null="1"/><team_id is_null="1"/><element_type>button</element_type><element_id>results_execute_search</element_id></Item><Item action="merge" type="fgc_Toolbar Element" typeId="42FE71D769E14FC2BFD6964A538E0883" id="5AF76F8C172449CCABFA33BC6F37F7D6"><behavior>float</behavior><classification is_null="1"/><config_id keyed_name="button results_clear_search" type="fgc_Toolbar Element">5AF76F8C172449CCABFA33BC6F37F7D6</config_id><created_by_id keyed_name="Innovator Admin" type="User">30B991F927274FA3829655F50C99472E</created_by_id><created_on>2015-06-17T07:36:41</created_on><css is_null="1"/><current_state is_null="1"/><element_disabled>0</element_disabled><element_image>../images/ClearSearchCriteria.svg</element_image><element_label is_null="1" xml:lang="en"/><element_size is_null="1"/><element_style is_null="1"/><element_text xml:lang="en">Clear</element_text><element_tooltip>Clear Search Criteria</element_tooltip><generation>1</generation><id keyed_name="button results_clear_search" type="fgc_Toolbar Element">5AF76F8C172449CCABFA33BC6F37F7D6</id><is_current>1</is_current><is_ignore_element>0</is_ignore_element><is_released>0</is_released><keyed_name>button results_clear_search</keyed_name><locked_by_id is_null="1"/><major_rev>A</major_rev><managed_by_id is_null="1"/><minor_rev is_null="1"/><modified_by_id keyed_name="Innovator Admin" type="User">30B991F927274FA3829655F50C99472E</modified_by_id><modified_on>2015-06-17T07:36:41</modified_on><new_version>1</new_version><not_lockable>0</not_lockable><owned_by_id keyed_name="Innovator Admin" type="Identity">DBA5D86402BF43D5976854B8B48FCDD1</owned_by_id><permission_id keyed_name="Default Access" type="Permission" origPermission="9122CD065CF04141B8EFE263FC80BEA4">9122CD065CF04141B8EFE263FC80BEA4</permission_id><related_id is_null="1"/><sort_order>20</sort_order><source_id keyed_name="Classification PartSearch Results Grid 1" type="fgc_Configuration">E6B10B64AABE4DA7842D34982C8783D7</source_id><state is_null="1"/><team_id is_null="1"/><element_type>button</element_type><element_id>results_clear_search</element_id></Item><Item action="merge" type="fgc_Toolbar Element" typeId="42FE71D769E14FC2BFD6964A538E0883" id="FA7539016E944B9E9A3DCEE4E95790D3"><behavior>float</behavior><classification is_null="1"/><config_id keyed_name="separator results_sep1" type="fgc_Toolbar Element">FA7539016E944B9E9A3DCEE4E95790D3</config_id><created_by_id keyed_name="Innovator Admin" type="User">30B991F927274FA3829655F50C99472E</created_by_id><created_on>2015-06-17T07:36:41</created_on><css is_null="1"/><current_state is_null="1"/><element_disabled>0</element_disabled><element_image is_null="1"/><element_label is_null="1" xml:lang="en"/><element_size is_null="1"/><element_style is_null="1"/><element_text is_null="1" xml:lang="en"/><element_tooltip is_null="1"/><generation>1</generation><id keyed_name="separator results_sep1" type="fgc_Toolbar Element">FA7539016E944B9E9A3DCEE4E95790D3</id><is_current>1</is_current><is_ignore_element>0</is_ignore_element><is_released>0</is_released><keyed_name>separator results_sep1</keyed_name><locked_by_id is_null="1"/><major_rev>A</major_rev><managed_by_id is_null="1"/><minor_rev is_null="1"/><modified_by_id keyed_name="Innovator Admin" type="User">30B991F927274FA3829655F50C99472E</modified_by_id><modified_on>2015-06-17T07:36:41</modified_on><new_version>1</new_version><not_lockable>0</not_lockable><owned_by_id keyed_name="Innovator Admin" type="Identity">DBA5D86402BF43D5976854B8B48FCDD1</owned_by_id><permission_id keyed_name="Default Access" type="Permission" origPermission="9122CD065CF04141B8EFE263FC80BEA4">9122CD065CF04141B8EFE263FC80BEA4</permission_id><related_id is_null="1"/><sort_order>25</sort_order><source_id keyed_name="Classification PartSearch Results Grid 1" type="fgc_Configuration">E6B10B64AABE4DA7842D34982C8783D7</source_id><state is_null="1"/><team_id is_null="1"/><element_type>separator</element_type><element_id>results_sep1</element_id></Item><Item action="merge" type="fgc_Toolbar Element" typeId="42FE71D769E14FC2BFD6964A538E0883" id="4E9739CACE424F80B98A2AF45A9C8561"><behavior>float</behavior><classification is_null="1"/><config_id keyed_name="button results_view_item" type="fgc_Toolbar Element">4E9739CACE424F80B98A2AF45A9C8561</config_id><created_by_id keyed_name="Innovator Admin" type="User">30B991F927274FA3829655F50C99472E</created_by_id><created_on>2015-06-17T07:36:41</created_on><css is_null="1"/><current_state is_null="1"/><element_disabled>0</element_disabled><element_image>../images/ViewItem.svg</element_image><element_label xml:lang="en"></element_label><element_size is_null="1"/><element_style is_null="1"/><element_text xml:lang="en">Open Item</element_text><element_tooltip>Open Item</element_tooltip><generation>1</generation><id keyed_name="button results_view_item" type="fgc_Toolbar Element">4E9739CACE424F80B98A2AF45A9C8561</id><is_current>1</is_current><is_ignore_element>0</is_ignore_element><is_released>0</is_released><keyed_name>button results_view_item</keyed_name><locked_by_id is_null="1"/><major_rev>A</major_rev><managed_by_id is_null="1"/><minor_rev is_null="1"/><modified_by_id keyed_name="Innovator Admin" type="User">30B991F927274FA3829655F50C99472E</modified_by_id><modified_on>2015-06-17T07:36:41</modified_on><new_version>1</new_version><not_lockable>0</not_lockable><owned_by_id keyed_name="Innovator Admin" type="Identity">DBA5D86402BF43D5976854B8B48FCDD1</owned_by_id><permission_id keyed_name="Default Access" type="Permission" origPermission="9122CD065CF04141B8EFE263FC80BEA4">9122CD065CF04141B8EFE263FC80BEA4</permission_id><related_id is_null="1"/><sort_order>33</sort_order><source_id keyed_name="Classification PartSearch Results Grid 1" type="fgc_Configuration">E6B10B64AABE4DA7842D34982C8783D7</source_id><state is_null="1"/><team_id is_null="1"/><element_type>button</element_type><element_id>results_view_item</element_id></Item><Item action="merge" type="fgc_Toolbar Element" typeId="42FE71D769E14FC2BFD6964A538E0883" id="E691F3199FED4640A168858D73718E77"><behavior>float</behavior><classification is_null="1"/><config_id keyed_name="separator results_sep2" type="fgc_Toolbar Element">E691F3199FED4640A168858D73718E77</config_id><created_by_id keyed_name="Innovator Admin" type="User">30B991F927274FA3829655F50C99472E</created_by_id><created_on>2015-06-17T07:36:41</created_on><css is_null="1"/><current_state is_null="1"/><element_disabled>0</element_disabled><element_image is_null="1"/><element_label is_null="1" xml:lang="en"/><element_size is_null="1"/><element_style is_null="1"/><element_text is_null="1" xml:lang="en"/><element_tooltip is_null="1"/><generation>1</generation><id keyed_name="separator results_sep2" type="fgc_Toolbar Element">E691F3199FED4640A168858D73718E77</id><is_current>1</is_current><is_ignore_element>0</is_ignore_element><is_released>0</is_released><keyed_name>separator results_sep2</keyed_name><locked_by_id is_null="1"/><major_rev>A</major_rev><managed_by_id is_null="1"/><minor_rev is_null="1"/><modified_by_id keyed_name="Innovator Admin" type="User">30B991F927274FA3829655F50C99472E</modified_by_id><modified_on>2015-06-17T07:36:41</modified_on><new_version>1</new_version><not_lockable>0</not_lockable><owned_by_id keyed_name="Innovator Admin" type="Identity">DBA5D86402BF43D5976854B8B48FCDD1</owned_by_id><permission_id keyed_name="Default Access" type="Permission" origPermission="9122CD065CF04141B8EFE263FC80BEA4">9122CD065CF04141B8EFE263FC80BEA4</permission_id><related_id is_null="1"/><sort_order>35</sort_order><source_id keyed_name="Classification PartSearch Results Grid 1" type="fgc_Configuration">E6B10B64AABE4DA7842D34982C8783D7</source_id><state is_null="1"/><team_id is_null="1"/><element_type>separator</element_type><element_id>results_sep2</element_id></Item><Item action="merge" type="fgc_Toolbar Element" typeId="42FE71D769E14FC2BFD6964A538E0883" id="BF6E73AC1BB94543A8675FD1AD9BD946"><behavior>float</behavior><classification is_null="1"/><config_id keyed_name="choice results_match_class" type="fgc_Toolbar Element">BF6E73AC1BB94543A8675FD1AD9BD946</config_id><created_by_id keyed_name="Innovator Admin" type="User">30B991F927274FA3829655F50C99472E</created_by_id><created_on>2015-06-17T07:36:41</created_on><css is_null="1"/><current_state is_null="1"/><element_disabled>0</element_disabled><element_image is_null="1"/><element_label xml:lang="en">Parts match selected Class:</element_label><element_size is_null="1"/><element_style is_null="1"/><element_text xml:lang="en"></element_text><element_tooltip>Parts match Class</element_tooltip><generation>1</generation><id keyed_name="choice results_match_class" type="fgc_Toolbar Element">BF6E73AC1BB94543A8675FD1AD9BD946</id><is_current>1</is_current><is_ignore_element>0</is_ignore_element><is_released>0</is_released><keyed_name>choice results_match_class</keyed_name><locked_by_id is_null="1"/><major_rev>A</major_rev><managed_by_id is_null="1"/><minor_rev is_null="1"/><modified_by_id keyed_name="Innovator Admin" type="User">30B991F927274FA3829655F50C99472E</modified_by_id><modified_on>2015-06-17T07:36:41</modified_on><new_version>1</new_version><not_lockable>0</not_lockable><owned_by_id keyed_name="Innovator Admin" type="Identity">DBA5D86402BF43D5976854B8B48FCDD1</owned_by_id><permission_id keyed_name="Default Access" type="Permission" origPermission="9122CD065CF04141B8EFE263FC80BEA4">9122CD065CF04141B8EFE263FC80BEA4</permission_id><related_id is_null="1"/><sort_order>40</sort_order><source_id keyed_name="Classification PartSearch Results Grid 1" type="fgc_Configuration">E6B10B64AABE4DA7842D34982C8783D7</source_id><state is_null="1"/><team_id is_null="1"/><element_type>choice</element_type><element_id>results_match_class</element_id><Relationships><Item action="merge" type="fgc_Toolbar Element Choice" typeId="EFB60354D53E4324A4CB0F3C348576EC" id="AC443EE9B67044369DCE3766EC12E825"><behavior>float</behavior><choice_text_value xml:lang="en">No</choice_text_value><classification is_null="1"/><config_id keyed_name="reults_match_class_no" type="fgc_Toolbar Element Choice">AC443EE9B67044369DCE3766EC12E825</config_id><created_by_id keyed_name="Innovator Admin" type="User">30B991F927274FA3829655F50C99472E</created_by_id><created_on>2015-06-17T07:36:41</created_on><css is_null="1"/><current_state is_null="1"/><generation>1</generation><id keyed_name="reults_match_class_no" type="fgc_Toolbar Element Choice">AC443EE9B67044369DCE3766EC12E825</id><is_current>1</is_current><is_released>0</is_released><keyed_name>reults_match_class_no</keyed_name><locked_by_id is_null="1"/><major_rev>A</major_rev><managed_by_id is_null="1"/><minor_rev is_null="1"/><modified_by_id keyed_name="Innovator Admin" type="User">30B991F927274FA3829655F50C99472E</modified_by_id><modified_on>2015-06-17T07:36:41</modified_on><new_version>1</new_version><not_lockable>0</not_lockable><owned_by_id keyed_name="Innovator Admin" type="Identity">DBA5D86402BF43D5976854B8B48FCDD1</owned_by_id><permission_id keyed_name="Default Access" type="Permission" origPermission="9122CD065CF04141B8EFE263FC80BEA4">9122CD065CF04141B8EFE263FC80BEA4</permission_id><related_id is_null="1"/><sort_order>10</sort_order><source_id keyed_name="choice results_match_class" type="fgc_Toolbar Element">BF6E73AC1BB94543A8675FD1AD9BD946</source_id><state is_null="1"/><team_id is_null="1"/><choice_id>reults_match_class_no</choice_id></Item><Item action="merge" type="fgc_Toolbar Element Choice" typeId="EFB60354D53E4324A4CB0F3C348576EC" id="B9CB7AC885C542F5A7855B1CA383D309"><behavior>float</behavior><choice_text_value xml:lang="en">Yes</choice_text_value><classification is_null="1"/><config_id keyed_name="reults_match_class_yes" type="fgc_Toolbar Element Choice">B9CB7AC885C542F5A7855B1CA383D309</config_id><created_by_id keyed_name="Innovator Admin" type="User">30B991F927274FA3829655F50C99472E</created_by_id><created_on>2015-06-17T07:36:41</created_on><css is_null="1"/><current_state is_null="1"/><generation>1</generation><id keyed_name="reults_match_class_yes" type="fgc_Toolbar Element Choice">B9CB7AC885C542F5A7855B1CA383D309</id><is_current>1</is_current><is_released>0</is_released><keyed_name>reults_match_class_yes</keyed_name><locked_by_id is_null="1"/><major_rev>A</major_rev><managed_by_id is_null="1"/><minor_rev is_null="1"/><modified_by_id keyed_name="Innovator Admin" type="User">30B991F927274FA3829655F50C99472E</modified_by_id><modified_on>2015-06-17T07:36:41</modified_on><new_version>1</new_version><not_lockable>0</not_lockable><owned_by_id keyed_name="Innovator Admin" type="Identity">DBA5D86402BF43D5976854B8B48FCDD1</owned_by_id><permission_id keyed_name="Default Access" type="Permission" origPermission="9122CD065CF04141B8EFE263FC80BEA4">9122CD065CF04141B8EFE263FC80BEA4</permission_id><related_id is_null="1"/><sort_order>20</sort_order><source_id keyed_name="choice results_match_class" type="fgc_Toolbar Element">BF6E73AC1BB94543A8675FD1AD9BD946</source_id><state is_null="1"/><team_id is_null="1"/><choice_id>reults_match_class_yes</choice_id></Item></Relationships></Item><Item action="merge" type="fgc_ColumnDef" typeId="D65D72A88C05433F81585B2AA4B176B4" id="B2DB55D4009B481883D42D9A40735BB7"><behavior>float</behavior><classification is_null="1"/><col_align>c</col_align><col_edit_type>NOEDIT</col_edit_type><col_filter_edit_type>NOEDIT</col_filter_edit_type><col_heading_align>c</col_heading_align><col_heading_label xml:lang="en">.</col_heading_label><col_width>30</col_width><config_id keyed_name="ICON" type="fgc_ColumnDef">B2DB55D4009B481883D42D9A40735BB7</config_id><created_by_id keyed_name="Innovator Admin" type="User">30B991F927274FA3829655F50C99472E</created_by_id><created_on>2015-06-17T07:36:41</created_on><css is_null="1"/><current_state is_null="1"/><generation>1</generation><id keyed_name="ICON" type="fgc_ColumnDef">B2DB55D4009B481883D42D9A40735BB7</id><is_current>1</is_current><is_lock_column>0</is_lock_column><is_released>0</is_released><keyed_name>ICON</keyed_name><locked_by_id is_null="1"/><major_rev>A</major_rev><managed_by_id is_null="1"/><minor_rev is_null="1"/><modified_by_id keyed_name="Innovator Admin" type="User">30B991F927274FA3829655F50C99472E</modified_by_id><modified_on>2015-06-17T07:36:41</modified_on><new_version>1</new_version><not_lockable>0</not_lockable><owned_by_id keyed_name="Innovator Admin" type="Identity">DBA5D86402BF43D5976854B8B48FCDD1</owned_by_id><permission_id keyed_name="Default Access" type="Permission" origPermission="9122CD065CF04141B8EFE263FC80BEA4">9122CD065CF04141B8EFE263FC80BEA4</permission_id><related_id is_null="1"/><sort_order>10</sort_order><source_id keyed_name="Classification PartSearch Results Grid 1" type="fgc_Configuration">E6B10B64AABE4DA7842D34982C8783D7</source_id><state is_null="1"/><team_id is_null="1"/><col_name>ICON</col_name></Item><Item action="merge" type="fgc_ColumnDef" typeId="D65D72A88C05433F81585B2AA4B176B4" id="7ABA2AE6D2E84D62BA0C7923B1E57B07"><behavior>float</behavior><classification is_null="1"/><col_align>l</col_align><col_edit_type>NOEDIT</col_edit_type><col_filter_edit_type>NOEDIT</col_filter_edit_type><col_heading_align>c</col_heading_align><col_heading_label xml:lang="en">Number</col_heading_label><col_width>120</col_width><config_id keyed_name="NUM" type="fgc_ColumnDef">7ABA2AE6D2E84D62BA0C7923B1E57B07</config_id><created_by_id keyed_name="Innovator Admin" type="User">30B991F927274FA3829655F50C99472E</created_by_id><created_on>2015-06-17T07:36:41</created_on><css is_null="1"/><current_state is_null="1"/><generation>1</generation><id keyed_name="NUM" type="fgc_ColumnDef">7ABA2AE6D2E84D62BA0C7923B1E57B07</id><is_current>1</is_current><is_lock_column>0</is_lock_column><is_released>0</is_released><keyed_name>NUM</keyed_name><locked_by_id is_null="1"/><major_rev>A</major_rev><managed_by_id is_null="1"/><minor_rev is_null="1"/><modified_by_id keyed_name="Innovator Admin" type="User">30B991F927274FA3829655F50C99472E</modified_by_id><modified_on>2015-06-17T07:36:41</modified_on><new_version>1</new_version><not_lockable>0</not_lockable><owned_by_id keyed_name="Innovator Admin" type="Identity">DBA5D86402BF43D5976854B8B48FCDD1</owned_by_id><permission_id keyed_name="Default Access" type="Permission" origPermission="9122CD065CF04141B8EFE263FC80BEA4">9122CD065CF04141B8EFE263FC80BEA4</permission_id><related_id is_null="1"/><sort_order>20</sort_order><source_id keyed_name="Classification PartSearch Results Grid 1" type="fgc_Configuration">E6B10B64AABE4DA7842D34982C8783D7</source_id><state is_null="1"/><team_id is_null="1"/><col_name>NUM</col_name></Item><Item action="merge" type="fgc_ColumnDef" typeId="D65D72A88C05433F81585B2AA4B176B4" id="614E72C367D441759D736FD8ABD25E26"><behavior>float</behavior><classification is_null="1"/><col_align>l</col_align><col_edit_type>NOEDIT</col_edit_type><col_filter_edit_type>NOEDIT</col_filter_edit_type><col_heading_align>c</col_heading_align><col_heading_label xml:lang="en">Name</col_heading_label><col_width>200</col_width><config_id keyed_name="NAME" type="fgc_ColumnDef">614E72C367D441759D736FD8ABD25E26</config_id><created_by_id keyed_name="Innovator Admin" type="User">30B991F927274FA3829655F50C99472E</created_by_id><created_on>2015-06-17T07:36:41</created_on><css is_null="1"/><current_state is_null="1"/><generation>1</generation><id keyed_name="NAME" type="fgc_ColumnDef">614E72C367D441759D736FD8ABD25E26</id><is_current>1</is_current><is_lock_column>0</is_lock_column><is_released>0</is_released><keyed_name>NAME</keyed_name><locked_by_id is_null="1"/><major_rev>A</major_rev><managed_by_id is_null="1"/><minor_rev is_null="1"/><modified_by_id keyed_name="Innovator Admin" type="User">30B991F927274FA3829655F50C99472E</modified_by_id><modified_on>2015-06-17T07:36:41</modified_on><new_version>1</new_version><not_lockable>0</not_lockable><owned_by_id keyed_name="Innovator Admin" type="Identity">DBA5D86402BF43D5976854B8B48FCDD1</owned_by_id><permission_id keyed_name="Default Access" type="Permission" origPermission="9122CD065CF04141B8EFE263FC80BEA4">9122CD065CF04141B8EFE263FC80BEA4</permission_id><related_id is_null="1"/><sort_order>25</sort_order><source_id keyed_name="Classification PartSearch Results Grid 1" type="fgc_Configuration">E6B10B64AABE4DA7842D34982C8783D7</source_id><state is_null="1"/><team_id is_null="1"/><col_name>NAME</col_name></Item><Item action="merge" type="fgc_ColumnDef" typeId="D65D72A88C05433F81585B2AA4B176B4" id="CF93FAAF6FC34021BE57D0BF82325CAD"><behavior>float</behavior><classification is_null="1"/><col_align>c</col_align><col_edit_type>NOEDIT</col_edit_type><col_filter_edit_type>NOEDIT</col_filter_edit_type><col_heading_align>c</col_heading_align><col_heading_label xml:lang="en">Rev</col_heading_label><col_width>40</col_width><config_id keyed_name="REV" type="fgc_ColumnDef">CF93FAAF6FC34021BE57D0BF82325CAD</config_id><created_by_id keyed_name="Innovator Admin" type="User">30B991F927274FA3829655F50C99472E</created_by_id><created_on>2015-06-17T07:36:41</created_on><css is_null="1"/><current_state is_null="1"/><generation>1</generation><id keyed_name="REV" type="fgc_ColumnDef">CF93FAAF6FC34021BE57D0BF82325CAD</id><is_current>1</is_current><is_lock_column>0</is_lock_column><is_released>0</is_released><keyed_name>REV</keyed_name><locked_by_id is_null="1"/><major_rev>A</major_rev><managed_by_id is_null="1"/><minor_rev is_null="1"/><modified_by_id keyed_name="Innovator Admin" type="User">30B991F927274FA3829655F50C99472E</modified_by_id><modified_on>2015-06-17T07:36:41</modified_on><new_version>1</new_version><not_lockable>0</not_lockable><owned_by_id keyed_name="Innovator Admin" type="Identity">DBA5D86402BF43D5976854B8B48FCDD1</owned_by_id><permission_id keyed_name="Default Access" type="Permission" origPermission="9122CD065CF04141B8EFE263FC80BEA4">9122CD065CF04141B8EFE263FC80BEA4</permission_id><related_id is_null="1"/><sort_order>28</sort_order><source_id keyed_name="Classification PartSearch Results Grid 1" type="fgc_Configuration">E6B10B64AABE4DA7842D34982C8783D7</source_id><state is_null="1"/><team_id is_null="1"/><col_name>REV</col_name></Item><Item action="merge" type="fgc_ColumnDef" typeId="D65D72A88C05433F81585B2AA4B176B4" id="ACC44EDEE50D4BEFAE08B7D55721B021"><behavior>float</behavior><classification is_null="1"/><col_align>c</col_align><col_edit_type>NOEDIT</col_edit_type><col_filter_edit_type>NOEDIT</col_filter_edit_type><col_heading_align>c</col_heading_align><col_heading_label xml:lang="en">Gen</col_heading_label><col_width>40</col_width><config_id keyed_name="GEN" type="fgc_ColumnDef">ACC44EDEE50D4BEFAE08B7D55721B021</config_id><created_by_id keyed_name="Innovator Admin" type="User">30B991F927274FA3829655F50C99472E</created_by_id><created_on>2015-06-17T07:36:41</created_on><css is_null="1"/><current_state is_null="1"/><generation>1</generation><id keyed_name="GEN" type="fgc_ColumnDef">ACC44EDEE50D4BEFAE08B7D55721B021</id><is_current>1</is_current><is_lock_column>0</is_lock_column><is_released>0</is_released><keyed_name>GEN</keyed_name><locked_by_id is_null="1"/><major_rev>A</major_rev><managed_by_id is_null="1"/><minor_rev is_null="1"/><modified_by_id keyed_name="Innovator Admin" type="User">30B991F927274FA3829655F50C99472E</modified_by_id><modified_on>2015-06-17T07:36:41</modified_on><new_version>1</new_version><not_lockable>0</not_lockable><owned_by_id keyed_name="Innovator Admin" type="Identity">DBA5D86402BF43D5976854B8B48FCDD1</owned_by_id><permission_id keyed_name="Default Access" type="Permission" origPermission="9122CD065CF04141B8EFE263FC80BEA4">9122CD065CF04141B8EFE263FC80BEA4</permission_id><related_id is_null="1"/><sort_order>30</sort_order><source_id keyed_name="Classification PartSearch Results Grid 1" type="fgc_Configuration">E6B10B64AABE4DA7842D34982C8783D7</source_id><state is_null="1"/><team_id is_null="1"/><col_name>GEN</col_name></Item><Item action="merge" type="fgc_ColumnDef" typeId="D65D72A88C05433F81585B2AA4B176B4" id="B595FC4CE64447AA96BC464C58E9869C"><behavior>float</behavior><classification is_null="1"/><col_align>l</col_align><col_edit_type>NOEDIT</col_edit_type><col_filter_edit_type>NOEDIT</col_filter_edit_type><col_heading_align>c</col_heading_align><col_heading_label xml:lang="en">Status</col_heading_label><col_width>100</col_width><config_id keyed_name="STATUS" type="fgc_ColumnDef">B595FC4CE64447AA96BC464C58E9869C</config_id><created_by_id keyed_name="Innovator Admin" type="User">30B991F927274FA3829655F50C99472E</created_by_id><created_on>2015-06-17T07:36:41</created_on><css is_null="1"/><current_state is_null="1"/><generation>1</generation><id keyed_name="STATUS" type="fgc_ColumnDef">B595FC4CE64447AA96BC464C58E9869C</id><is_current>1</is_current><is_lock_column>0</is_lock_column><is_released>0</is_released><keyed_name>STATUS</keyed_name><locked_by_id is_null="1"/><major_rev>A</major_rev><managed_by_id is_null="1"/><minor_rev is_null="1"/><modified_by_id keyed_name="Innovator Admin" type="User">30B991F927274FA3829655F50C99472E</modified_by_id><modified_on>2015-06-17T07:36:41</modified_on><new_version>1</new_version><not_lockable>0</not_lockable><owned_by_id keyed_name="Innovator Admin" type="Identity">DBA5D86402BF43D5976854B8B48FCDD1</owned_by_id><permission_id keyed_name="Default Access" type="Permission" origPermission="9122CD065CF04141B8EFE263FC80BEA4">9122CD065CF04141B8EFE263FC80BEA4</permission_id><related_id is_null="1"/><sort_order>40</sort_order><source_id keyed_name="Classification PartSearch Results Grid 1" type="fgc_Configuration">E6B10B64AABE4DA7842D34982C8783D7</source_id><state is_null="1"/><team_id is_null="1"/><col_name>STATUS</col_name></Item><Item action="merge" type="fgc_ColumnDef" typeId="D65D72A88C05433F81585B2AA4B176B4" id="6439C86945A4486ABF0C20452B9E8CC6"><behavior>float</behavior><classification is_null="1"/><col_align>c</col_align><col_edit_type>NOEDIT</col_edit_type><col_filter_edit_type>NOEDIT</col_filter_edit_type><col_heading_align>c</col_heading_align><col_heading_label xml:lang="en">Lck</col_heading_label><col_width>25</col_width><config_id keyed_name="LOCK" type="fgc_ColumnDef">6439C86945A4486ABF0C20452B9E8CC6</config_id><created_by_id keyed_name="Innovator Admin" type="User">30B991F927274FA3829655F50C99472E</created_by_id><created_on>2015-06-17T07:36:42</created_on><css is_null="1"/><current_state is_null="1"/><generation>1</generation><id keyed_name="LOCK" type="fgc_ColumnDef">6439C86945A4486ABF0C20452B9E8CC6</id><is_current>1</is_current><is_lock_column>1</is_lock_column><is_released>0</is_released><keyed_name>LOCK</keyed_name><locked_by_id is_null="1"/><major_rev>A</major_rev><managed_by_id is_null="1"/><minor_rev is_null="1"/><modified_by_id keyed_name="Innovator Admin" type="User">30B991F927274FA3829655F50C99472E</modified_by_id><modified_on>2015-06-17T07:36:42</modified_on><new_version>1</new_version><not_lockable>0</not_lockable><owned_by_id keyed_name="Innovator Admin" type="Identity">DBA5D86402BF43D5976854B8B48FCDD1</owned_by_id><permission_id keyed_name="Default Access" type="Permission" origPermission="9122CD065CF04141B8EFE263FC80BEA4">9122CD065CF04141B8EFE263FC80BEA4</permission_id><related_id is_null="1"/><sort_order>50</sort_order><source_id keyed_name="Classification PartSearch Results Grid 1" type="fgc_Configuration">E6B10B64AABE4DA7842D34982C8783D7</source_id><state is_null="1"/><team_id is_null="1"/><col_name>LOCK</col_name></Item><Item action="merge" type="fgc_MenuAction" typeId="02F1625D84CF445B84601C2A7E55BCD4" id="B9997CEDDBB941F9B7CD900D179DE979"><behavior>float</behavior><classification is_null="1"/><config_id keyed_name="B9997CEDDBB941F9B7CD900D179DE979" type="fgc_MenuAction">B9997CEDDBB941F9B7CD900D179DE979</config_id><created_by_id keyed_name="Innovator Admin" type="User">30B991F927274FA3829655F50C99472E</created_by_id><created_on>2015-06-17T07:36:42</created_on><css is_null="1"/><current_state is_null="1"/><execute_this_action is_null="1"/><generation>1</generation><id keyed_name="B9997CEDDBB941F9B7CD900D179DE979" type="fgc_MenuAction">B9997CEDDBB941F9B7CD900D179DE979</id><if_effectivity_mode is_null="1"/><if_grid_is_editable is_null="1"/><if_is_owner_manager_of_row_item is_null="1"/><if_is_owner_of_context_item is_null="1"/><if_is_owner_of_row_item is_null="1"/><if_row_item_is_current is_null="1"/><if_row_item_is_locked is_null="1"/><if_row_item_is_released is_null="1"/><if_started_from_tab is_null="1"/><is_current>1</is_current><is_disabled>0</is_disabled><is_released>0</is_released><is_separator>0</is_separator><keyed_name>B9997CEDDBB941F9B7CD900D179DE979</keyed_name><label xml:lang="en">View Item</label><locked_by_id is_null="1"/><major_rev>A</major_rev><managed_by_id is_null="1"/><minor_rev is_null="1"/><modified_by_id keyed_name="Innovator Admin" type="User">30B991F927274FA3829655F50C99472E</modified_by_id><modified_on>2015-06-17T07:36:42</modified_on><name>view_item</name><new_version>1</new_version><not_lockable>0</not_lockable><owned_by_id keyed_name="Innovator Admin" type="Identity">DBA5D86402BF43D5976854B8B48FCDD1</owned_by_id><permission_id keyed_name="Default Access" type="Permission" origPermission="9122CD065CF04141B8EFE263FC80BEA4">9122CD065CF04141B8EFE263FC80BEA4</permission_id><related_id is_null="1"/><sort_order>10</sort_order><source_id keyed_name="Classification PartSearch Results Grid 1" type="fgc_Configuration">E6B10B64AABE4DA7842D34982C8783D7</source_id><state is_null="1"/><team_id is_null="1"/></Item><Item action="merge" type="fgc_MenuAction" typeId="02F1625D84CF445B84601C2A7E55BCD4" id="B1D7E9502A334C229D8D168000F68DA5"><behavior>float</behavior><classification is_null="1"/><config_id keyed_name="B1D7E9502A334C229D8D168000F68DA5" type="fgc_MenuAction">B1D7E9502A334C229D8D168000F68DA5</config_id><created_by_id keyed_name="Innovator Admin" type="User">30B991F927274FA3829655F50C99472E</created_by_id><created_on>2015-06-17T07:36:42</created_on><css is_null="1"/><current_state is_null="1"/><execute_this_action is_null="1"/><generation>1</generation><id keyed_name="B1D7E9502A334C229D8D168000F68DA5" type="fgc_MenuAction">B1D7E9502A334C229D8D168000F68DA5</id><if_effectivity_mode is_null="1"/><if_grid_is_editable is_null="1"/><if_is_owner_manager_of_row_item is_null="1"/><if_is_owner_of_context_item is_null="1"/><if_is_owner_of_row_item is_null="1"/><if_row_item_is_current is_null="1"/><if_row_item_is_locked is_null="1"/><if_row_item_is_released is_null="1"/><if_started_from_tab is_null="1"/><is_current>1</is_current><is_disabled>0</is_disabled><is_released>0</is_released><is_separator>1</is_separator><keyed_name>B1D7E9502A334C229D8D168000F68DA5</keyed_name><label is_null="1" xml:lang="en"/><locked_by_id is_null="1"/><major_rev>A</major_rev><managed_by_id is_null="1"/><minor_rev is_null="1"/><modified_by_id keyed_name="Innovator Admin" type="User">30B991F927274FA3829655F50C99472E</modified_by_id><modified_on>2015-06-17T07:36:42</modified_on><name>sep1</name><new_version>1</new_version><not_lockable>0</not_lockable><owned_by_id keyed_name="Innovator Admin" type="Identity">DBA5D86402BF43D5976854B8B48FCDD1</owned_by_id><permission_id keyed_name="Default Access" type="Permission" origPermission="9122CD065CF04141B8EFE263FC80BEA4">9122CD065CF04141B8EFE263FC80BEA4</permission_id><related_id is_null="1"/><sort_order>15</sort_order><source_id keyed_name="Classification PartSearch Results Grid 1" type="fgc_Configuration">E6B10B64AABE4DA7842D34982C8783D7</source_id><state is_null="1"/><team_id is_null="1"/></Item><Item action="merge" type="fgc_MenuAction" typeId="02F1625D84CF445B84601C2A7E55BCD4" id="87BAE861631549AC9DD07055D4AB7B75"><behavior>float</behavior><classification is_null="1"/><config_id keyed_name="87BAE861631549AC9DD07055D4AB7B75" type="fgc_MenuAction">87BAE861631549AC9DD07055D4AB7B75</config_id><created_by_id keyed_name="Innovator Admin" type="User">30B991F927274FA3829655F50C99472E</created_by_id><created_on>2015-06-17T07:36:42</created_on><css is_null="1"/><current_state is_null="1"/><execute_this_action is_null="1"/><generation>1</generation><id keyed_name="87BAE861631549AC9DD07055D4AB7B75" type="fgc_MenuAction">87BAE861631549AC9DD07055D4AB7B75</id><if_effectivity_mode is_null="1"/><if_grid_is_editable is_null="1"/><if_is_owner_manager_of_row_item is_null="1"/><if_is_owner_of_context_item is_null="1"/><if_is_owner_of_row_item is_null="1"/><if_row_item_is_current is_null="1"/><if_row_item_is_locked>false</if_row_item_is_locked><if_row_item_is_released is_null="1"/><if_started_from_tab is_null="1"/><is_current>1</is_current><is_disabled>0</is_disabled><is_released>0</is_released><is_separator>0</is_separator><keyed_name>87BAE861631549AC9DD07055D4AB7B75</keyed_name><label xml:lang="en">Lock</label><locked_by_id is_null="1"/><major_rev>A</major_rev><managed_by_id is_null="1"/><minor_rev is_null="1"/><modified_by_id keyed_name="Innovator Admin" type="User">30B991F927274FA3829655F50C99472E</modified_by_id><modified_on>2015-06-17T07:36:42</modified_on><name>lock</name><new_version>1</new_version><not_lockable>0</not_lockable><owned_by_id keyed_name="Innovator Admin" type="Identity">DBA5D86402BF43D5976854B8B48FCDD1</owned_by_id><permission_id keyed_name="Default Access" type="Permission" origPermission="9122CD065CF04141B8EFE263FC80BEA4">9122CD065CF04141B8EFE263FC80BEA4</permission_id><related_id is_null="1"/><sort_order>20</sort_order><source_id keyed_name="Classification PartSearch Results Grid 1" type="fgc_Configuration">E6B10B64AABE4DA7842D34982C8783D7</source_id><state is_null="1"/><team_id is_null="1"/></Item><Item action="merge" type="fgc_MenuAction" typeId="02F1625D84CF445B84601C2A7E55BCD4" id="FFCE902F8F2F4D12B75F67BF2164BBCE"><behavior>float</behavior><classification is_null="1"/><config_id keyed_name="FFCE902F8F2F4D12B75F67BF2164BBCE" type="fgc_MenuAction">FFCE902F8F2F4D12B75F67BF2164BBCE</config_id><created_by_id keyed_name="Innovator Admin" type="User">30B991F927274FA3829655F50C99472E</created_by_id><created_on>2015-06-17T07:36:42</created_on><css is_null="1"/><current_state is_null="1"/><execute_this_action is_null="1"/><generation>1</generation><id keyed_name="FFCE902F8F2F4D12B75F67BF2164BBCE" type="fgc_MenuAction">FFCE902F8F2F4D12B75F67BF2164BBCE</id><if_effectivity_mode is_null="1"/><if_grid_is_editable is_null="1"/><if_is_owner_manager_of_row_item is_null="1"/><if_is_owner_of_context_item is_null="1"/><if_is_owner_of_row_item is_null="1"/><if_row_item_is_current is_null="1"/><if_row_item_is_locked>true</if_row_item_is_locked><if_row_item_is_released is_null="1"/><if_started_from_tab is_null="1"/><is_current>1</is_current><is_disabled>0</is_disabled><is_released>0</is_released><is_separator>0</is_separator><keyed_name>FFCE902F8F2F4D12B75F67BF2164BBCE</keyed_name><label xml:lang="en">Unlock</label><locked_by_id is_null="1"/><major_rev>A</major_rev><managed_by_id is_null="1"/><minor_rev is_null="1"/><modified_by_id keyed_name="Innovator Admin" type="User">30B991F927274FA3829655F50C99472E</modified_by_id><modified_on>2015-06-17T07:36:42</modified_on><name>unlock</name><new_version>1</new_version><not_lockable>0</not_lockable><owned_by_id keyed_name="Innovator Admin" type="Identity">DBA5D86402BF43D5976854B8B48FCDD1</owned_by_id><permission_id keyed_name="Default Access" type="Permission" origPermission="9122CD065CF04141B8EFE263FC80BEA4">9122CD065CF04141B8EFE263FC80BEA4</permission_id><related_id is_null="1"/><sort_order>30</sort_order><source_id keyed_name="Classification PartSearch Results Grid 1" type="fgc_Configuration">E6B10B64AABE4DA7842D34982C8783D7</source_id><state is_null="1"/><team_id is_null="1"/></Item><Item action="merge" type="fgc_MenuAction" typeId="02F1625D84CF445B84601C2A7E55BCD4" id="4E00F9B9F3194992A54F935ACE825E60"><behavior>float</behavior><classification is_null="1"/><config_id keyed_name="4E00F9B9F3194992A54F935ACE825E60" type="fgc_MenuAction">4E00F9B9F3194992A54F935ACE825E60</config_id><created_by_id keyed_name="Innovator Admin" type="User">30B991F927274FA3829655F50C99472E</created_by_id><created_on>2015-06-17T07:36:42</created_on><css is_null="1"/><current_state is_null="1"/><execute_this_action is_null="1"/><generation>1</generation><id keyed_name="4E00F9B9F3194992A54F935ACE825E60" type="fgc_MenuAction">4E00F9B9F3194992A54F935ACE825E60</id><if_effectivity_mode is_null="1"/><if_grid_is_editable is_null="1"/><if_is_owner_manager_of_row_item is_null="1"/><if_is_owner_of_context_item is_null="1"/><if_is_owner_of_row_item is_null="1"/><if_row_item_is_current is_null="1"/><if_row_item_is_locked is_null="1"/><if_row_item_is_released is_null="1"/><if_started_from_tab is_null="1"/><is_current>1</is_current><is_disabled>0</is_disabled><is_released>0</is_released><is_separator>1</is_separator><keyed_name>4E00F9B9F3194992A54F935ACE825E60</keyed_name><label is_null="1" xml:lang="en"/><locked_by_id is_null="1"/><major_rev>A</major_rev><managed_by_id is_null="1"/><minor_rev is_null="1"/><modified_by_id keyed_name="Innovator Admin" type="User">30B991F927274FA3829655F50C99472E</modified_by_id><modified_on>2015-06-17T07:36:42</modified_on><name>sep2</name><new_version>1</new_version><not_lockable>0</not_lockable><owned_by_id keyed_name="Innovator Admin" type="Identity">DBA5D86402BF43D5976854B8B48FCDD1</owned_by_id><permission_id keyed_name="Default Access" type="Permission" origPermission="9122CD065CF04141B8EFE263FC80BEA4">9122CD065CF04141B8EFE263FC80BEA4</permission_id><related_id is_null="1"/><sort_order>35</sort_order><source_id keyed_name="Classification PartSearch Results Grid 1" type="fgc_Configuration">E6B10B64AABE4DA7842D34982C8783D7</source_id><state is_null="1"/><team_id is_null="1"/></Item><Item action="merge" type="fgc_MenuAction" typeId="02F1625D84CF445B84601C2A7E55BCD4" id="A62378BB72CF4E9F8EF4514223E798E0"><behavior>float</behavior><classification is_null="1"/><config_id keyed_name="A62378BB72CF4E9F8EF4514223E798E0" type="fgc_MenuAction">A62378BB72CF4E9F8EF4514223E798E0</config_id><created_by_id keyed_name="Innovator Admin" type="User">30B991F927274FA3829655F50C99472E</created_by_id><created_on>2015-06-17T07:36:42</created_on><css is_null="1"/><current_state is_null="1"/><execute_this_action></execute_this_action><generation>1</generation><id keyed_name="A62378BB72CF4E9F8EF4514223E798E0" type="fgc_MenuAction">A62378BB72CF4E9F8EF4514223E798E0</id><if_effectivity_mode is_null="1"/><if_grid_is_editable is_null="1"/><if_is_owner_manager_of_row_item is_null="1"/><if_is_owner_of_context_item is_null="1"/><if_is_owner_of_row_item is_null="1"/><if_row_item_is_current is_null="1"/><if_row_item_is_locked is_null="1"/><if_row_item_is_released is_null="1"/><if_started_from_tab is_null="1"/><is_current>1</is_current><is_disabled>0</is_disabled><is_released>0</is_released><is_separator>0</is_separator><keyed_name>A62378BB72CF4E9F8EF4514223E798E0</keyed_name><label xml:lang="en">Where Used</label><locked_by_id is_null="1"/><major_rev>A</major_rev><managed_by_id is_null="1"/><minor_rev is_null="1"/><modified_by_id keyed_name="Innovator Admin" type="User">30B991F927274FA3829655F50C99472E</modified_by_id><modified_on>2015-06-17T07:36:42</modified_on><name>where_used</name><new_version>1</new_version><not_lockable>0</not_lockable><owned_by_id keyed_name="Innovator Admin" type="Identity">DBA5D86402BF43D5976854B8B48FCDD1</owned_by_id><permission_id keyed_name="Default Access" type="Permission" origPermission="9122CD065CF04141B8EFE263FC80BEA4">9122CD065CF04141B8EFE263FC80BEA4</permission_id><related_id is_null="1"/><sort_order>40</sort_order><source_id keyed_name="Classification PartSearch Results Grid 1" type="fgc_Configuration">E6B10B64AABE4DA7842D34982C8783D7</source_id><state is_null="1"/><team_id is_null="1"/></Item><Item action="merge" type="fgc_MenuAction" typeId="02F1625D84CF445B84601C2A7E55BCD4" id="461E7ED2C7E3426AAF43B4D90C6A0CCB"><behavior>float</behavior><classification is_null="1"/><config_id keyed_name="461E7ED2C7E3426AAF43B4D90C6A0CCB" type="fgc_MenuAction">461E7ED2C7E3426AAF43B4D90C6A0CCB</config_id><created_by_id keyed_name="Innovator Admin" type="User">30B991F927274FA3829655F50C99472E</created_by_id><created_on>2015-06-17T07:36:42</created_on><css is_null="1"/><current_state is_null="1"/><execute_this_action>PartBOM Browser OpenInDialog</execute_this_action><generation>1</generation><id keyed_name="461E7ED2C7E3426AAF43B4D90C6A0CCB" type="fgc_MenuAction">461E7ED2C7E3426AAF43B4D90C6A0CCB</id><if_effectivity_mode is_null="1"/><if_grid_is_editable is_null="1"/><if_is_owner_manager_of_row_item is_null="1"/><if_is_owner_of_context_item is_null="1"/><if_is_owner_of_row_item is_null="1"/><if_row_item_is_current is_null="1"/><if_row_item_is_locked is_null="1"/><if_row_item_is_released is_null="1"/><if_started_from_tab is_null="1"/><is_current>1</is_current><is_disabled>0</is_disabled><is_released>0</is_released><is_separator>0</is_separator><keyed_name>461E7ED2C7E3426AAF43B4D90C6A0CCB</keyed_name><label xml:lang="en">Part BOM Browser</label><locked_by_id is_null="1"/><major_rev>A</major_rev><managed_by_id is_null="1"/><minor_rev is_null="1"/><modified_by_id keyed_name="Innovator Admin" type="User">30B991F927274FA3829655F50C99472E</modified_by_id><modified_on>2015-06-17T07:36:42</modified_on><name>part_bom_browser</name><new_version>1</new_version><not_lockable>0</not_lockable><owned_by_id keyed_name="Innovator Admin" type="Identity">DBA5D86402BF43D5976854B8B48FCDD1</owned_by_id><permission_id keyed_name="Default Access" type="Permission" origPermission="9122CD065CF04141B8EFE263FC80BEA4">9122CD065CF04141B8EFE263FC80BEA4</permission_id><related_id is_null="1"/><sort_order>50</sort_order><source_id keyed_name="Classification PartSearch Results Grid 1" type="fgc_Configuration">E6B10B64AABE4DA7842D34982C8783D7</source_id><state is_null="1"/><team_id is_null="1"/></Item><Item action="merge" type="fgc_Item Prop MappingDef" typeId="7179707242CF4288B56DD5BD929F6431" id="E1D87CAD2D6C42D18B6D5E289F044ADF"><behavior>float</behavior><cell_bg_color is_null="1"/><cell_is_editable>0</cell_is_editable><cell_link_item_type is_null="1"/><cell_link_key is_null="1"/><cell_static_value xml:lang="en"></cell_static_value><cell_text_color is_null="1"/><cell_value_type>row_icon</cell_value_type><cell_value_type_other is_null="1"/><classification is_null="1"/><config_id keyed_name="ICON" type="fgc_Item Prop MappingDef">E1D87CAD2D6C42D18B6D5E289F044ADF</config_id><created_by_id keyed_name="Innovator Admin" type="User">30B991F927274FA3829655F50C99472E</created_by_id><created_on>2015-06-17T07:36:42</created_on><css is_null="1"/><current_state is_null="1"/><generation>1</generation><id keyed_name="ICON" type="fgc_Item Prop MappingDef">E1D87CAD2D6C42D18B6D5E289F044ADF</id><is_current>1</is_current><is_rel_property>0</is_rel_property><is_released>0</is_released><keyed_name>ICON</keyed_name><locked_by_id is_null="1"/><major_rev>A</major_rev><managed_by_id is_null="1"/><minor_rev is_null="1"/><modified_by_id keyed_name="Innovator Admin" type="User">30B991F927274FA3829655F50C99472E</modified_by_id><modified_on>2015-06-17T07:36:42</modified_on><new_version>1</new_version><not_lockable>0</not_lockable><owned_by_id keyed_name="Innovator Admin" type="Identity">DBA5D86402BF43D5976854B8B48FCDD1</owned_by_id><permission_id keyed_name="Default Access" type="Permission" origPermission="9122CD065CF04141B8EFE263FC80BEA4">9122CD065CF04141B8EFE263FC80BEA4</permission_id><related_id is_null="1"/><sort_order>10</sort_order><source_id keyed_name="Classification PartSearch Results Grid 1" type="fgc_Configuration">E6B10B64AABE4DA7842D34982C8783D7</source_id><state is_null="1"/><team_id is_null="1"/><col_name>ICON</col_name><mapped_property is_null="1"/></Item><Item action="merge" type="fgc_Item Prop MappingDef" typeId="7179707242CF4288B56DD5BD929F6431" id="7BFAECFABF1F4668A4D616C308948079"><behavior>float</behavior><cell_bg_color is_null="1"/><cell_is_editable>0</cell_is_editable><cell_link_item_type is_null="1"/><cell_link_key>OpenRowItem</cell_link_key><cell_static_value is_null="1" xml:lang="en"/><cell_text_color is_null="1"/><cell_value_type is_null="1"/><cell_value_type_other is_null="1"/><classification is_null="1"/><config_id keyed_name="NUM item_number" type="fgc_Item Prop MappingDef">7BFAECFABF1F4668A4D616C308948079</config_id><created_by_id keyed_name="Innovator Admin" type="User">30B991F927274FA3829655F50C99472E</created_by_id><created_on>2015-06-17T07:36:42</created_on><css is_null="1"/><current_state is_null="1"/><generation>1</generation><id keyed_name="NUM item_number" type="fgc_Item Prop MappingDef">7BFAECFABF1F4668A4D616C308948079</id><is_current>1</is_current><is_rel_property>0</is_rel_property><is_released>0</is_released><keyed_name>NUM item_number</keyed_name><locked_by_id is_null="1"/><major_rev>A</major_rev><managed_by_id is_null="1"/><minor_rev is_null="1"/><modified_by_id keyed_name="Innovator Admin" type="User">30B991F927274FA3829655F50C99472E</modified_by_id><modified_on>2015-06-17T07:36:42</modified_on><new_version>1</new_version><not_lockable>0</not_lockable><owned_by_id keyed_name="Innovator Admin" type="Identity">DBA5D86402BF43D5976854B8B48FCDD1</owned_by_id><permission_id keyed_name="Default Access" type="Permission" origPermission="9122CD065CF04141B8EFE263FC80BEA4">9122CD065CF04141B8EFE263FC80BEA4</permission_id><related_id is_null="1"/><sort_order>20</sort_order><source_id keyed_name="Classification PartSearch Results Grid 1" type="fgc_Configuration">E6B10B64AABE4DA7842D34982C8783D7</source_id><state is_null="1"/><team_id is_null="1"/><col_name>NUM</col_name><mapped_property>item_number</mapped_property></Item><Item action="merge" type="fgc_Item Prop MappingDef" typeId="7179707242CF4288B56DD5BD929F6431" id="EE2A00E31DB849FE99C3821B89F9EAAF"><behavior>float</behavior><cell_bg_color is_null="1"/><cell_is_editable>0</cell_is_editable><cell_link_item_type is_null="1"/><cell_link_key is_null="1"/><cell_static_value is_null="1" xml:lang="en"/><cell_text_color is_null="1"/><cell_value_type is_null="1"/><cell_value_type_other is_null="1"/><classification is_null="1"/><config_id keyed_name="NAME name" type="fgc_Item Prop MappingDef">EE2A00E31DB849FE99C3821B89F9EAAF</config_id><created_by_id keyed_name="Innovator Admin" type="User">30B991F927274FA3829655F50C99472E</created_by_id><created_on>2015-06-17T07:36:42</created_on><css is_null="1"/><current_state is_null="1"/><generation>1</generation><id keyed_name="NAME name" type="fgc_Item Prop MappingDef">EE2A00E31DB849FE99C3821B89F9EAAF</id><is_current>1</is_current><is_rel_property>0</is_rel_property><is_released>0</is_released><keyed_name>NAME name</keyed_name><locked_by_id is_null="1"/><major_rev>A</major_rev><managed_by_id is_null="1"/><minor_rev is_null="1"/><modified_by_id keyed_name="Innovator Admin" type="User">30B991F927274FA3829655F50C99472E</modified_by_id><modified_on>2015-06-17T07:36:42</modified_on><new_version>1</new_version><not_lockable>0</not_lockable><owned_by_id keyed_name="Innovator Admin" type="Identity">DBA5D86402BF43D5976854B8B48FCDD1</owned_by_id><permission_id keyed_name="Default Access" type="Permission" origPermission="9122CD065CF04141B8EFE263FC80BEA4">9122CD065CF04141B8EFE263FC80BEA4</permission_id><related_id is_null="1"/><sort_order>25</sort_order><source_id keyed_name="Classification PartSearch Results Grid 1" type="fgc_Configuration">E6B10B64AABE4DA7842D34982C8783D7</source_id><state is_null="1"/><team_id is_null="1"/><col_name>NAME</col_name><mapped_property>name</mapped_property></Item><Item action="merge" type="fgc_Item Prop MappingDef" typeId="7179707242CF4288B56DD5BD929F6431" id="768F756C95744F6D8853615857EE0EBB"><behavior>float</behavior><cell_bg_color is_null="1"/><cell_is_editable>0</cell_is_editable><cell_link_item_type is_null="1"/><cell_link_key is_null="1"/><cell_static_value is_null="1" xml:lang="en"/><cell_text_color is_null="1"/><cell_value_type is_null="1"/><cell_value_type_other is_null="1"/><classification is_null="1"/><config_id keyed_name="REV major_rev" type="fgc_Item Prop MappingDef">768F756C95744F6D8853615857EE0EBB</config_id><created_by_id keyed_name="Innovator Admin" type="User">30B991F927274FA3829655F50C99472E</created_by_id><created_on>2015-06-17T07:36:42</created_on><css is_null="1"/><current_state is_null="1"/><generation>1</generation><id keyed_name="REV major_rev" type="fgc_Item Prop MappingDef">768F756C95744F6D8853615857EE0EBB</id><is_current>1</is_current><is_rel_property>0</is_rel_property><is_released>0</is_released><keyed_name>REV major_rev</keyed_name><locked_by_id is_null="1"/><major_rev>A</major_rev><managed_by_id is_null="1"/><minor_rev is_null="1"/><modified_by_id keyed_name="Innovator Admin" type="User">30B991F927274FA3829655F50C99472E</modified_by_id><modified_on>2015-06-17T07:36:42</modified_on><new_version>1</new_version><not_lockable>0</not_lockable><owned_by_id keyed_name="Innovator Admin" type="Identity">DBA5D86402BF43D5976854B8B48FCDD1</owned_by_id><permission_id keyed_name="Default Access" type="Permission" origPermission="9122CD065CF04141B8EFE263FC80BEA4">9122CD065CF04141B8EFE263FC80BEA4</permission_id><related_id is_null="1"/><sort_order>28</sort_order><source_id keyed_name="Classification PartSearch Results Grid 1" type="fgc_Configuration">E6B10B64AABE4DA7842D34982C8783D7</source_id><state is_null="1"/><team_id is_null="1"/><col_name>REV</col_name><mapped_property>major_rev</mapped_property></Item><Item action="merge" type="fgc_Item Prop MappingDef" typeId="7179707242CF4288B56DD5BD929F6431" id="5D786F396FA74A939E18CE8A1ECA7120"><behavior>float</behavior><cell_bg_color is_null="1"/><cell_is_editable>0</cell_is_editable><cell_link_item_type is_null="1"/><cell_link_key is_null="1"/><cell_static_value is_null="1" xml:lang="en"/><cell_text_color is_null="1"/><cell_value_type is_null="1"/><cell_value_type_other is_null="1"/><classification is_null="1"/><config_id keyed_name="GEN generation" type="fgc_Item Prop MappingDef">5D786F396FA74A939E18CE8A1ECA7120</config_id><created_by_id keyed_name="Innovator Admin" type="User">30B991F927274FA3829655F50C99472E</created_by_id><created_on>2015-06-17T07:36:42</created_on><css is_null="1"/><current_state is_null="1"/><generation>1</generation><id keyed_name="GEN generation" type="fgc_Item Prop MappingDef">5D786F396FA74A939E18CE8A1ECA7120</id><is_current>1</is_current><is_rel_property>0</is_rel_property><is_released>0</is_released><keyed_name>GEN generation</keyed_name><locked_by_id is_null="1"/><major_rev>A</major_rev><managed_by_id is_null="1"/><minor_rev is_null="1"/><modified_by_id keyed_name="Innovator Admin" type="User">30B991F927274FA3829655F50C99472E</modified_by_id><modified_on>2015-06-17T07:36:42</modified_on><new_version>1</new_version><not_lockable>0</not_lockable><owned_by_id keyed_name="Innovator Admin" type="Identity">DBA5D86402BF43D5976854B8B48FCDD1</owned_by_id><permission_id keyed_name="Default Access" type="Permission" origPermission="9122CD065CF04141B8EFE263FC80BEA4">9122CD065CF04141B8EFE263FC80BEA4</permission_id><related_id is_null="1"/><sort_order>30</sort_order><source_id keyed_name="Classification PartSearch Results Grid 1" type="fgc_Configuration">E6B10B64AABE4DA7842D34982C8783D7</source_id><state is_null="1"/><team_id is_null="1"/><col_name>GEN</col_name><mapped_property>generation</mapped_property></Item><Item action="merge" type="fgc_Item Prop MappingDef" typeId="7179707242CF4288B56DD5BD929F6431" id="E979B5F20AC04365861FEE3664E3B0E5"><behavior>float</behavior><cell_bg_color>{propCSS}</cell_bg_color><cell_is_editable>0</cell_is_editable><cell_link_item_type is_null="1"/><cell_link_key is_null="1"/><cell_static_value xml:lang="en"></cell_static_value><cell_text_color is_null="1"/><cell_value_type is_null="1"/><cell_value_type_other is_null="1"/><classification is_null="1"/><config_id keyed_name="STATUS state" type="fgc_Item Prop MappingDef">E979B5F20AC04365861FEE3664E3B0E5</config_id><created_by_id keyed_name="Innovator Admin" type="User">30B991F927274FA3829655F50C99472E</created_by_id><created_on>2015-06-17T07:36:42</created_on><css is_null="1"/><current_state is_null="1"/><generation>1</generation><id keyed_name="STATUS state" type="fgc_Item Prop MappingDef">E979B5F20AC04365861FEE3664E3B0E5</id><is_current>1</is_current><is_rel_property>0</is_rel_property><is_released>0</is_released><keyed_name>STATUS state</keyed_name><locked_by_id is_null="1"/><major_rev>A</major_rev><managed_by_id is_null="1"/><minor_rev is_null="1"/><modified_by_id keyed_name="Innovator Admin" type="User">30B991F927274FA3829655F50C99472E</modified_by_id><modified_on>2015-06-17T07:36:42</modified_on><new_version>1</new_version><not_lockable>0</not_lockable><owned_by_id keyed_name="Innovator Admin" type="Identity">DBA5D86402BF43D5976854B8B48FCDD1</owned_by_id><permission_id keyed_name="Default Access" type="Permission" origPermission="9122CD065CF04141B8EFE263FC80BEA4">9122CD065CF04141B8EFE263FC80BEA4</permission_id><related_id is_null="1"/><sort_order>40</sort_order><source_id keyed_name="Classification PartSearch Results Grid 1" type="fgc_Configuration">E6B10B64AABE4DA7842D34982C8783D7</source_id><state is_null="1"/><team_id is_null="1"/><col_name>STATUS</col_name><mapped_property>state</mapped_property></Item><Item action="merge" type="fgc_Item Prop MappingDef" typeId="7179707242CF4288B56DD5BD929F6431" id="2556B15BD055490CA315C8ACF456F53C"><behavior>float</behavior><cell_bg_color is_null="1"/><cell_is_editable>0</cell_is_editable><cell_link_item_type is_null="1"/><cell_link_key is_null="1"/><cell_static_value is_null="1" xml:lang="en"/><cell_text_color is_null="1"/><cell_value_type>lock</cell_value_type><cell_value_type_other is_null="1"/><classification is_null="1"/><config_id keyed_name="LOCK locked_by_id" type="fgc_Item Prop MappingDef">2556B15BD055490CA315C8ACF456F53C</config_id><created_by_id keyed_name="Innovator Admin" type="User">30B991F927274FA3829655F50C99472E</created_by_id><created_on>2015-06-17T07:36:42</created_on><css is_null="1"/><current_state is_null="1"/><generation>1</generation><id keyed_name="LOCK locked_by_id" type="fgc_Item Prop MappingDef">2556B15BD055490CA315C8ACF456F53C</id><is_current>1</is_current><is_rel_property>0</is_rel_property><is_released>0</is_released><keyed_name>LOCK locked_by_id</keyed_name><locked_by_id is_null="1"/><major_rev>A</major_rev><managed_by_id is_null="1"/><minor_rev is_null="1"/><modified_by_id keyed_name="Innovator Admin" type="User">30B991F927274FA3829655F50C99472E</modified_by_id><modified_on>2015-06-17T07:36:42</modified_on><new_version>1</new_version><not_lockable>0</not_lockable><owned_by_id keyed_name="Innovator Admin" type="Identity">DBA5D86402BF43D5976854B8B48FCDD1</owned_by_id><permission_id keyed_name="Default Access" type="Permission" origPermission="9122CD065CF04141B8EFE263FC80BEA4">9122CD065CF04141B8EFE263FC80BEA4</permission_id><related_id is_null="1"/><sort_order>50</sort_order><source_id keyed_name="Classification PartSearch Results Grid 1" type="fgc_Configuration">E6B10B64AABE4DA7842D34982C8783D7</source_id><state is_null="1"/><team_id is_null="1"/><col_name>LOCK</col_name><mapped_property>locked_by_id</mapped_property></Item></Relationships></Item>
</AML>
