﻿<AML>
 <Item type="ItemType" id="4F1AC04A2B484F3ABA4E20DB63808A88" action="add">
  <name>Part</name>
  <Relationships>
   <Item type="Item Action" id="0BFB25DD3103418CA3EFF61FD7F03325" action="add">
    <related_id keyed_name="Item Characteristic Add To Part" type="Action">B4FD7E0C9760497AA8245BC6E6D114F7</related_id>
    <sort_order>1</sort_order>
    <source_id keyed_name="Part" type="ItemType" name="Part">4F1AC04A2B484F3ABA4E20DB63808A88</source_id>
   </Item>

   <Item type="Server Event" id="069F45BDDA7B4D469F78A65E2AA7ADEE" action="add">
    <event_version>version_1</event_version>
    <is_required>0</is_required>
    <related_id keyed_name="ItemCharacteristicAddToItem_prep" type="Method">
     <Item type="Method" action="get" select="id">
      <name>ItemCharacteristicAddToItem_prep</name>
     </Item>
    </related_id>
    <server_event>onBeforeAdd</server_event>
    <sort_order>100129</sort_order>
    <source_id keyed_name="Part" type="ItemType" name="Part">4F1AC04A2B484F3ABA4E20DB63808A88</source_id>
   </Item>
   <Item type="Server Event" id="3A926EFB15FD42CEA8FB7DBC5BD013C5" action="add">
    <event_version>version_1</event_version>
    <is_required>0</is_required>
    <related_id keyed_name="ItemCharacteristicAddToItem" type="Method">
     <Item type="Method" action="get" select="id">
      <name>ItemCharacteristicAddToItem</name>
     </Item>
    </related_id>
    <server_event>onAfterAdd</server_event>
    <sort_order>300</sort_order>
    <source_id keyed_name="Part" type="ItemType" name="Part">4F1AC04A2B484F3ABA4E20DB63808A88</source_id>
   </Item>

   <Item type="Property" id="3180B4C9595146598C8A8AE3ECDCC56C" action="add">
    <column_alignment>left</column_alignment>
    <column_width>100</column_width>
    <data_source keyed_name="Item Class" type="ItemType" name="Item Class">F40D94A0E3B74376961645EE76D5D8E3</data_source>
    <data_type>item</data_type>
    <is_hidden>1</is_hidden>
    <is_hidden2>1</is_hidden2>
    <is_indexed>0</is_indexed>
    <is_keyed>0</is_keyed>
    <is_multi_valued>0</is_multi_valued>
    <is_required>0</is_required>
    <item_behavior>float</item_behavior>
    <label xml:lang="en">Technical Classification</label>
    <range_inclusive>0</range_inclusive>
    <readonly>0</readonly>
    <sort_order>99096</sort_order>
    <source_id keyed_name="Part" type="ItemType" name="Part">4F1AC04A2B484F3ABA4E20DB63808A88</source_id>
    <track_history>0</track_history>
    <name>item_class_id</name>
   </Item>
   <Item type="Property" id="FDD90DEA6750417C8A591F8D1B046F71" action="add">
    <column_alignment>left</column_alignment>
    <column_width>200</column_width>
    <data_source>
     <Item type="Property" action="get" select="id">
      <name>item_class_id</name>
      <source_id>4F1AC04A2B484F3ABA4E20DB63808A88</source_id>
     </Item>
    </data_source>
    <data_type>foreign</data_type>
    <foreign_property>
     <Item type="Property" action="get" select="id">
      <keyed_name>item_class_path_label</keyed_name>
      <source_id>
       <Item type="ItemType" action="get" select="id">
        <name>Item Class</name>
       </Item>
      </source_id>
     </Item>
    </foreign_property>
    <is_hidden>0</is_hidden>
    <is_hidden2>0</is_hidden2>
    <is_indexed>0</is_indexed>
    <is_keyed>0</is_keyed>
    <is_multi_valued>0</is_multi_valued>
    <is_required>0</is_required>
    <label xml:lang="en">Technical Classification (Path)</label>
    <range_inclusive>0</range_inclusive>
    <readonly>0</readonly>
    <sort_order>99224</sort_order>
    <source_id keyed_name="Part" type="ItemType" name="Part">4F1AC04A2B484F3ABA4E20DB63808A88</source_id>
    <track_history>0</track_history>
    <name>item_class_path</name>
   </Item>
   <Item type="Property" id="7F0A72EB1A334FF5A080CC4FB3D63DB2" action="add">
    <column_alignment>left</column_alignment>
    <column_width>100</column_width>
    <data_source keyed_name="Item Class" type="ItemType" name="Item Class">F40D94A0E3B74376961645EE76D5D8E3</data_source>
    <data_type>item</data_type>
    <default_value xml:lang="en">F3EDD43F596C4938B30F20CBD53D9D29</default_value>
    <is_hidden>1</is_hidden>
    <is_hidden2>1</is_hidden2>
    <is_indexed>0</is_indexed>
    <is_keyed>0</is_keyed>
    <is_multi_valued>0</is_multi_valued>
    <is_required>0</is_required>
    <item_behavior>float</item_behavior>
    <label xml:lang="en">should be hidden - with default</label>
    <range_inclusive>0</range_inclusive>
    <readonly>0</readonly>
    <sort_order>10000</sort_order>
    <source_id keyed_name="Part" type="ItemType" name="Part">4F1AC04A2B484F3ABA4E20DB63808A88</source_id>
    <track_history>0</track_history>
    <name>item_class_top_id</name>
   </Item>

   <Item type="Property" id="DF4C81803B9445E0B3B232D65B3B1631" action="add">
    <column_alignment>left</column_alignment>
    <column_width>100</column_width>
    <data_source keyed_name="Item Class" type="ItemType" name="Item Class">F40D94A0E3B74376961645EE76D5D8E3</data_source>
    <data_type>item</data_type>
    <is_hidden>1</is_hidden>
    <is_hidden2>1</is_hidden2>
    <is_indexed>0</is_indexed>
    <is_keyed>0</is_keyed>
    <is_multi_valued>0</is_multi_valued>
    <is_required>0</is_required>
    <item_behavior>float</item_behavior>
    <label xml:lang="en">Quality Classification</label>
    <range_inclusive>0</range_inclusive>
    <readonly>0</readonly>
    <sort_order>98455</sort_order>
    <source_id keyed_name="Part" type="ItemType" name="Part">4F1AC04A2B484F3ABA4E20DB63808A88</source_id>
    <track_history>0</track_history>
    <name>item_q_class_id</name>
   </Item>
   <Item type="Property" id="8096E6B29CB94DC3B7BE5B0B31FDE565" action="add">
    <column_alignment>left</column_alignment>
    <column_width>200</column_width>
    <data_source>
     <Item type="Property" action="get" select="id">
      <name>item_q_class_id</name>
      <source_id>4F1AC04A2B484F3ABA4E20DB63808A88</source_id>
     </Item>
    </data_source>
    <data_type>foreign</data_type>
    <foreign_property>
     <Item type="Property" action="get" select="id">
      <keyed_name>item_class_path_label</keyed_name>
      <source_id>
       <Item type="ItemType" action="get" select="id">
        <name>Item Class</name>
       </Item>
      </source_id>
     </Item>
    </foreign_property>
    <is_hidden>0</is_hidden>
    <is_hidden2>0</is_hidden2>
    <is_indexed>0</is_indexed>
    <is_keyed>0</is_keyed>
    <is_multi_valued>0</is_multi_valued>
    <is_required>0</is_required>
    <label xml:lang="en">Quality Classification (Path)</label>
    <range_inclusive>0</range_inclusive>
    <readonly>0</readonly>
    <sort_order>98456</sort_order>
    <source_id keyed_name="Part" type="ItemType" name="Part">4F1AC04A2B484F3ABA4E20DB63808A88</source_id>
    <track_history>0</track_history>
    <name>item_q_class_path</name>
   </Item>
   <Item type="Property" id="2F91B9CF17604F7E8304B5AC1EAFA5A6" action="add">
    <column_alignment>left</column_alignment>
    <column_width>100</column_width>
    <data_source keyed_name="Item Class" type="ItemType" name="Item Class">F40D94A0E3B74376961645EE76D5D8E3</data_source>
    <data_type>item</data_type>
    <default_value xml:lang="en">3D654550425840DD9EDE94CE86293038</default_value>
    <is_hidden>1</is_hidden>
    <is_hidden2>1</is_hidden2>
    <is_indexed>0</is_indexed>
    <is_keyed>0</is_keyed>
    <is_multi_valued>0</is_multi_valued>
    <is_required>0</is_required>
    <item_behavior>float</item_behavior>
    <label xml:lang="en">should be hidden - with default</label>
    <range_inclusive>0</range_inclusive>
    <readonly>0</readonly>
    <sort_order>10000</sort_order>
    <source_id keyed_name="Part" type="ItemType" name="Part">4F1AC04A2B484F3ABA4E20DB63808A88</source_id>
    <track_history>0</track_history>
    <name>item_q_class_top_id</name>
   </Item>
   
   <Item type="Property" action="edit" where="source_id='4F1AC04A2B484F3ABA4E20DB63808A88' and name='generation'">
    <label xml:lang="en">Gen</label>
    <is_hidden>0</is_hidden>
    <is_hidden2>0</is_hidden2>
    <name>generation</name>
    <source_id keyed_name="Part" type="ItemType" name="Part">4F1AC04A2B484F3ABA4E20DB63808A88</source_id>
   </Item>
  
   </Relationships>
 </Item>
</AML>