﻿<AML>
 <Item type="List" id="576F811E7FFC43939D75D18BEBB703A7" action="add">
  <owned_by_id keyed_name="Super User" type="Identity">6B14D33C4A7D41C188CCF2BC15BD01A3</owned_by_id>
  <name>Item Characteristic Value Types</name>
  <Relationships>
   <Item type="Value" id="9C5A5E9D87834DC09753A047925C6751" action="add">
    <label xml:lang="en">Text</label>
    <owned_by_id keyed_name="Super User" type="Identity">6B14D33C4A7D41C188CCF2BC15BD01A3</owned_by_id>
    <sort_order>128</sort_order>
    <source_id keyed_name="Item Characteristic Value Types" type="List">576F811E7FFC43939D75D18BEBB703A7</source_id>
    <value>Text</value>
   </Item>
   <Item type="Value" id="676B80F95DCD4B8DA10D6F1F9C6D7D83" action="add">
    <label xml:lang="en">Number</label>
    <owned_by_id keyed_name="Super User" type="Identity">6B14D33C4A7D41C188CCF2BC15BD01A3</owned_by_id>
    <sort_order>256</sort_order>
    <source_id keyed_name="Item Characteristic Value Types" type="List">576F811E7FFC43939D75D18BEBB703A7</source_id>
    <value>Number</value>
   </Item>
   <Item type="Value" id="F8D9A6CCC4264DB8A30DD77D681648AB" action="add">
    <label xml:lang="en">List</label>
    <owned_by_id keyed_name="Super User" type="Identity">6B14D33C4A7D41C188CCF2BC15BD01A3</owned_by_id>
    <sort_order>384</sort_order>
    <source_id keyed_name="Item Characteristic Value Types" type="List">576F811E7FFC43939D75D18BEBB703A7</source_id>
    <value>List</value>
   </Item>
  </Relationships>
 </Item>
</AML>