﻿<AML>
 <Item type="List" id="F70BA0857A1D4CE68D760938B8A624AE" action="add">
  <description></description>
  <name>tgc_effectivity Modes</name>
  <Relationships>
   <Item type="Value" id="8E6BB3656C2044B79667BC65319D5C3C" action="add">
    <label xml:lang="en">Current Config</label>
    <sort_order>10</sort_order>
    <source_id keyed_name="tgc_effectivity Modes" type="List">F70BA0857A1D4CE68D760938B8A624AE</source_id>
    <value>current_config</value>
   </Item>
   <Item type="Value" id="188323C1D18F44699A535FAC68DEEB6B" action="add">
    <label xml:lang="en">Latest Released</label>
    <sort_order>20</sort_order>
    <source_id keyed_name="tgc_effectivity Modes" type="List">F70BA0857A1D4CE68D760938B8A624AE</source_id>
    <value>latest_released</value>
   </Item>
  </Relationships>
 </Item>
</AML>