﻿<AML>
 <Item type="List" id="DC63013B646A4657A4CB5807312254E8" action="add">
  <classification>/*</classification>
  <name>Characteristic Units ISO</name>
  <Relationships>
   <Item type="Value" id="E0536184A22545D884C9FA36B516C0E9" action="add">
    <classification>/*</classification>
    <label xml:lang="en">2J</label>
    <sort_order>10</sort_order>
    <source_id keyed_name="Characteristic Units ISO" type="List">DC63013B646A4657A4CB5807312254E8</source_id>
    <value>2J</value>
   </Item>
   <Item type="Value" id="9F3B22E48A104693966CEAB6DD787690" action="add">
    <classification>/*</classification>
    <label xml:lang="en">2M</label>
    <sort_order>20</sort_order>
    <source_id keyed_name="Characteristic Units ISO" type="List">DC63013B646A4657A4CB5807312254E8</source_id>
    <value>2M</value>
   </Item>
   <Item type="Value" id="5B28338D716B4D76BF86B4F4A78B5BE5" action="add">
    <classification>/*</classification>
    <label xml:lang="en">2X</label>
    <sort_order>30</sort_order>
    <source_id keyed_name="Characteristic Units ISO" type="List">DC63013B646A4657A4CB5807312254E8</source_id>
    <value>2X</value>
   </Item>
   <Item type="Value" id="EF5ACB2BBF944ABFA38467FF805B99E6" action="add">
    <classification>/*</classification>
    <sort_order>610</sort_order>
    <source_id keyed_name="Characteristic Units ISO" type="List">DC63013B646A4657A4CB5807312254E8</source_id>
    <value>2Z</value>
   </Item>
  
   <Item type="Value" id="9E9AEED46C954911BF29882B1F88DB7B" action="add">
    <classification>/*</classification>
    <label xml:lang="en">4G</label>
    <sort_order>40</sort_order>
    <source_id keyed_name="Characteristic Units ISO" type="List">DC63013B646A4657A4CB5807312254E8</source_id>
    <value>4G</value>
   </Item>
   <Item type="Value" id="D55C7E28B08E47C9B96531C23D7BC0F5" action="add">
    <classification>/*</classification>
    <sort_order>251</sort_order>
    <source_id keyed_name="Characteristic Units ISO" type="List">DC63013B646A4657A4CB5807312254E8</source_id>
    <value>4K</value>
   </Item>
   <Item type="Value" id="B39A273DF6E2493B869C24733CECDA90" action="add">
    <classification>/*</classification>
    <label xml:lang="en">4O</label>
    <sort_order>50</sort_order>
    <source_id keyed_name="Characteristic Units ISO" type="List">DC63013B646A4657A4CB5807312254E8</source_id>
    <value>4O</value>
   </Item>
   <Item type="Value" id="25F8C6E385EF4383BB7419D00AEC8AFD" action="add">
    <classification>/*</classification>
    <label xml:lang="en">4T</label>
    <sort_order>60</sort_order>
    <source_id keyed_name="Characteristic Units ISO" type="List">DC63013B646A4657A4CB5807312254E8</source_id>
    <value>4T</value>
   </Item>
   <Item type="Value" id="8B077312B14C4ADF8319A1AE4D40966B" action="add">
    <classification>/*</classification>
    <label xml:lang="en">A87</label>
    <sort_order>70</sort_order>
    <source_id keyed_name="Characteristic Units ISO" type="List">DC63013B646A4657A4CB5807312254E8</source_id>
    <value>A87</value>
   </Item>
   <Item type="Value" id="368183A803DE4D44935BA597DAD2DB5C" action="add">
    <classification>/*</classification>
    <label xml:lang="en">A93</label>
    <sort_order>80</sort_order>
    <source_id keyed_name="Characteristic Units ISO" type="List">DC63013B646A4657A4CB5807312254E8</source_id>
    <value>A93</value>
   </Item>
   <Item type="Value" id="645C47FB71FB4EE081136C1D9FE7CD82" action="add">
    <classification>/*</classification>
    <label xml:lang="en">A97</label>
    <sort_order>90</sort_order>
    <source_id keyed_name="Characteristic Units ISO" type="List">DC63013B646A4657A4CB5807312254E8</source_id>
    <value>A97</value>
   </Item>
   <Item type="Value" id="6987687BA1F447958D79CCE33BEDB0E4" action="add">
    <classification>/*</classification>
    <label xml:lang="en">AH</label>
    <sort_order>100</sort_order>
    <source_id keyed_name="Characteristic Units ISO" type="List">DC63013B646A4657A4CB5807312254E8</source_id>
    <value>AH</value>
   </Item>
   <Item type="Value" id="6DFBACB98C3E4CEFB9192B1D2358DC81" action="add">
    <classification>/*</classification>
    <label xml:lang="en">AMP</label>
    <sort_order>110</sort_order>
    <source_id keyed_name="Characteristic Units ISO" type="List">DC63013B646A4657A4CB5807312254E8</source_id>
    <value>AMP</value>
   </Item>
   <Item type="Value" id="C60E6AD36A624C3EAE76DF044C7AF8D2" action="add">
    <classification>/*</classification>
    <label xml:lang="en">B34</label>
    <sort_order>120</sort_order>
    <source_id keyed_name="Characteristic Units ISO" type="List">DC63013B646A4657A4CB5807312254E8</source_id>
    <value>B34</value>
   </Item>
   <Item type="Value" id="613A897CAC1542B7B5676292F8E16354" action="add">
    <classification>/*</classification>
    <label xml:lang="en">B45</label>
    <sort_order>130</sort_order>
    <source_id keyed_name="Characteristic Units ISO" type="List">DC63013B646A4657A4CB5807312254E8</source_id>
    <value>B45</value>
   </Item>
   <Item type="Value" id="3B43844E1696499D98F0F696CB0B8988" action="add">
    <classification>/*</classification>
    <label xml:lang="en">B47</label>
    <sort_order>140</sort_order>
    <source_id keyed_name="Characteristic Units ISO" type="List">DC63013B646A4657A4CB5807312254E8</source_id>
    <value>B47</value>
   </Item>
   <Item type="Value" id="67FE1DC0352249A7BEB1DC70E074DDFE" action="add">
    <classification>/*</classification>
    <sort_order>161</sort_order>
    <source_id keyed_name="Characteristic Units ISO" type="List">DC63013B646A4657A4CB5807312254E8</source_id>
    <value>B49</value>
   </Item>
   <Item type="Value" id="D1975A275F74471EA24765A4BA9F6BDE" action="add">
    <classification>/*</classification>
    <label xml:lang="en">B73</label>
    <sort_order>150</sort_order>
    <source_id keyed_name="Characteristic Units ISO" type="List">DC63013B646A4657A4CB5807312254E8</source_id>
    <value>B73</value>
   </Item>
   <Item type="Value" id="19661B0B117440EB9A6E9DC1F8B7F6DF" action="add">
    <classification>/*</classification>
    <label xml:lang="en">B75</label>
    <sort_order>160</sort_order>
    <source_id keyed_name="Characteristic Units ISO" type="List">DC63013B646A4657A4CB5807312254E8</source_id>
    <value>B75</value>
   </Item>
   <Item type="Value" id="ADE98268E1FD4769919A0575501CD4C5" action="add">
    <classification>/*</classification>
    <label xml:lang="en">B78</label>
    <sort_order>170</sort_order>
    <source_id keyed_name="Characteristic Units ISO" type="List">DC63013B646A4657A4CB5807312254E8</source_id>
    <value>B78</value>
   </Item>
   <Item type="Value" id="11134B5A282C42A28AEB62E081199CF6" action="add">
    <classification>/*</classification>
    <label xml:lang="en">B84</label>
    <sort_order>180</sort_order>
    <source_id keyed_name="Characteristic Units ISO" type="List">DC63013B646A4657A4CB5807312254E8</source_id>
    <value>B84</value>
   </Item>
   <Item type="Value" id="7ECA4A4227D54CFEA2CE9D6C0E5D8485" action="add">
    <classification>/*</classification>
    <label xml:lang="en">BAR</label>
    <sort_order>190</sort_order>
    <source_id keyed_name="Characteristic Units ISO" type="List">DC63013B646A4657A4CB5807312254E8</source_id>
    <value>BAR</value>
   </Item>
   <Item type="Value" id="CA31E06A21934BB285AE784EA98BAB66" action="add">
    <classification>/*</classification>
    <label xml:lang="en">BG</label>
    <sort_order>200</sort_order>
    <source_id keyed_name="Characteristic Units ISO" type="List">DC63013B646A4657A4CB5807312254E8</source_id>
    <value>BG</value>
   </Item>
   <Item type="Value" id="D433670FDE5C4BC5BE8970AB80631F68" action="add">
    <classification>/*</classification>
    <label xml:lang="en">BO</label>
    <sort_order>210</sort_order>
    <source_id keyed_name="Characteristic Units ISO" type="List">DC63013B646A4657A4CB5807312254E8</source_id>
    <value>BO</value>
   </Item>
   <Item type="Value" id="12E7D64BB6F54FA18ECCD78D315B3DA0" action="add">
    <classification>/*</classification>
    <label xml:lang="en">C10</label>
    <sort_order>220</sort_order>
    <source_id keyed_name="Characteristic Units ISO" type="List">DC63013B646A4657A4CB5807312254E8</source_id>
    <value>C10</value>
   </Item>
   <Item type="Value" id="13ACFF78ED3A4D8593B1E7F63E38CF10" action="add">
    <classification>/*</classification>
    <sort_order>590</sort_order>
    <source_id keyed_name="Characteristic Units ISO" type="List">DC63013B646A4657A4CB5807312254E8</source_id>
    <value>C31</value>
   </Item>
   <Item type="Value" id="4420FC7E20234CB3A97FADBE5DF2CB0B" action="add">
    <classification>/*</classification>
    <label xml:lang="en">C36</label>
    <sort_order>230</sort_order>
    <source_id keyed_name="Characteristic Units ISO" type="List">DC63013B646A4657A4CB5807312254E8</source_id>
    <value>C36</value>
   </Item>
   <Item type="Value" id="5A3AFF6E115C444485ACDC671C3405C4" action="add">
    <classification>/*</classification>
    <label xml:lang="en">C38</label>
    <sort_order>240</sort_order>
    <source_id keyed_name="Characteristic Units ISO" type="List">DC63013B646A4657A4CB5807312254E8</source_id>
    <value>C38</value>
   </Item>
   <Item type="Value" id="FE1729A6ED3941B7BB213CEB84A65173" action="add">
    <classification>/*</classification>
    <label xml:lang="en">C39</label>
    <sort_order>250</sort_order>
    <source_id keyed_name="Characteristic Units ISO" type="List">DC63013B646A4657A4CB5807312254E8</source_id>
    <value>C39</value>
   </Item>
   <Item type="Value" id="147B17212DDD459C9A1AA5692BB61E78" action="add">
    <classification>/*</classification>
    <label xml:lang="en">C41</label>
    <sort_order>260</sort_order>
    <source_id keyed_name="Characteristic Units ISO" type="List">DC63013B646A4657A4CB5807312254E8</source_id>
    <value>C41</value>
   </Item>
   <Item type="Value" id="F057973705464B9CA3AC92208391B0F4" action="add">
    <classification>/*</classification>
    <label xml:lang="en">C56</label>
    <sort_order>270</sort_order>
    <source_id keyed_name="Characteristic Units ISO" type="List">DC63013B646A4657A4CB5807312254E8</source_id>
    <value>C56</value>
   </Item>
   <Item type="Value" id="08343F748C144DED96A7227A96068F26" action="add">
    <classification>/*</classification>
    <label xml:lang="en">CDL</label>
    <sort_order>280</sort_order>
    <source_id keyed_name="Characteristic Units ISO" type="List">DC63013B646A4657A4CB5807312254E8</source_id>
    <value>CDL</value>
   </Item>
   <Item type="Value" id="EFFEAD25D51047B48E06ACF8D4AA9D69" action="add">
    <classification>/*</classification>
    <label xml:lang="en">CEL</label>
    <sort_order>290</sort_order>
    <source_id keyed_name="Characteristic Units ISO" type="List">DC63013B646A4657A4CB5807312254E8</source_id>
    <value>CEL</value>
   </Item>
   <Item type="Value" id="D5BDC3DC78AF4B5CADCBC27E109792F6" action="add">
    <classification>/*</classification>
    <label xml:lang="en">CMK</label>
    <sort_order>300</sort_order>
    <source_id keyed_name="Characteristic Units ISO" type="List">DC63013B646A4657A4CB5807312254E8</source_id>
    <value>CMK</value>
   </Item>
   <Item type="Value" id="25E87EE9A0DF456ABDA0853EE8F75422" action="add">
    <classification>/*</classification>
    <label xml:lang="en">CMQ</label>
    <sort_order>310</sort_order>
    <source_id keyed_name="Characteristic Units ISO" type="List">DC63013B646A4657A4CB5807312254E8</source_id>
    <value>CMQ</value>
   </Item>
   <Item type="Value" id="C7BE458921294D59866C592182ABCC94" action="add">
    <classification>/*</classification>
    <label xml:lang="en">CMT</label>
    <sort_order>320</sort_order>
    <source_id keyed_name="Characteristic Units ISO" type="List">DC63013B646A4657A4CB5807312254E8</source_id>
    <value>CMT</value>
   </Item>
   <Item type="Value" id="1A312D99433B4E0E98F108A01AFD7E7E" action="add">
    <classification>/*</classification>
    <label xml:lang="en">CS</label>
    <sort_order>330</sort_order>
    <source_id keyed_name="Characteristic Units ISO" type="List">DC63013B646A4657A4CB5807312254E8</source_id>
    <value>CS</value>
   </Item>
   <Item type="Value" id="90EDE439B6794CC296B90D7DD84ADF98" action="add">
    <classification>/*</classification>
    <label xml:lang="en">D10</label>
    <sort_order>340</sort_order>
    <source_id keyed_name="Characteristic Units ISO" type="List">DC63013B646A4657A4CB5807312254E8</source_id>
    <value>D10</value>
   </Item>
   <Item type="Value" id="D557A638F1A0491EA578EBA636178A94" action="add">
    <classification>/*</classification>
    <label xml:lang="en">D41</label>
    <sort_order>350</sort_order>
    <source_id keyed_name="Characteristic Units ISO" type="List">DC63013B646A4657A4CB5807312254E8</source_id>
    <value>D41</value>
   </Item>
   <Item type="Value" id="D8F73DF5EF1E47A8B7B05EB9F6E86762" action="add">
    <classification>/*</classification>
    <label xml:lang="en">D46</label>
    <sort_order>360</sort_order>
    <source_id keyed_name="Characteristic Units ISO" type="List">DC63013B646A4657A4CB5807312254E8</source_id>
    <value>D46</value>
   </Item>
   <Item type="Value" id="031E20D9237041269D9E9AE57ED06BD0" action="add">
    <classification>/*</classification>
    <label xml:lang="en">DAY</label>
    <sort_order>370</sort_order>
    <source_id keyed_name="Characteristic Units ISO" type="List">DC63013B646A4657A4CB5807312254E8</source_id>
    <value>DAY</value>
   </Item>
   <Item type="Value" id="85E23C2DF3A24FC5AB0BCBD943219583" action="add">
    <classification>/*</classification>
    <label xml:lang="en">DB</label>
    <sort_order>380</sort_order>
    <source_id keyed_name="Characteristic Units ISO" type="List">DC63013B646A4657A4CB5807312254E8</source_id>
    <value>DB</value>
   </Item>
   <Item type="Value" id="1F492E6540DE43AE9F08A4B216A69682" action="add">
    <classification>/*</classification>
    <label xml:lang="en">DD</label>
    <sort_order>390</sort_order>
    <source_id keyed_name="Characteristic Units ISO" type="List">DC63013B646A4657A4CB5807312254E8</source_id>
    <value>DD</value>
   </Item>
   <Item type="Value" id="999CFB0E414049009055EB79E50ACF6A" action="add">
    <classification>/*</classification>
    <label xml:lang="en">DMQ</label>
    <sort_order>400</sort_order>
    <source_id keyed_name="Characteristic Units ISO" type="List">DC63013B646A4657A4CB5807312254E8</source_id>
    <value>DMQ</value>
   </Item>
   <Item type="Value" id="F1FEE56086424E82BBEB14B9DCCB60C3" action="add">
    <classification>/*</classification>
    <label xml:lang="en">DMT</label>
    <sort_order>410</sort_order>
    <source_id keyed_name="Characteristic Units ISO" type="List">DC63013B646A4657A4CB5807312254E8</source_id>
    <value>DMT</value>
   </Item>
   <Item type="Value" id="4DE1999E31464121BDE5131CA03F2132" action="add">
    <classification>/*</classification>
    <label xml:lang="en">DR</label>
    <sort_order>420</sort_order>
    <source_id keyed_name="Characteristic Units ISO" type="List">DC63013B646A4657A4CB5807312254E8</source_id>
    <value>DR</value>
   </Item>
   <Item type="Value" id="ECBF3C36C00D4C39A709BFF589731389" action="add">
    <classification>/*</classification>
    <label xml:lang="en">DZN</label>
    <sort_order>430</sort_order>
    <source_id keyed_name="Characteristic Units ISO" type="List">DC63013B646A4657A4CB5807312254E8</source_id>
    <value>DZN</value>
   </Item>
   <Item type="Value" id="625144D79A23492C88CF78ACDAAC23FE" action="add">
    <classification>/*</classification>
    <label xml:lang="en">EA</label>
    <sort_order>440</sort_order>
    <source_id keyed_name="Characteristic Units ISO" type="List">DC63013B646A4657A4CB5807312254E8</source_id>
    <value>EA</value>
   </Item>
   <Item type="Value" id="58349488E9C44346AF50973353253BEF" action="add">
    <classification>/*</classification>
    <label xml:lang="en">FAH</label>
    <sort_order>450</sort_order>
    <source_id keyed_name="Characteristic Units ISO" type="List">DC63013B646A4657A4CB5807312254E8</source_id>
    <value>FAH</value>
   </Item>
   <Item type="Value" id="0CB528630CCC465683EF465F2D0ACAB2" action="add">
    <classification>/*</classification>
    <label xml:lang="en">FAR</label>
    <sort_order>460</sort_order>
    <source_id keyed_name="Characteristic Units ISO" type="List">DC63013B646A4657A4CB5807312254E8</source_id>
    <value>FAR</value>
   </Item>
   <Item type="Value" id="69BB9A468CD849C8BCD5E1C065D5435B" action="add">
    <classification>/*</classification>
    <sort_order>61</sort_order>
    <source_id keyed_name="Characteristic Units ISO" type="List">DC63013B646A4657A4CB5807312254E8</source_id>
    <value>FAR</value>
   </Item>
   <Item type="Value" id="E0D2FA05A4ED461E85B587191B75D353" action="add">
    <classification>/*</classification>
    <label xml:lang="en">GEM</label>
    <sort_order>470</sort_order>
    <source_id keyed_name="Characteristic Units ISO" type="List">DC63013B646A4657A4CB5807312254E8</source_id>
    <value>GEM</value>
   </Item>
   <Item type="Value" id="EEEB02B09BAF477A82EA83B155261C6E" action="add">
    <classification>/*</classification>
    <label xml:lang="en">GL</label>
    <sort_order>480</sort_order>
    <source_id keyed_name="Characteristic Units ISO" type="List">DC63013B646A4657A4CB5807312254E8</source_id>
    <value>GL</value>
   </Item>
   <Item type="Value" id="5746CAC83CC7474C80F0021287CE5EC7" action="add">
    <classification>/*</classification>
    <label xml:lang="en">GMM</label>
    <sort_order>490</sort_order>
    <source_id keyed_name="Characteristic Units ISO" type="List">DC63013B646A4657A4CB5807312254E8</source_id>
    <value>GMM</value>
   </Item>
   <Item type="Value" id="F218C01A59504BA9A61679B4C3558C4B" action="add">
    <classification>/*</classification>
    <label xml:lang="en">GQ</label>
    <sort_order>500</sort_order>
    <source_id keyed_name="Characteristic Units ISO" type="List">DC63013B646A4657A4CB5807312254E8</source_id>
    <value>GQ</value>
   </Item>
   <Item type="Value" id="54C1637943024BC9A734C20E888CF458" action="add">
    <classification>/*</classification>
    <label xml:lang="en">GRM</label>
    <sort_order>510</sort_order>
    <source_id keyed_name="Characteristic Units ISO" type="List">DC63013B646A4657A4CB5807312254E8</source_id>
    <value>GRM</value>
   </Item>
   <Item type="Value" id="BD11F9B94B5C49318531EE0088A287B0" action="add">
    <classification>/*</classification>
    <label xml:lang="en">GRO</label>
    <sort_order>520</sort_order>
    <source_id keyed_name="Characteristic Units ISO" type="List">DC63013B646A4657A4CB5807312254E8</source_id>
    <value>GRO</value>
   </Item>
   <Item type="Value" id="084AC71E812C41539DB248401F7FD8AE" action="add">
    <classification>/*</classification>
    <label xml:lang="en">HB</label>
    <sort_order>530</sort_order>
    <source_id keyed_name="Characteristic Units ISO" type="List">DC63013B646A4657A4CB5807312254E8</source_id>
    <value>HB</value>
   </Item>
   <Item type="Value" id="08106CE9E34E4AA8803C26940BA3BB05" action="add">
    <classification>/*</classification>
    <label xml:lang="en">HLT</label>
    <sort_order>540</sort_order>
    <source_id keyed_name="Characteristic Units ISO" type="List">DC63013B646A4657A4CB5807312254E8</source_id>
    <value>HLT</value>
   </Item>
   <Item type="Value" id="220C72F6638E4337A4ADF3D54DC99652" action="add">
    <classification>/*</classification>
    <label xml:lang="en">HTZ</label>
    <sort_order>550</sort_order>
    <source_id keyed_name="Characteristic Units ISO" type="List">DC63013B646A4657A4CB5807312254E8</source_id>
    <value>HTZ</value>
   </Item>
   <Item type="Value" id="DB10F4B289AE4C4996C4A3BD99002EC8" action="add">
    <classification>/*</classification>
    <label xml:lang="en">INH</label>
    <sort_order>560</sort_order>
    <source_id keyed_name="Characteristic Units ISO" type="List">DC63013B646A4657A4CB5807312254E8</source_id>
    <value>INH</value>
   </Item>
   <Item type="Value" id="4A9469D079224F3997F8C8FACD285CD9" action="add">
    <classification>/*</classification>
    <sort_order>551</sort_order>
    <source_id keyed_name="Characteristic Units ISO" type="List">DC63013B646A4657A4CB5807312254E8</source_id>
    <value>KHZ</value>
   </Item>
   <Item type="Value" id="81E46B10353E4986A53682944D8818A2" action="add">
    <classification>/*</classification>
    <sort_order>552</sort_order>
    <source_id keyed_name="Characteristic Units ISO" type="List">DC63013B646A4657A4CB5807312254E8</source_id>
    <value>MHZ</value>
   </Item>
   <Item type="Value" id="1A542CBBD1CF45D4AE3717CAC81C27BC" action="add">
    <classification>/*</classification>
    <sort_order>162</sort_order>
    <source_id keyed_name="Characteristic Units ISO" type="List">DC63013B646A4657A4CB5807312254E8</source_id>
    <value>OHM</value>
   </Item>
   <Item type="Value" id="9E5C589DECD6487C9EFE737ED4F036C8" action="add">
    <classification>/*</classification>
    <label xml:lang="en">P1</label>
    <sort_order>570</sort_order>
    <source_id keyed_name="Characteristic Units ISO" type="List">DC63013B646A4657A4CB5807312254E8</source_id>
    <value>P1</value>
   </Item>
   <Item type="Value" id="DF9020019F4A4554ABD2915165AFDA7C" action="add">
    <classification>/*</classification>
    <sort_order>600</sort_order>
    <source_id keyed_name="Characteristic Units ISO" type="List">DC63013B646A4657A4CB5807312254E8</source_id>
    <value>VLT</value>
   </Item>
   <Item type="Value" id="0C0492D270FB4D44A3FD6B8D86D48B20" action="add">
    <classification>/*</classification>
    <sort_order>580</sort_order>
    <source_id keyed_name="Characteristic Units ISO" type="List">DC63013B646A4657A4CB5807312254E8</source_id>
    <value>WTT</value>
   </Item></Relationships>
 </Item>
</AML>