<AML>
      <Item action="merge" type="Item Class" typeId="F40D94A0E3B74376961645EE76D5D8E3" id="F3EDD43F596C4938B30F20CBD53D9D29">
        <classification is_null="1" />
        <config_id keyed_name="Part Classifications (Root)" type="Item Class">F3EDD43F596C4938B30F20CBD53D9D29</config_id>
        <created_by_id keyed_name="Innovator Admin" type="User">30B991F927274FA3829655F50C99472E</created_by_id>
        <created_on>2016-12-15T11:52:49</created_on>
        <css is_null="1" />
        <current_state is_null="1" />
        <description is_null="1" />
        <generation>1</generation>
        <id keyed_name="Part Classifications (Root)" type="Item Class">F3EDD43F596C4938B30F20CBD53D9D29</id>
        <is_current>1</is_current>
        <is_released>0</is_released>
        <is_root>1</is_root>
        <item_class_path>/Part Classifications</item_class_path>
        <item_class_path_label xml:lang="de">/Part Classifications</item_class_path_label>
        <keyed_name>Part Classifications (Root)</keyed_name>
        <label xml:lang="de">Part Classifications (Root)</label>
        <locked_by_id is_null="1" />
        <major_rev>A</major_rev>
        <managed_by_id is_null="1" />
        <minor_rev is_null="1" />
        <modified_by_id keyed_name="Innovator Admin" type="User">30B991F927274FA3829655F50C99472E</modified_by_id>
        <modified_on>2016-12-21T11:46:11</modified_on>
        <new_version>1</new_version>
        <not_lockable>0</not_lockable>
        <owned_by_id is_null="1" />
        <permission_id keyed_name="Default Access" type="Permission">9122CD065CF04141B8EFE263FC80BEA4</permission_id>
        <state is_null="1" />
        <team_id is_null="1" />
        <name>Part Classifications (Root)</name>
      </Item>
      <Item action="merge" type="Item Class" typeId="F40D94A0E3B74376961645EE76D5D8E3" id="3D654550425840DD9EDE94CE86293038">
        <classification is_null="1" />
        <config_id keyed_name="Part Q Classifications (Root)" type="Item Class">3D654550425840DD9EDE94CE86293038</config_id>
        <created_by_id keyed_name="Innovator Admin" type="User">30B991F927274FA3829655F50C99472E</created_by_id>
        <created_on>2016-12-21T04:50:54</created_on>
        <css is_null="1" />
        <current_state is_null="1" />
        <description is_null="1" />
        <generation>1</generation>
        <id keyed_name="Part Q Classifications (Root)" type="Item Class">3D654550425840DD9EDE94CE86293038</id>
        <is_current>1</is_current>
        <is_released>0</is_released>
        <is_root>1</is_root>
        <item_class_path>/PartQClassifications</item_class_path>
        <item_class_path_label xml:lang="de">/PartQClassifications</item_class_path_label>
        <keyed_name>Part Q Classifications (Root)</keyed_name>
        <label xml:lang="de">Part Q Classifications (Root)</label>
        <locked_by_id is_null="1" />
        <major_rev>A</major_rev>
        <managed_by_id is_null="1" />
        <minor_rev is_null="1" />
        <modified_by_id keyed_name="Innovator Admin" type="User">30B991F927274FA3829655F50C99472E</modified_by_id>
        <modified_on>2016-12-21T09:08:10</modified_on>
        <new_version>1</new_version>
        <not_lockable>0</not_lockable>
        <owned_by_id is_null="1" />
        <permission_id keyed_name="Default Access" type="Permission">9122CD065CF04141B8EFE263FC80BEA4</permission_id>
        <state is_null="1" />
        <team_id is_null="1" />
        <name>Part Q Classifications (Root)</name>
      </Item>
</AML>