﻿<AML>
 <Item type="Method" id="8A56F3E76C454E83A8355BF2BCEA798F" action="add">
  <comments>handles a treeGrid defined by configuration - Clone it, if you need addtional logic</comments>
  <execution_allowed_to keyed_name="World" type="Identity">A73B655731924CD0B027E4F4D5FCC0A9</execution_allowed_to>
  <method_code><![CDATA[// =======================================================
// JavaScript Method to "handle" display of structure node and structure relationships configured
//
// Depends on methods: (that must be loaded first !!!)
//   "CommonBase GridUtiltities"
//   "CommonBase GridConfiguration"
//   "configStructure GridMenuHandler"   <-- this method ommonBase GridConfiguration"
//  
// The toolbar, grid layout, and grid context menus are defined by a separate configuration module.
//
// If you want to create your own specialized grid handling logic, you can CLONE this JS method and then
// modify its logic to be used instead of this JS method
//
// Rolf Laudenbach
// 2015
// =======================================================

// load with --> onLoad Event on Form:
var formWasStartedFrom;
var isStartedFromTab = false;
if (top.relationships && typeof(top.relationships) !== undefined) {isStartedFromTab=true;}

// callback from html field on form - gets called when this html field is loaded together with the form it is on.
window.initTreeGrid = function() {
	var confNameItem = top.aras.newIOMItem("");

	confNameItem.loadAML('<Item type="tgc_Apply to Item Types" action="get"  select="source_id(name),item_type_name" ><item_type_name>'+document.thisItem.getType()+'</item_type_name></Item>');
	confNameItem = confNameItem.apply();
	// validate configuration found
	var errMsg = "";
	if (confNameItem.getItemCount() > 1) {
		errMsg = "Multiple grid configurations: '";
		var sep="";
		for (var i=0;i<confNameItem.getItemCount(); i++) {
			errMsg += sep + confNameItem.getItemByIndex(i).getPropertyItem("source_id").getProperty("name","");
			sep = ",";
		}
		errMsg += "' found for ItemType = '"+document.thisItem.getType()+"' ! An ItemType can only be assigned to one grid configuration at a time.";
		top.aras.AlertError(errMsg); return; 
	}
	errMsg = "Could not look up 'Configuration Name' of ItemType = '"+document.thisItem.getType()+"' ! Update your grid configuration settings.";
	if (confNameItem.isError()) {top.aras.AlertError(errMsg); return; }
	
	// get configuration's name to load and process
	var gridConfigurationName = confNameItem.getPropertyItem("source_id").getProperty("name","");
	
	if (gridConfigurationName === "") {top.aras.AlertError(errMsg); return; }

	treeGridHandler = new treeGridHandlerClass();
	treeGridHandler.setGridConfiguration(new TreeGridConfiguration(gridConfigurationName));
	treeGridHandler.loadTreeGridAndToolbarIntoHtmlBody();
	
	treeGridHandler.setMenuActionHandler(new BaseMenuActionHandler());
	treeGridHandler.setCustomMenuActionHandler (new customMenuAction());
};

// callback from method "ForceGridRefreshOnRelTabs - so topItem's populate event also results in a refresh of the grid"
window.forceGridRefreshOnRelationship = function(relshipTypeName) {
	if (!isStartedFromTab) {return;}

	//if this relationship name is registered in config constant "itemTabRelShipNames", then fire refresh action.
	var confTabRels = treeGridHandler.CONFIG.getValue("itemTabRelShipNames");
	if (confTabRels.indexOf(relshipTypeName) >= 0) {
		treeGridHandler.refreshGridWithTimout(true);
	}
};

treeGridHandlerClass = function treeGridHandlerClassFunc() { // grid class instantiation
	this.gridLayoutInitialized = false;
    this.initialized = false;
};
treeGridHandlerClass.prototype = new BaseGrid(); // adding base class from common grid utilities

treeGridHandlerClass.prototype.setGridConfiguration = function treeGridHandlerClass_setGridConfiguration(configContext) {
  this.CONFIG = configContext;
};
treeGridHandlerClass.prototype.setMenuActionHandler = function treeGridHandlerClass_setMenuActionHandler(baseMenuActionHandler) {
	this.baseMenuActionHandler = baseMenuActionHandler;
};
treeGridHandlerClass.prototype.setCustomMenuActionHandler = function treeGridHandlerClass_setCustomMenuActionHandler(customMenuActionHandler) {
	this.baseMenuActionHandler.setCustomMenuActionHandler(customMenuActionHandler);
};

treeGridHandlerClass.prototype.initGridLayout = function treeGridHandlerClass_initGridLayout() {
//debugger;
    //load mappings of properties to columns (of different row types)
	if (!this.structureRelName) {return false;}

	//determine grid view to use
	this.viewName = "default";
	
	this.structItemBgColor = this.CONFIG.getGridStructureRowBgColor();
	this.RootRowBgColor = this.CONFIG.getValue("rootRowsBgColor");
	
	this.showStructureOnly = false;
	
	if (!this.CONFIG.viewConfigExists(this.viewName)) 
	  {top.aras.AlertError(top.aras.getResource("CommonUtilities","commonUtilities.message.config_of_grid_view_x_does_not_exist")+" "+this.viewName);return false;}
	
	this.gridEmptyTable_xml = this.CONFIG.buildGridLayoutXml(this.viewName, this.showBaselineColumns, this.hasInputRow); //reads prop mappings and rel menu actions
	this.gridVisibleColumns = this.CONFIG.visibleGridColumns;
	this.gridContextMenu = this.CONFIG.getAllMenuActions(this.viewName);

	this.numberOfGridColumns = this.CONFIG.getNumberOfVisibleColumns();
	this.lockIconColumnNo = this.CONFIG.lockColumnIndex;

	//+++++ diff view configurations
	this.diffViewChangeActions = [];
	this.diffViewChangeActions["changeActionBlank"] = this.CONFIG.getValue("changeActionBlank");
	this.diffViewChangeActions["changeActionDeleted"] = this.CONFIG.getValue("changeActionDeleted");
	this.diffViewChangeActions["changeActionAdded"] = this.CONFIG.getValue("changeActionAdded");
	this.diffViewChangeActions["changeActionNewVersion"] = this.CONFIG.getValue("changeActionNewVersion");
	this.diffViewChangeActions["changeActionModified"] = this.CONFIG.getValue("changeActionModified");
	this.diffViewChangeActionBgColor = this.CONFIG.getValue("changeActionCellBgColor");
	this.diffViewDeletedRowTextColor = this.CONFIG.getValue("deletedRowTextColor");
	this.diffViewAddedRowTextColor = this.CONFIG.getValue("addedRowTextColor");
	this.diffViewAddedRowColsToClear = this.CONFIG.getValue("addedRowColsToClear");

	this.changeActionColumnNo = this.CONFIG.getChangeActionColumnIndex();
	if (this.showBaselineColumns && this.changeActionColumnNo < 0)
	  {top.aras.AlertError(top.aras.getResource("CommonUtilities","commonUtilities.message.invalid_config_of_change_action")); return;}
	//^^^^^ diff view configurations
 
	this.grid.InitXml(this.gridEmptyTable_xml);
	
	this.gridLayoutInitialized = true;
	return true;
};

treeGridHandlerClass.prototype.onBeforeInitialize = function treeGridHandlerClass_onBeforeInitialize() {
    this.topItemId = "undefined";
    this.topItem = null;

	this.numberOfGridColumns=-1; //init
    this.structItemBgColor = "";
	this.RootRowBgColor = "";
	
	this.structureNodeTypeName = this.CONFIG.getGridStructureNodeName();
	this.structureRootItemId = "undefined";
	this.structureRelName = this.CONFIG.getGridStructureRelShipName();
	
    this.hasInputRow = (this.CONFIG.getValue("hasInputRow") === "true");
    this.isExpandRootRowsOnStart = (this.CONFIG.getValue("isExpandRootRowsOnStart") === "true");
};

treeGridHandlerClass.prototype.initialize = function treeGridHandlerClass_Initialize() {
	this.onBeforeInitialize();
//debugger;
    this.hasInputRow = false;
	this.inputRowTdVals = null;
	this.gridData_AML=null;

    this.hasInputRow = false;
    this.IsExpandOnStart = false;
	this.clickedGridLinkValue = "";

	this.hasToolbar = true;  // grid could be loaded without toolbar
	
	if (this.hasToolbar) {
		this.showToolbarLabels = (top.aras.getVariable('ShowLabels') == 'true');

		var xml = this.CONFIG.getToolbarXML();

		if (this.arasUseOldDojoPath) {this.toolbar.LoadToolbarFromStr(xml);}
		else {this.toolbar.loadToolbarFromStr(xml);}
		this.toolbar.show();
		
	}

	// init choice settings on toolbar
	this.setChoiceSelectionOnToolbar("relation_ship_filter", this.CONFIG.getValue("relationshipFilterStartup"), true); // ignore refresh
	this.setChoiceSelectionOnToolbar("diff_view", "diff_view_off", true); // ignore refresh
    this.fixEffectivityToReleased = false; // defines startup effectivity mode
	if (this.showBaselineColumns) {
		this.fixEffectivityToReleased=true;
		this.setChoiceSelectionOnToolbar("effectivity_mode", "latest_released", true); // ignore refresh
	}
	else {
		this.setChoiceSelectionOnToolbar("effectivity_mode", "current_config", true); // ignore refresh
	}

	this.initialized = true;
	//alert("grid initialized");

	this.skipNextDraw = false;
//	if (isStartedFromTab) { // apply skip logic
//		if (this.browserType.indexOf("MSIE") < 0) {this.skipNextDraw = true;}  // for non-IE set to true
//	}
	this.gridRefresh(!this.skipNextDraw);  //refresh with load=true will come later from "forceRefreh" method of form's onPopulate even
};

treeGridHandlerClass.prototype.defineTopItemContext = function treeGridHandlerClass_defineTopItemContext() {
  //debugger;
  var thisItem = document.thisItem;  //context item - can be different depending on how form was started !!!
  if (!thisItem || thisItem === undefined) {top.aras.AlertError("Cannot define Root Item of structure!"); return;}
  
  this.structureRootItemId = "undefined";
  this.topItem = thisItem;
  this.topItemType = thisItem.getType();
  this.topItemId = thisItem.getAttribute("id",""); 

  this.gridIsEditable = top.aras.isLockedByUser(thisItem.node); //if top item is locked
  
  // --- detect context grid - form was started from
  var itm,pn,prev,pgen,itmtype;
  itmtype = this.CONFIG.getGridStructureNodeName();

  // --- define Root Item to start structure with
  
  // root item is hard coded item of structure node type
  if(this.CONFIG.rootItemConfigId && this.CONFIG.rootItemConfigId !== "") { 
	var aml = '<Item type="'+this.structureNodeTypeName+'" action="get" >';
	aml += '<config_id>'+this.CONFIG.rootItemConfigId+'</config_id>';
	if (this.CONFIG.rootItemGeneration && this.CONFIG.rootItemGeneration !== "") {
		aml += '<generation>'+this.CONFIG.rootItemGeneration+'</generation>';
	}
	aml += '</Item>';
	var rootItem = top.aras.newIOMItem("");
	rootItem.loadAML(aml);
	rootItem = rootItem.apply();
	if (rootItem.isError()) {top.aras.AlertError("Retrieving root item failed ! ("+aml+")");return;}
  
  	this.structureRootItemId = rootItem.getID();
  }
  // is root item is linked from top item	
  if(this.CONFIG.rootItemPropertyName && this.CONFIG.rootItemPropertyName !== "") {  
	this.structureRootItemId = thisItem.getProperty(this.CONFIG.rootItemPropertyName,"undefined");
  }
  
  // is root item is the same as top item
  if (this.structureRootItemId === "undefined" && this.topItemType === this.structureNodeTypeName) {
	this.structureRootItemId = this.topItemId;
  }

  this.currentUserIsOwnerOfTopItem = fn_IsCurrUserMemberOfIdentityId(this.topItem.getProperty("owned_by_id",""));	
  this.currentUserIsManagerOfTopItem = fn_IsCurrUserMemberOfIdentityId(this.topItem.getProperty("managed_by_id",""));	
  //this.currentUserIsTeamGuestOfTopItem = fn_isUserMemberOfThisItemTeamGuest(document.thisItem); 
};

//--------------
treeGridHandlerClass.prototype.GetGridData = function treeGridHandlerClass_GetDataSource(rootItemType, rootItemId, isReleased) {
var aml = this.CONFIG.buildGridDataQueryAML(this.viewName, rootItemType, rootItemId, isReleased);
  //alert(aml);
  var resItem = top.aras.newIOMItem("","");
  resItem.loadAML(aml);
  resItem = resItem.apply();
  return resItem;
};

// +++++ Draw grid contents +++++
treeGridHandlerClass.prototype.Draw = function treeGridHandlerClass_Draw(isReLoad) {
	//alert(this.skipNextDraw);
    if (this.skipNextDraw === true) {this.skipNextDraw=false; return;}

	if (this.hasInputRow) {this.grid.showInputRow(true);}

	//alert("draw");
	// get data from server
	if (isReLoad) {
		//alert("reLoad");
		// re-set variables related to top/root item
		this.defineTopItemContext();

		if (!this.initGridLayout()) {return;}
		var isReleased = (this.getChoiceSelectionFromToolbar("effectivity_mode") === "latest_released");
		this.isReleasedMode = isReleased;
		var itm;
		if (isReleased === true) {
			itm = top.aras.newIOMItem(this.structureNodeTypeName);
			itm.setAttribute("id",this.structureRootItemId);
			itm = itm.apply("Get ItemID of Released Gen");
			if (itm.isError()) {
				this.grid.removeAllRows();
				top.aras.AlertError("Top item does not have a released generation ! - Change effectivity to 'current' refresh the grid."); return;
			}
			this.structureRootItemId = itm.getProperty("id");
		}
		this.gridData_AML = this.GetGridData(this.structureNodeTypeName,this.structureRootItemId,isReleased);
		if (this.gridData_AML.getItemCount() === 0) {return;} // do nothing 
		if (this.gridData_AML.isError()) {top.areas.AlertError(this.gridData_AML.getErrorString()); return;} // do nothing 

		if (this.showBaselineColumns) {
			itm = top.aras.newIOMItem(this.structureNodeTypeName);
			itm.setAttribute("id",this.structureRootItemId);
			itm = itm.apply("Get ItemID of Current Gen");
			if (itm.isError()) {
				this.grid.removeAllRows();
				top.aras.AlertError("Cannot retrieve current version of top part item !"); return;
			}
			if (this.structureRootItemId === itm.getID()) {
				//top.aras.AlertError("Current version of part is released version !"); return;
				if (!confirm("Current version of root item is released version ! Do you want to continue without diff view ?")){return;}
				this.setChoiceSelectionOnToolbar("effectivity_mode", "latest_released", true); // ignore refresh
				this.setChoiceSelectionOnToolbar("diff_view", "diff_view_off", true); // ignore refresh
				this.showBaselineColumns = false;
			}
			if (this.showBaselineColumns) {
				this.gridDiffData_AML = this.GetGridData(this.structureNodeTypeName,itm.getID(),false);  // read PartBOM of current version of top part
			}
		}
	}
    // draw data into grid
	if (this.showBaselineColumns) {
		this.DrawGridContent(this.gridData_AML, false, this.CONFIG.getValue("changeActionDeleted"));
		this.DrawGridContent(this.gridDiffData_AML, true);
	}
	else {
		this.DrawGridContent(this.gridData_AML, false);
	}
};

treeGridHandlerClass.prototype.DrawGridContent = function treeGridHandlerClass_DrawGridContent(dataItem,applyDiffView,initialChangeAction) {
    if (!dataItem) {return;}  //cannot draw, if XML is null
	if (!this.gridLayoutInitialized) {return;} //initGridLayout did not complete all settings - wait for next Draw event.
	
	//debugger;

	// determine current relationship filter setting
	var tbRelShipFilter = this.getChoiceSelectionFromToolbar("relation_ship_filter");
	if (tbRelShipFilter && tbRelShipFilter !== undefined) {
		switch(tbRelShipFilter)
		{
		case "show_structure_only":
			this.showStructureOnly = true;
			break;
		default:
			this.showStructureOnly = false;
			this.showRelShipsFilter = tbRelShipFilter;
		}
	}
	
	if (!applyDiffView) {
		this.grid.removeAllRows();
		this.clearGridRowUserData(); //clear gridUserData of all registered rows
		this.structureRowRelDefinitions = this.CONFIG.getGridStructureRowRelShipDefinitions(this.viewName);
		this.relShipColumnMappings = this.CONFIG.relshipColumnMappings;	
	}
	else {
	    this.relShipBaselineColumnMappings = this.CONFIG.relshipBaselineColumnMappings;	
	}

	var rowConfig = {};
	rowConfig.rowIcon = this.CONFIG.getGridStructureRowIcon();
	rowConfig.rowBgColor = this.RootRowBgColor;

	if (this.showStructureOnly === true) {rowConfig.rowBgColor = "";}
	var rootItem = dataItem.getItemByIndex(0);
	var rowID = this.DrawStructureRootRow(this.structureRelName, rootItem, rowConfig, applyDiffView, initialChangeAction ); //"CommonBase GridUtilities" function

	if (!applyDiffView) {
		this.setGridRowUserData(rowID,"rowItemType",this.structureNodeTypeName);
		this.setGridRowUserData(rowID,"rowItemID",rootItem.getID());
	}
	rowConfig.rowBgColor = this.structItemBgColor;
	if (this.showStructureOnly === true) {rowConfig.rowBgColor = "";}
	var parents = {}; //needed for recursive calls to resolve multi-level children of structure
	this.DrawStructureRowChildren(this.structureRelName, dataItem, rootItem.getProperty("config_id",""), rowID, parents, rowConfig, applyDiffView, initialChangeAction); //"CommonBase GridUtilities" function

	if (!applyDiffView) {
	  if (this.isExpandRootRowsOnStart) {
		// need a timeout before openItem can be called. 	  
		var self = this;
		setTimeout(function(){
		try {
			} finally {
				self.grid.openItem(rowID); //Root Item
		}} , 200);
	  }
	}
	else {
		this.colorCodeAddedAndDeletedRows();
	}
	return;
};
// ^^^^^^ Draw grid contents ^^^^^^

treeGridHandlerClass.prototype.SetIsDirtyAndUpdateAction = function treeGridHandlerClass_SetIsDirtyAndUpdateAction(item) {
	//+++ set action update if action is null
	var ancestorAndSelf = item.selectNodes("ancestor-or-self::Item");
	for (var i = 0; i < ancestorAndSelf.length; i++) {
		var itemNode = ancestorAndSelf[i];
		itemNode.setAttribute("isDirty", "1");
		if(!itemNode.getAttribute("action")) {
			itemNode.setAttribute("action", "update");
		}
	}
};

treeGridHandlerClass.prototype.onBeginEditCell = function treeGridHandlerClass_onBeginEditCell(eArg) {
	var cellRowID = eArg.rowId;
	var cellColIndex = eArg.column;
	//debugger;

	if (cellRowID=="input_row") {
	  if (!this.gridVisibleColumns[cellColIndex].colFilterEdit || this.gridVisibleColumns[cellColIndex].colFilterEdit === "noedit")
        {return false;}
      else
        {return true;}
    }
	
	if(!this.gridIsEditable) {
		return false;
	}

	if (this.gridVisibleColumns[cellColIndex].colEditType && this.gridVisibleColumns[cellColIndex].colEditType !== "noedit")
       {return true;}

	// add more logic with conditions when a cell should be editable here ...  return true, if selected cell should be editable
	   
};

treeGridHandlerClass.prototype.onEndEditCell = function treeGridHandlerClass_onEndEditCell(eArg) {
	var cellRowID = eArg.rowId;
	var cellColIndex = eArg.column;

    // special handling for input row (execute filtering)
	if (cellRowID=="input_row") {
		var filters = this.getInputRowVals();
    }

	// add logic to trigger actions after edit cell has finished here ...
	
	return;
};

treeGridHandlerClass.prototype.initActionArgs = function treeGridHandlerClass_initActionArgs(eActionArgs,selectedId) {
	if (selectedId && selectedId !== undefined) {
		eActionArgs.rowId = selectedId;
		eActionArgs.rowItemType = this.getGridRowUserData(selectedId,"rowItemType");
		eActionArgs.rowItemId = this.getGridRowUserData(selectedId,"rowItemID");
		eActionArgs.rowOfGroupName = this.getGridRowUserData(selectedId,"rowOfGroupName");
		eActionArgs.isPhantomRow = (this.getGridRowUserData(selectedId,"isPhantomRow") === "1");	
	}
	eActionArgs.gridHandler = this;
	eActionArgs.gridIsEditable = this.gridIsEditable;
	eActionArgs.userIsOwnerOfContextItem = this.currentUserIsOwnerOfTopItem;
	eActionArgs.isStartedFromTab = isStartedFromTab;
	eActionArgs.effectivityMode =  this.getChoiceSelectionFromToolbar("effectivity_mode");
};

treeGridHandlerClass.prototype.gridRefresh = function treeGridHandlerClass_gridRefresh(isReLoad) {
	var self = this;
	if (self.hasToolbar) {self.enableToolbar(false);}
	self.grid.setPaintEnabled(false);

	document.getElementById(this.grid.connectId).style.visibility = 'hidden';
	document.getElementById('loadingInProgress').style.visibility = 'visible';

	setTimeout(function(){
		try {
			var gridState = self.GetGridState();
			self.Draw(isReLoad);
			self.SetGridState(gridState);
			setTimeout(function()
			{
				self.SetGridState(gridState);
				if (typeof self.IsExpandOnStart === "boolean") {
					if (self.IsExpandOnStart) {self.grid.expandAll();}
					else {self.grid.collapseAll();}
					delete self.IsExpandOnStart;
				}
			},0);
		} finally {
			document.getElementById('loadingInProgress').style.visibility = 'hidden';
			document.getElementById(self.grid.connectId).style.visibility = 'visible';
			self.grid.setPaintEnabled(true);
			if (self.hasToolbar) {self.enableToolbar();}
		}
	} ,0);

};

treeGridHandlerClass.prototype.refreshGridWithTimout = function treeGridHandlerClass_refreshGridWithTimout(isReload) {
	//If Refresh will be called multiple times per one execution scope then postponned call of Refresh_Impl will be canceled and initiated new call
	//That is mean that Refresh_Impl will be called once.
	if(this.Refresh_Impl_timeout) {
		clearTimeout(this.Refresh_Impl_timeout);
		delete this.Refresh_Impl_timeout;
	}
	var self = this;
	//Need setTimeout because during handling OnPopulated event document.thisItem contain old item and it will be refreshed after OnPopulated event
	this.Refresh_Impl_timeout = setTimeout(function () {
		self.gridRefresh(isReload);
	}, 0);
};

//+++++  BEGIN Toolbar's custom handlers
treeGridHandlerClass.prototype.enableToolbar = function treeGridHandlerClass_enableToolbar(enableToolbarElements) {
	if (!this.fixEffectivityToReleased && this.fixEffectivityToReleased === undefined) {this.fixEffectivityToReleased = false;}
	
	for (var toolbarElement in this.CONFIG.getToolbarElements()) {
		fn_enableToolbarElement(this.toolbar, toolbarElement, enableToolbarElements, false);
		
		if (this.fixEffectivityToReleased && toolbarElement.indexOf("effectivity_") >= 0) {
			fn_enableToolbarElement(this.toolbar, toolbarElement, false, false);  // force to be disabled
		}
	}
	this.toolbar.showLabels(this.showToolbarLabels);
};

treeGridHandlerClass.prototype.onToolbarClick = function treeGridHandlerClass_onToolbarClick(eArg) {
	if (this.initialized === false) {return;}
	var actionId = eArg.id;

    // add toolbar actions here ...	
	switch(actionId)
	{
		case "expand_all":
			this.expandAll(true);
			break;
		case "collapse_all":
			this.expandAll(false);
			break;
		case "refresh_all":
			this.gridRefresh(true);
			break;
	}
	
  // find corresponding menu action for this toolbar action for selected row
  if (!this.baseMenuActionHandler || this.baseMenuActionHandler === undefined) {return;} // menu action handler not registered
  var selectedId = this.grid.getSelectedId(); //selected grid row
  if (!selectedId || typeof(selectedId) == "undefined" || selectedId === "" || selectedId === "NOTHING_MSG") {
       return;
  }
  var idx = -1;
  for (var i = 0; i < this.gridContextMenu.length && idx < 0; i++) {
    if (this.gridContextMenu[i].name === actionId) {idx = i;}
  }
  if (idx >=0) {
	var menuItem = this.gridContextMenu[idx];
	var eActionArgs = {};
	this.initActionArgs(eActionArgs,selectedId);
	eActionArgs.actionSource = "toolbar";

	var checkMsg = this.baseMenuActionHandler.executeAction(eActionArgs, menuItem);  
	if (checkMsg !== "") {top.aras.AlertError(checkMsg); return;}
  }
};

treeGridHandlerClass.prototype.onToolbarChange = function treeGridHandlerClass_onToolbarChange(eArg) {
    if (this.ignoreToolbarChangeEvent === true) {this.ignoreToolbarChangeEvent = false; return;}
	if (this.initialized === false) {return;}

	var id = eArg.id;
	var doInitLayout = false;
	var doRefresh = false;
	
	if (id == "effectivity_mode")	{doRefresh=true;}
	if (id == "relation_ship_filter")  	{doInitLayout= true; doRefresh=true;}	

	if (id == "diff_view")  {
		if (this.getChoiceSelectionFromToolbar("diff_view") === "diff_baseline_view") {
			this.fixEffectivityToReleased = true;
			this.showBaselineColumns = true;
			this.setChoiceSelectionOnToolbar("effectivity_mode", "latest_released", true); // ignore refresh
		}
		else {
			this.fixEffectivityToReleased = false;
			this.showBaselineColumns = false;
			this.setChoiceSelectionOnToolbar("effectivity_mode", "current_config", true); // ignore refresh
		}
		doInitLayout= true; doRefresh=true;
	}
	if (doInitLayout) {if (!this.initGridLayout()){return;}}
	if (doRefresh) {this.gridRefresh(true);}
};
//^^^^^  BEGIN Toolbar's custom handlers

// Dynamically builds the grid context menu based on select row item's context - requires menuActionHandler class !!!
treeGridHandlerClass.prototype.onGridMenuInit = function treeGridHandlerClass_onGridMenuInit(eArg) {
	if (!this.baseMenuActionHandler || this.baseMenuActionHandler === undefined) {return;} // menu action handler not registered

	var id_array = this.grid.getSelectedItemIds("|").split("|");  //supports multi-select
	var eActionArgs = {};
	this.initActionArgs(eActionArgs);
	
	if (id_array.length == 1) {
		eActionArgs.rowId = id_array[0];
		eActionArgs.rowItemType = this.getGridRowUserData(id_array[0],"rowItemType");
		eActionArgs.rowOfGroupName = this.getGridRowUserData(id_array[0],"rowOfGroupName");
		eActionArgs.rowItemId = this.getGridRowUserData(id_array[0],"rowItemID");
		eActionArgs.isPhantomRow =  (this.getGridRowUserData(id_array[0],"isPhantomRow") === "1");

		//get Item details from server
		var rowItem = top.aras.newIOMItem(eActionArgs.rowItemType,"get");
		rowItem.setID(eActionArgs.rowItemId);
		rowItem.setAttribute("select","state,owned_by_id,managed_by_id,team_id,is_released,is_current,locked_by_id");
		rowItem = rowItem.apply();
		if (!rowItem.isError()) {
			eActionArgs.rowItemIsReleased = (rowItem.getProperty("is_released","0") === "1");
			eActionArgs.userIsOwnerOfRowItem = fn_IsCurrUserMemberOfIdentityId(rowItem.getProperty("owned_by_id",""));
			eActionArgs.userIsOwnerOrManagerOfRowItem = fn_IsCurrUserMemberOfIdentityId(rowItem.getProperty("owned_by_id",""));
			if (eActionArgs.userIsOwnerOrManagerOfRowItem === false) 
			  {eActionArgs.userIsOwnerOrManagerOfRowItem = fn_IsCurrUserMemberOfIdentityId(rowItem.getProperty("managed_by_id",""));}

			// define lock status
			var lckId = rowItem.getProperty("locked_by_id","");
			eActionArgs.lockStatus = 0; //not locked
			if (top.aras.getUserID() === lckId) {eActionArgs.lockStatus = 1;} // locked by user
			else {if (lckId !== "") {eActionArgs.lockStatus = 2;}} // locked by other
			var col = this.lockIconColumnNo;
			if (col && col >= 0) {//update icon
				this.gridSetCellValue(id_array[0],this.lockIconColumnNo,fn_GetLockedCellIconFormatByStatusCode(this.icons,eActionArgs.lockStatus));}		
		}
	}

	this.baseMenuActionHandler.buildContextMenuForThisRow(eArg.menuItems, this.gridContextMenu, id_array, eActionArgs);
	return true;
};

//+++++  BEGIN Grid's custom grid handlers
treeGridHandlerClass.prototype.onGridMenuClick = function treeGridHandlerClass_onGridMenuClick(menuChoice) {
  if (!this.baseMenuActionHandler || this.baseMenuActionHandler === undefined) {return;} // menu action handler not registered
  var selectedId = this.grid.getSelectedId(); //selected grid row
  if (!selectedId || typeof(selectedId) == "undefined" || selectedId === "" || selectedId === "NOTHING_MSG") {
       return;
  }
  var menuItem = this.baseMenuActionHandler.getContextMenuItemOfMenuIndex(this.gridContextMenu, menuChoice);
  if (!menuItem) {return;}
  var eActionArgs = {};
  this.initActionArgs(eActionArgs,selectedId);
  eActionArgs.actionSource = "menu";

  //debugger;
  var checkMsg = this.baseMenuActionHandler.executeAction(eActionArgs, menuItem);
  if (checkMsg !== "") {top.aras.AlertError(checkMsg); return;}
};

treeGridHandlerClass.prototype.onGridClick = function treeGridHandlerClass_onGridClick(eArg) {
	if (this.initialized === false) {return;}
};

treeGridHandlerClass.prototype.onGridDoubleClick = function treeGridHandlerClass_onGridDoubleClick(eArg) {
  if (!this.baseMenuActionHandler || this.baseMenuActionHandler === undefined) {return;} // menu action handler not registered
	var selectedId = eArg.rowId;

	var menuItem = this.baseMenuActionHandler.getContextMenuItemOfOpenItemAction(this.gridContextMenu, this.getGridRowUserData(selectedId,"rowRelationshipType"));
	if (!menuItem) {return;}
	var eActionArgs = {};
	this.initActionArgs(eActionArgs,selectedId);
	eActionArgs.actionId = menuItem.name;
	eActionArgs.actionSource = "doubleclick";

	var checkMsg = this.baseMenuActionHandler.executeAction(eActionArgs, menuItem);
	if (checkMsg !== "") {top.aras.AlertError(checkMsg); return;}
};

treeGridHandlerClass.prototype.onGridLinkClick = function treeGridHandlerClass_onGridLinkClick(eArg) {
	//debugger;
  if (!this.baseMenuActionHandler || this.baseMenuActionHandler === undefined) {return;} // menu action handler not registered
    var linkInfo = eArg.linkData.split("~");
	var selectedId = linkInfo[0];
	var col = linkInfo[1];
	var cellVal = this.gridGetCellValue(selectedId,col);
	
	var eActionArgs = {};
	eActionArgs.actionSource = "hyperlink";
	eActionArgs.rowItemType = this.getGridRowUserData(selectedId,"rowItemType");
	eActionArgs.rowOfGroupName = this.getGridRowUserData(selectedId,"rowOfGroupName");
	eActionArgs.rowItemId = this.getGridRowUserData(selectedId,"rowItemID");
	eActionArgs.rowNewItemId = this.getGridRowUserData(selectedId,"rowNewItemId");

	this.baseMenuActionHandler.executeLink(eActionArgs, linkInfo[2], cellVal);
};
//^^^^^  END Grid's custom grid handlers

// =======  Other helper functions  ========
//-----------------
fn_ReadVariableValue = function (variableName, defaultValue) {
	if (!defaultValue || defaultValue === undefined) {defaultValue="";}
	var variable_dom = top.aras.getItemFromServerByName("Variable", variableName, "value,default_value");
	if (variable_dom) {return variable_dom.getProperty("value",defaultValue);}
	else {return defaultValue;}
};
]]></method_code>
  <method_type>JavaScript</method_type>
  <name>configStructure GridHandler</name>
 </Item>
</AML>