﻿<AML>
 <Item type="Method" id="8FA06307D01A41F1B277938165B74524" action="add">
  <execution_allowed_to keyed_name="World" type="Identity">A73B655731924CD0B027E4F4D5FCC0A9</execution_allowed_to>
  <method_code><![CDATA[Dim i as integer
for i=0  to Me.getItemCount()-1
Dim itm as Item = Me.getItemByIndex(i)
	if (itm.getProperty("relationship_select_properties","") = "") then itm.setProperty("relationship_select_properties","sort_order,related_id")

	if (itm.getProperty("related_item_select_properties","") = "") then itm.setProperty("related_item_select_properties","id,generation,config_id,major_rev,classification,created_by_id(keyed_name),owned_by_id(keyed_name),managed_by_id(keyed_name),team_id(keyed_name),current_state(label),state,locked_by_id(keyed_name)")

next i
return Me]]></method_code>
  <method_type>VB</method_type>
  <name>tgc_RelMapping Defaults</name>
 </Item>
</AML>