﻿<AML>
 <Item type="Method" id="D57E87ED25134E04B8579F4C8302F749" action="add">
  <comments>Gets the Characteristics of a specified Item Class up to the root of the Item Class Hierarchy</comments>
  <execution_allowed_to keyed_name="World" type="Identity">A73B655731924CD0B027E4F4D5FCC0A9</execution_allowed_to>
  <method_code><![CDATA[// item context passed in must be of "Item Class Characteristic"
// item attribute "select" can be used to drive properties returned in result. if missing a default is used.

// custom attribute "itemClassId" or "itemClassName" must be set to define the Item Class to start with
// optional custom attribute "getUpToRoot" 

// returns collection of type "Item Class Characteristic" 
// with <source_id> (Item Class) details (name,label,...
// with <related_id> (Item Characteristic) details (name,label,characteristic_value_type.

// Example:
//  <Item type="Item Class Characteristic" action="ItemCharacteristicGetOfClassUp" itemClassId="F3EDD43F596C4938B30F20CBD53D9D29" >
//  </Item>

string itemClassResultProps = "name,label,description,item_class_path";
string itemCharacteristicSelectDefault = "name,label,characteristic_value_type,value_unit_of_measure,has_allowed_list_value,default_text_value,default_min_value,default_max_value,max_text_length,max_numeric_length,value_decimal_precision";

//System.Diagnostics.Debugger.Break();

string itemType = this.getType();
if (itemType != "Item Class Characteristic") {return this.getInnovator().newError("Item context passed in is of type '"+itemType+"'. It must be of type 'Item Class Characteristic' !");}  
string itemClassId = this.getAttribute("itemClassId","");
string itemCharacteristicSelect = this.getAttribute("itemCharacteristicSelect",itemCharacteristicSelectDefault);
bool getUpToRoot = (this.getAttribute("getUpToRoot","0") == "1");
if (itemClassId == "")
{
  string itemClassName = this.getAttribute("itemClassName","");
  if (itemClassName == "") {return this.getInnovator().newError("Custom attibute 'itemClassId' or 'itemClassName' is missing ! Must be provided !");}
  
  Item itemClass = this.newItem("Item Class","get");
  itemClass.setProperty("name",itemClassName);
  itemClass = itemClass.apply();
  
  if (itemClass.getItemCount() <=0 ) {return itemClass;}
  itemClassId = itemClass.getID();
}

string classIdsList = "";

if (getUpToRoot)
{
  //call utitity method to traverse class hierarchy
  Item qryItem = this.newItem("Item Class","Get ItemIDs of Structure Up");
  qryItem.setAttribute("relationshipName","Item Class Hierarchy");
  qryItem.setID(itemClassId);
  qryItem = qryItem.apply();
  classIdsList = qryItem.getResult();
  //if (classIdsList == "") {return this.getInnovator().newError("Method 'Get ItemIDs of Structure Up' did not return any Item Class ids !");}


  // add starting item class id to list (utlitlity method, does not include it)
  if (classIdsList == "") { classIdsList = itemClassId;}
  else {classIdsList = itemClassId + "," + classIdsList;}

  classIdsList = "'" + classIdsList.Replace(",","','") + "'";
}
else
{
  classIdsList = "'" + itemClassId + "'";  //just a single id
}

string aml="";
aml +="<Item type=\"Item Class Characteristic\" action=\"get\" select=\"source_id,sort_order,related_id\" >";
aml +=	"<source_id>";
aml +=		"<Item type=\"Item Class\" action=\"get\" select=\""+itemClassResultProps+"\" >";
aml +=			"<id condition=\"in\">"+classIdsList+"</id>";
aml +=		"</Item>";
aml +=	"</source_id>";
aml +=	"<related_id>";
aml +=		"<Item type=\"Item Characteristic\" action=\"get\" select=\""+itemCharacteristicSelect+"\" >";
aml +=			"<Relationships>";
aml +=				"<Item type=\"Item Characteristic List Value\" action=\"get\" select=\"sort_order,value,label\" >";
aml +=				"</Item>";
aml +=			"</Relationships>";
aml +=		"</Item>";
aml +=	"</related_id>";
aml +="</Item>";

string resultSelect = this.getAttribute("select","");
Item characteristicList = this.newItem("");
characteristicList.loadAML(aml);

Item result = characteristicList.apply();

return result;]]></method_code>
  <method_type>C#</method_type>
  <owned_by_id keyed_name="Super User" type="Identity">6B14D33C4A7D41C188CCF2BC15BD01A3</owned_by_id>
  <name>ItemCharacteristicGetOfClassUp</name>
 </Item>
</AML>