﻿<AML>
 <Item type="Method" id="B25B7E3113234A5388C4DC4FFD0529D0" action="add">
  <execution_allowed_to keyed_name="World" type="Identity">A73B655731924CD0B027E4F4D5FCC0A9</execution_allowed_to>
  <method_code><![CDATA[// if edit mode then show button to start special search dialog
// else hide the button
window.itemProperty = "";

if (document.isEditMode) {
	document.getElementById('showItemClassBtn').style.visibility = 'visible'; 
} else {
	document.getElementById('showItemClassBtn').style.visibility = 'hidden';
}

// --------------
showOrHideButtons = function () {
 var elements = document.getElementsByTagName("input");
 for (var i=0; i<elements.length; i++){
   // Look for a custom attribute named "populate"
   if (elements[i].identity_search_link == "1") {
     var elem = elements[i].parentNode;
     elem = elem.parentNode;
     if (document.isEditMode) { //  Form is in edit mode,
       elem.style.visibility = "visible";
     }
     else {
       elem.style.visibility = "hidden";
     }
   }
 }
};

window.showItemClassHierarchyTreeGrid = function(variableNameOfItemClassRoot) {
 if (document.isEditMode) {
  var argsItem = top.aras.newIOMItem("Item Class");
  argsItem.setAttribute("variableNameOfItemClassRoot",variableNameOfItemClassRoot);

  var res = top.aras.evalMethod("Show ItemClass TreeDialog", argsItem.node.xml);

  if (res && res !== "") {
  	//var selectedItemClass = top.aras.newIOMItem("");
	//selectedItemClass.loadAML(res);
	var selectedItemClass = res;
	var selClassId = selectedItemClass.getID();
    var oldClassId = document.thisItem.getProperty("item_class_id");
	
	//alert(selClassId+" - "+oldClassId);
    if (oldClassId != selClassId) {
		handleItemChange("item_class_id", selClassId); // update context
		
		//update form element
		var className = selectedItemClass.getProperty("label","");
		if (className === "") {className = selectedItemClass.getProperty("name","");}
        document.getElementsByName("item_class_id")[0].getElementsByTagName("input")[0].value=className;
		
		//initiate action to add Characteristics
		top.aras.evalMethod("ItemCharacteristicAddToPart_JS", document.thisItem.node.xml);
    }
  }
 }
 else {
   top.aras.AlertError("Material must be locked for this action!");
 } 
};

window.showClassHierarchyTreeGridWithValidation = function(variableNameOfItemClassRoot) {
    var isDirty = (document.thisItem.getAttribute("isTemp","0") === "1");
	if (!isDirty) {
		window.showItemClassHierarchyTreeGrid(variableNameOfItemClassRoot);
	} else {
		top.aras.AlertError("You must save the Part first.");
	}
};

// Main
showOrHideButtons();]]></method_code>
  <method_type>JavaScript</method_type>
  <owned_by_id keyed_name="Super User" type="Identity">6B14D33C4A7D41C188CCF2BC15BD01A3</owned_by_id>
  <name>Select Class Hierarchy API</name>
 </Item>
</AML>