﻿<AML>
 <Item type="Method" id="C9A21722ABB9451DBF1C303F37B26E50" action="add">
  <comments>generic client method - called from other methods</comments>
  <execution_allowed_to keyed_name="World" type="Identity">A73B655731924CD0B027E4F4D5FCC0A9</execution_allowed_to>
  <method_code><![CDATA[//debugger;
var v = top.aras.newIOMItem("Variable","get");
v.setProperty("name", this.getAttribute("variableNameOfItemClassRoot",""));
v = v.apply();
var nm = v.getProperty("value","--");  //variableNameOfItemClassRoot --> must be passed with context item
if (nm === "--") {top.aras.AlertError("Missing parameter 'variableNameOfItemClassRoot' !"); return "";}

var q = new Item("Item Class", "get"); 
q.setProperty("name", nm); // name read from system variable
q.setProperty("is_root", "1"); // only get top node of class tree
q.setAttribute("select", "id,name,state");
var argsItem = q.apply();

if (!argsItem.isError()) {	
	var formNd = top.aras.getItemByName("Form", "ItemClassTreeDialog", 0);
	var res = null;
	if (formNd)
	{
		var param = {};
		param.title = "Select Item Class";
		param.formId = formNd.getAttribute("id");
		param.aras = top.aras;
		param.itemTypeName = "Item Class";
		param.structRelType = "Item Class Hierarchy";
		param.item = argsItem;

		var width = top.aras.getItemProperty(formNd, "width");
		var height = top.aras.getItemProperty(formNd, "height");
		if (!width) {width = 600;}
		if (!height) {height = 300;}

		var options = { dialogHeight: height, dialogWidth: width, resizable:true, status:false, help:false, scroll:false };
		
		res = top.aras.modalDialogHelper.show('DefaultModal', window, param, options, 'ShowFormAsADialog.html');	

		if (res && res !== undefined) {		
			var itemClassId = res;

			var selectedItemClass = top.aras.newIOMItem("Item Class","get");
			selectedItemClass.setProperty("id", itemClassId);
			selectedItemClass = selectedItemClass.apply();
			
			return selectedItemClass;
		}
	}
	return "";
}]]></method_code>
  <method_type>JavaScript</method_type>
  <owned_by_id keyed_name="Innovator Admin" type="Identity">DBA5D86402BF43D5976854B8B48FCDD1</owned_by_id>
  <name>Show ItemClass TreeDialog</name>
 </Item>
</AML>