﻿<AML>
 <Item type="Method" id="F58E230660BF4275B681364B8D186757" action="add">
  <execution_allowed_to keyed_name="World" type="Identity">A73B655731924CD0B027E4F4D5FCC0A9</execution_allowed_to>
  <method_code><![CDATA[// Notes
// -----
//	CurrentItemClass, resultsGrid, parametersGrid, searchBtn should be defined
//	in the main window


// Global Variables
// ================
var itemClassId;
var characteristicList;
var parametersList;
var clickedGrid1LinkValue;
var	paramCol_CharClass,paramCol_Name,paramCol_Type,paramCol_Unit,paramCol_Value;

// Basic Behaviour Functions
// =========================
window.init = function() {
};

window.selectItemClass = function() {
	var dialogName = "ItemClassTreeDialog";
	var q = new Item("Form", "get");
	q.setAttribute("select", "id");
	q.setProperty("name", dialogName);
	r = q.apply();

	q = new Item("Variable", "get");
	q.setProperty("name","Part Item Class Hierarchy");
	q = q.apply();
	var topClassName=q.getProperty("value","");

	q = new Item("Item Class", "get");
	q.setProperty("name", topClassName); // read from system variable
	q.setAttribute("select", "id,name");
	var argsItem = q.apply();

	var param = new Object();
	param.title  = "Select Item Class"; // to be shown in the blue bar at top of window
	param.formId = r.getItemByIndex(0).getID(); // the id of the Form to be used
	param.item = argsItem;
	param.aras = top.aras; // the aras object
	param.structRelType = "Item Class Hierarchy";
	// get the value returned by ShowFormAsDialog.html
	// from a modal dialog, setting window attributes
	var res = showModalDialog("ShowFormAsADialog.html", param, "status:0;help:0;resizable:1;scroll:0;dialogHeight:350px;dialogWidth:750px;");

	if (res !== undefined) {		
		itemClassId = res;
		var selectedItemClass = new Item("Item Class","get");
		selectedItemClass.setProperty("id", itemClassId);
		selectedItemClass = selectedItemClass.apply();
		
		if (selectedItemClass.getItemCount() > 0) {
			currentClassInput.value = selectedItemClass.getProperty("name");
			// Update characteristicList
			updateCharacteristicList();
		}
	}
};

updateCharacteristicList = function() {
	// get characteristics by calling a server-side method
	var amlCmd = new Item("Item Class Characteristic","ItemCharacteristicGetOfClassUp");
	//debugger;
	amlCmd.setAttribute("itemClassId", itemClassId);
	amlCmd = amlCmd.apply();
	
	if (amlCmd !== undefined) {
		characteristicList = amlCmd;
		var parameterRows = "";
		
		for (i = 0; i < characteristicList.getItemCount(); i++) {
		
			parameterRows += characteristicList.getItemByIndex(i).getProperty("related_id") + "$";
			var labelVal = characteristicList.getItemByIndex(i).getPropertyItem("source_id").getProperty("label","");
			if (labelVal === "") {labelVal = characteristicList.getItemByIndex(i).getPropertyItem("source_id").getProperty("name","--");}
			parameterRows += labelVal + "$";
			labelVal = characteristicList.getItemByIndex(i).getPropertyItem("related_id").getProperty("label");
			if (labelVal === "") {labelVal = characteristicList.getItemByIndex(i).getPropertyItem("related_id").getProperty("name","--");}
			parameterRows += labelVal + "$";
			parameterRows += characteristicList.getItemByIndex(i).getPropertyItem("related_id").getProperty("characteristic_value_type") + "$";
			var unit = characteristicList.getItemByIndex(i).getPropertyItem("related_id").getProperty("value_unit_of_measure");
			if (unit === undefined) {
				parameterRows += ",";
			} else {
				parameterRows += unit + ",";
			}
		}
		
		// Remove last comma
		parameterRows = parameterRows.slice(0, parameterRows.length-1);
		// Update the characteristic parameters grid
		paramGrid.UpdateParameters(parameterRows);
		for (i = 0; i < characteristicList.getItemCount(); i++) {
		
			var characteristicType = characteristicList.getItemByIndex(i).getPropertyItem("related_id").getProperty("characteristic_value_type");
			if (characteristicType == "List") {
				var characteristicId = characteristicList.getItemByIndex(i).getProperty("related_id");
				var q = top.aras.newIOMItem("","");
				q.LoadAML("<Item type='Item Characteristic List Value' action='get' select='value,label' ><source_id>" + characteristicId + "</source_id></Item>");
				var listValuesItems = q.apply();
				if (listValuesItems.isError()||listValuesItems.getItemCount()<1 ) {
					top.aras.AlertError("Allowed Values for '" + relItm.getProperty("keyed_name","") + "' not found.");
					return;
				}

				// Create arrays for the list values (ids) and labels (names)
				var nameArray = new Array(" ");
				var idArray = new Array(" ");
				for (var k=0; k<listValuesItems.getItemCount(); k++) {
				  idArray.push(listValuesItems.getItemByIndex(k).getProperty("value"));
				  nameArray.push(listValuesItems.getItemByIndex(k).getProperty("label","")); 
				}
				
				paramGrid_control.cells(characteristicId, paramCol_Value).setEditType(2);
				paramGrid_control.cells(characteristicId, paramCol_Value).setCombo(nameArray.join("$"), idArray.join("$"));
			}
		}		
	}
};

window.RunSearch = function() {
	if (itemClassId === "" || itemClassId === null) {
		alert("Select an item class");
		return;
	}
  var runMsgsId = top.aras.showStatusMessage(0, "Search in Progress...", '../images/Animated/ProgressSmall.gif');
  ApplySearch();
  top.aras.clearStatusMessage(runMsgsId);
};

window.ClearSearch = function() {
  window.InitializeSearchParamGrid();
  UpdateColumnInfo();
};

ApplySearch = function() {
	UpdateColumnInfo();
    var searchResult = new Array();
	var resultItemId;
	var parametersList = paramGrid.GetSearchParameters();
	
	if (parametersList.length !== 0) {
		var amlQuery = '<Item type="Part Item Characteristic Value" action="get" select="source_id(keyed_name),id,sort_order,item_characteristic_id,display_value,item_characteristic_value_type,item_characteristic_value_unit">';

		// Construct the query with conditions from parameters grid
		
		if (isOptionMatchClass.checked === true)
		{
		  // set condition that source item (part) has same item_class_id as selected
		  amlQuery += "<source_id><Item type='Part' action='get' select='id'>";
		  amlQuery += "<item_class_id>"+itemClassId+"</item_class_id>";	
		  amlQuery += "</Item></source_id>";		
		}
		
		// Verify that characteristic value corresponds to a Part with the selected item class id
		amlQuery += "<or>";
		for (paramIndex = 0; paramIndex < parametersList.length; paramIndex++) {
			var characteristicId = parametersList[paramIndex][0];
			var type = parametersList[paramIndex][2];
			var paramTextVal;
			amlQuery += "<and>";
			amlQuery += "<item_characteristic_id>" + characteristicId + "</item_characteristic_id>";

			switch (type) {
				case "Number":
					var isRange = true;
					var isCondition = false;
					// strip all spaces and split range values, if range char '-' exists
					paramTextVal = parametersList[paramIndex][1].replace(/ /g,"");
					if (!ContainsOnlyWildcardVals(paramTextVal)) {
					  var rangeValues = paramTextVal.split("-");
					
					  if (rangeValues.length == 1) {
					    var cond = "";
					    var pos = -1;
					    if (rangeValues[0].indexOf("<=") === 0) {cond = "le";pos=2;}
					    if (rangeValues[0].indexOf(">=") === 0) {cond = "ge";pos=2;}
					    if (cond === "" && rangeValues[0].indexOf("<") === 0) {cond = "lt";pos=1;}
					    if (cond === "" && rangeValues[0].indexOf(">") === 0) {cond = "gt";pos=1;}
					
						amlQuery += '<min_value condition="'+cond+'">' + rangeValues[0].substring(pos) + '</min_value>';
						
						isRange = false;
						isCondition = true;
					  } 
					
					  if (isRange) {
						amlQuery += '<or>';
						amlQuery += '<and>';
						amlQuery += '<min_value condition="ge">' + rangeValues[0] + '</min_value>';
						amlQuery += '<max_value condition="le">' + rangeValues[1] + '</max_value>';
						amlQuery += '</and>';
						amlQuery += '<and>';
						amlQuery += '<min_value condition="between">' + rangeValues[0] + ' and ' + rangeValues[1] +'</min_value>';
						amlQuery += '<max_value condition="is">null</max_value>';
						amlQuery += '</and>';
						amlQuery += '</or>';
					  } else if (!isCondition) {
						amlQuery += '<min_value condition="eq">' + rangeValues[0] + '</min_value>';
					  }
					}
					break;
				case "Text":
					paramTextVal = parametersList[paramIndex][1].replace(/\*/g,"%"); // use only '%' for wildcard
					paramTextVal = paramTextVal;
					amlQuery += '<display_value condition="like">' + paramTextVal + '</display_value>';
				    break;
				case "List":
					paramTextVal = parametersList[paramIndex][1];
					if (!ContainsOnlyWildcardVals(paramTextVal)) {
					  paramTextVal = parametersList[paramIndex][1];
					  amlQuery += '<display_value condition="like">' + paramTextVal + '</display_value>';
					}
					break;
			}
			
			amlQuery += '</and>';
		}		
		
		// Close query tags
		amlQuery += '</or></Item>';
		
		amlQueryItem = new Item("","");
		amlQueryItem.loadAML(amlQuery);
		var resultingPartCharacteristics = amlQueryItem.apply();
		
		// Count the number of characteristic values found per part item
	    var sepChar = "";
		foundResultItemIds = "";
		for (queryIndex=0; queryIndex < resultingPartCharacteristics.getItemCount(); queryIndex++) {
	      resultItemId = resultingPartCharacteristics.getItemByIndex(queryIndex).getProperty("source_id");
          if (foundResultItemIds.indexOf(resultItemId) >=0) {
          	searchResult[resultItemId] += 1;
          }
          else {
          	searchResult[resultItemId] = 1; // init counter
            foundResultItemIds += sepChar+"'"+resultItemId+"'";
            sepChar = ",";
          }
		}
	    sepChar = "";
		foundResultItemIds = "";
        for (resultItemId in searchResult) {
          // search result post conditions
          // 'and' condition of given parameter values: number of characteristic values on part must match number of parameter values  
          // 'or' condition of given parameter values: number of characteristic values on part must > 0
		  // if (searchResult[resultItemId] > 0) {  //### --> improvement idea: allow 'or' and 'and' logic - input on search form
		  if (searchResult[resultItemId] == parametersList.length) {
	        foundResultItemIds += sepChar+"'"+resultItemId+"'";
	        sepChar = ",";
	      }
	    }

	} else {
		foundResultItemIds = "";
	}
	//debugger;
	if (foundResultItemIds !== "") {
	  //retrieve resulting Parts with relationship Part Characteristic Value
	  amlQuery = "<Item type='Part' action='get' select='item_number,name,state,major_rev,generation,item_class_path,item_class_path_label,item_class_id(keyed_name)' >";
	  amlQuery += " <Relationships>";
	  amlQuery += "   <Item type='Part Item Characteristic Value' action='get' select='id, display_value,item_characteristic_id,item_characteristic_value_type,item_characteristic_value_unit' >";
	  amlQuery += "   </Item>";
	  amlQuery += " </Relationships>";
	  amlQuery += "</Item>";
	
	  amlQueryItem = new Item("","");
	  amlQueryItem.loadAML(amlQuery);
	  
	  amlQueryItem.setAttribute("where","Part.config_id in (select Part.config_id from Part where Part.id in ("+foundResultItemIds+"))");
	  
	  amlQueryItem = amlQueryItem.apply();
	
	  for (partIndex = 0; partIndex < amlQueryItem.getItemCount(); partIndex++) {
		var currentPartItem = amlQueryItem.getItemByIndex(partIndex);

		resultItemId = currentPartItem.getProperty("id");
		var charValueItems = currentPartItem.getRelationships();
		var resultItemName = currentPartItem.getProperty("item_number");
		var resultItemRev = currentPartItem.getProperty("major_rev");
		var resultItemGen = currentPartItem.getProperty("generation");
		var resultItemState = currentPartItem.getProperty("state");
		var resultItemClass = currentPartItem.getPropertyAttribute("item_class_id","keyed_name","--");
		

		searchGrid_control.AddRow(resultItemId, resultItemName+"|"+resultItemRev+"|"+resultItemGen+"|"+resultItemState+"|"+resultItemClass, resultItemId);
		fn_HighlightCellAsLink(searchGrid_control,resultItemId,0,resultItemName);
		
		// highlight color coded state in column 3
		var  css = currentPartItem.getProperty("css","");
        if (css !== "") {fn_ColorCodeCellFromCSS (searchGrid_control, resultItemId, 3, css, "state");}
		
		searchGrid_control.SetUserData(resultItemId,"gridData_rowItemID", resultItemId);
		searchGrid_control.SetUserData(resultItemId,"gridData_rowItemType", "Part");

		// Add Part Item characteristic Value items to the search results grid	
		for (j=0; j < charValueItems.getItemCount(); j++) {
			var itemCharId = charValueItems.getItemByIndex(j).getProperty("item_characteristic_id");
			var displayValue = charValueItems.getItemByIndex(j).getProperty("display_value","");
			// add unit in () for Number values
			if (displayValue !== "" && charValueItems.getItemByIndex(j).getProperty("item_characteristic_value_type","") === "Number")
			{
			  var valUnit = charValueItems.getItemByIndex(j).getProperty("item_characteristic_value_unit","");
			  if (valUnit !== "" ) {displayValue += " (" +valUnit+ ")";}
			}

			// find the column of this characteristic
			var colName = paramGrid_control.GetCellValue(itemCharId, paramCol_Name);
			var colIndex = searchGrid_control.GetHeaderIndex(colName);
			searchGrid_control.SetCellValue(resultItemId, colIndex, displayValue);
		  }
	    
	    }
    }
};

//------------------ Grids --------------------------
ParametersGrid = function() {
};

SearchResultsGrid = function() {
};

var GridXMLHeader = '';
var basicColumnProperties = "item.label,item.major_rev,item.generation,item.state,item.item_class_id,";
var basicColumnWidths = "200,40,40,80,150,";
var basicColumnAlign = "l,c,c,c,l,";
var columnProperties,columnWidths,columnAlign,columnDisplayTypes;
var searchGrid;
searchGrid  = new SearchResultsGrid;
var paramGrid = new ParametersGrid;
var standardGridFont= "Microsoft Sans Serif-8";
var italicGridFont= "Microsoft Sans Serif-italic-8";

UpdateColumnInfo = function() {
	columnProperties = basicColumnProperties;
	columnWidths = basicColumnWidths;
	columnAlign = basicColumnAlign;

	// traverse characteristic list
	for (i = 0; i < characteristicList.getItemCount(); i++) {
		var colName = characteristicList.getItemByIndex(i).getPropertyItem("related_id").getProperty("label","");
		if (colName === "") {colName = characteristicList.getItemByIndex(i).getPropertyItem("related_id").getProperty("name","");}
		var charType = characteristicList.getItemByIndex(i).getPropertyItem("related_id").getProperty("characteristic_value_type");
		
		// Add column
		colName = trimString(colName);
		columnProperties += "rel." + colName + ",";
		switch(charType)
		{
		  case "Text":
		   columnWidths = columnWidths.concat("200,");
		   columnAlign += "l,";
		   break;

		  case "Number":
		   columnWidths = columnWidths.concat("100,");
		   columnAlign += "r,";
		   break;

		  default:
		   columnWidths = columnWidths.concat("100,");
		   columnAlign += "c,";
		   break;
		}
	}
	
	// Remove the unnecessary comma from the strings
	columnWidths = columnWidths.slice(0, columnWidths.length-1);
	columnProperties = columnProperties.slice(0, columnProperties.length-1);
	columnAlign = columnAlign.slice(0, columnAlign.length-1);
	
	// Update column header information
	searchGrid.Initialize();
	searchGrid.Draw();
};
// ============================ Grid Functions ============================
window.InitializeSearchParamGrid = function() {
    // preset fields
    isOptionMatchClass.checked = false;
    currentClassInput.value = "";
    currentClassInput.disabled = true;

	var paramGridXMLHeader = '';
	paramGridXMLHeader += '<?xml version="1.0"?><table font="' + standardGridFont + '" ';
	paramGridXMLHeader += 'backgroundColor="white" ';
	paramGridXMLHeader += 'sel_bgColor="steelbue" '; // html predefined
	paramGridXMLHeader += 'sel_TextColor="white" ';
	paramGridXMLHeader += 'header_BgColor="buttonface" ';
	paramGridXMLHeader += 'delim ="$" ';
	//GridXMLHeader += 'zebra="true" ';
	paramGridXMLHeader += 'editable="false" ';
	paramGridXMLHeader += 'draw_grid="true" ';
	paramGridXMLHeader += 'multiselect="false" ';
	paramGridXMLHeader += 'enableHtml="false" ';
	paramGridXMLHeader += 'enterAsTab="false" ';
	paramGridXMLHeader += 'bgInvert="true" ';    
	paramGridXMLHeader += 'expandroot="true" ';
	paramGridXMLHeader += 'expandall="false" ';
	paramGridXMLHeader += 'treelines="1" ';
	paramGridXMLHeader += 'locale="enUS" ';
	paramGridXMLHeader += 'onrowselect="treeGrid1_onGridClick" ';
	paramGridXMLHeader += 'onDoubleClick="treeGrid1_onGridDoubleClick" ';

	paramGridXMLHeader += '  column_draggable="true" ';
	//  GridXMLHeader += '  xmlns:msxsl="urn:schemas-microsoft-com:xslt" ';
	//  GridXMLHeader += '  xmlns:aras="http://www.aras.com" ';
	//  GridXMLHeader += '  xmlns:usr="urn:the-xml-files:xslt" >';

	paramGridXMLHeader += '> ';
	// column headings
	paramGridXMLHeader += '<thead>';
	paramGridXMLHeader += '<th>Characteristic Class</th>';
	paramGridXMLHeader += '<th>Name</th>';
	paramGridXMLHeader += '<th>Type</th>';
	paramGridXMLHeader += '<th>Unit</th>';
	paramGridXMLHeader += '<th>Value</th>';
	paramGridXMLHeader += '</thead>';

	paramCol_CharClass = 0;
	paramCol_Name = 1;
	paramCol_Type = 2;
	paramCol_Unit = 3;
	paramCol_Value = 4;
	
	paramGridXMLHeader += '<columns>';
	paramGridXMLHeader += '<column width="200" align="left" order="0"> </column>';
	paramGridXMLHeader += '<column width="200" align="left" order="1"> </column>';
	paramGridXMLHeader += '<column width="80" align="left" order="2"> </column>';
	paramGridXMLHeader += '<column width="80" align="left" order="3"> </column>';
	paramGridXMLHeader += '<column width="200" align="left" order="4"> </column>';
	paramGridXMLHeader += '</columns>';

	paramGridXMLHeader += '<menu>';
	paramGridXMLHeader += '<emptytag/>';
	paramGridXMLHeader += '</menu>';
	paramGridXMLHeader += '</table>';
	paramGrid_control.InitXml(paramGridXMLHeader);
	// Enable value column
	paramGrid_control.SetEditable(true);
	paramGrid_control.setColumnProperties("type=NOEDIT", paramCol_CharClass);
	paramGrid_control.setColumnProperties("type=NOEDIT", paramCol_Name);
	paramGrid_control.setColumnProperties("type=NOEDIT", paramCol_Type);
	paramGrid_control.setColumnProperties("type=NOEDIT", paramCol_Unit);
};

SearchResultsGrid.prototype.Initialize = function() {
	GridXMLHeader = '';
	GridXMLHeader += '<?xml version="1.0"?><table font="' + standardGridFont + '" ';
	GridXMLHeader += 'backgroundColor="white" ';
	GridXMLHeader += 'sel_bgColor="steelbue" '; // html predefined
	GridXMLHeader += 'sel_TextColor="white" ';
	GridXMLHeader += 'header_BgColor="buttonface" ';
	GridXMLHeader += 'delim ="|" ';
	//GridXMLHeader += 'zebra="true" ';
	GridXMLHeader += 'editable="false" ';
	GridXMLHeader += 'draw_grid="true" ';
	GridXMLHeader += 'multiselect="false" ';
	GridXMLHeader += 'enableHtml="false" ';
	GridXMLHeader += 'enterAsTab="false" ';
	GridXMLHeader += 'bgInvert="true" ';    
	GridXMLHeader += 'expandroot="true" ';
	GridXMLHeader += 'expandall="false" ';
	GridXMLHeader += 'treelines="1" ';
	GridXMLHeader += 'locale="enUS" ';
	GridXMLHeader += 'onrowselect="treeGrid1_onGridClick" ';
	GridXMLHeader += 'onDoubleClick="treeGrid1_onGridDoubleClick" ';

	GridXMLHeader += '  column_draggable="true" ';
	//  GridXMLHeader += '  xmlns:msxsl="urn:schemas-microsoft-com:xslt" ';
	//  GridXMLHeader += '  xmlns:aras="http://www.aras.com" ';
	//  GridXMLHeader += '  xmlns:usr="urn:the-xml-files:xslt" >';

	GridXMLHeader += '> ';
	// column headings
	GridXMLHeader += '<thead>';
	GridXMLHeader += fn_GenerateTableHeadingsXML ("Part","",columnProperties);
	GridXMLHeader += '</thead>';

	GridXMLHeader += '<columns>';
	GridXMLHeader += fn_GenerateTableColumnsXML (columnWidths,columnAlign);
	GridXMLHeader += '</columns>';

	GridXMLHeader += '<menu>';
	GridXMLHeader += '<emptytag/>';
	GridXMLHeader += '</menu>';
	GridXMLHeader += '</table>';
	this.Initialized = true;
};

SearchResultsGrid.prototype.Draw = function() {
	searchGrid_control.clear();
	//searchGrid_control.focus();
	searchGrid_control.InitXml(GridXMLHeader);
};

ParametersGrid.prototype.UpdateParameters = function(paramList) {
	var params = paramList.split(",");
	paramGrid_control.RemoveAllRows();
	
	for (i=0; i < params.length; i++) {
		var id = params[i].substring(0, params[i].indexOf("$"));
		var cellsVal = params[i].substring(params[i].indexOf("$")+1, params[i].length);
		paramGrid_control.AddRow(id, cellsVal, id);
	}
};

ParametersGrid.prototype.GetSearchParameters = function() {
	var ids = paramGrid_control.GetAllItemIds(",").split(",");
	var params = new Array();
	if (ids.length > 0) {
		for (q=0; q < ids.length; q++) {
			
			var type =  paramGrid_control.Cells(ids[q], paramCol_Type).GetText();
			var unit =  paramGrid_control.Cells(ids[q], paramCol_Unit).GetText();
			var paramValue = paramGrid_control.Cells(ids[q], paramCol_Value).GetText();
			
			// Validate parameter 
			//if (paramValue === "" || ContainsOnlyWildcardVals(paramValue) ) {
			if (paramValue === "") {
				// Parameter is not considered
			} else if ( ValidateSearchParam(ids[q], type, paramValue) ) {
				params.push([ids[q], paramValue, type, unit ]);
			} else {
				alert('Search parameter "' + paramGrid_control.Cells(ids[q], paramCol_Name).GetText() +'"'+ 'value is not valid');
				return 0;
			}
		}
	}
	
	return params;
};

ContainsOnlyWildcardVals = function(strParam) {
	for (paramCtr = 0;paramCtr < strParam.length; paramCtr++) {
		if (strParam[paramCtr] != "*") {
			return false;
		}
	}
	return true;
};

ValidateSearchParam = function(charId, type, value) {
	var result = top.aras.applyMethod("ValidateCharacteristicSrchParam", "<type>" + type + "</type><param>" + value.replace("<", "&gt;") + "</param>");
	if (result == "<Result>valid</Result>") {
		return true;
	} else {
		return false;
	}
};

GetLastElementOfClassPath = function(classPath) {
  var lastElement = classPath;
  var lastPos = lastElement.indexOf("/");
  if (lastPos === 0) { lastElement = lastElement.substring(lastPos+1,lastElement.length);}
  lastPos = lastElement.lastIndexOf("/");
  if (lastPos >= 0) {return lastElement.substring(lastPos+1,lastElement.length);}
  else {return classPath;}
};

// remove multiple, leading or trailing spaces 
trimString = function(s)
{
  s = s.replace(/(^\s*)|(\s*$)/gi,"");
  s = s.replace(/[ ]{2,}/gi," ");
  s = s.replace(/\n /,"\n");
  return s;
};

grid1_onOpenRowItem = function () {
	var selectedId = searchGrid_control.getSelectedId();
	if (!selectedId) {return;}

	var itemId = searchGrid_control.getUserData(selectedId,"gridData_rowItemID");
	var itemType = searchGrid_control.getUserData(selectedId,"gridData_rowItemType");
   
	top.aras.uiShowItem(itemType, itemId);
};

grid1_onGridMenuInit = function (row,col,p) {
	var mnu = searchGrid_control.getMenu();
	mnu.removeAll();
	mnu.add("view_item","View Item");
//	mnu.addSeparator();

	mnu.show();
};

grid1_onGridMenuClick = function (menuChoice) {
  if (menuChoice == "view_item") {grid1_onOpenRowItem();}
};

grid1_onGridDoubleClick = function (r) {
  grid1_onOpenRowItem();
};

grid1_onGridLinkClick = function (strLink) {
  //assumes only 1 link per row that links to the row's data item
  clickedGrid1LinkValue = strLink; 
};

grid1_onGridClick = function (row,c) {
  // if clicked on a link ?
  if (clickedGrid1LinkValue && clickedGrid1LinkValue !== "")
  {
    clickedGrid1LinkValue = "";
    grid1_onOpenRowItem();
  }
};
]]></method_code>
  <method_type>JavaScript</method_type>
  <name>Classification Search Funcs</name>
 </Item>
</AML>