﻿<AML>
 <Item type="Method" id="49A356CD8701471384906679F03B850F" action="add">
  <execution_allowed_to keyed_name="World" type="Identity">A73B655731924CD0B027E4F4D5FCC0A9</execution_allowed_to>
  <method_code><![CDATA[if(!confirm("Do you want to proceed with adding the characteristic values?"))
{
return;
}

if (this.isNew() == 1) {
top.aras.AlertError("Save the item first");
return;
}

// Check if the part is locked
if (this.getLockStatus()!=1){
 top.aras.AlertError("This item is not locked by you");
 return;
}

var amlCmd = this.newItem(this.GetType(),"ItemCharacteristicAddToPart");
amlCmd.SetID(this.GetID());
var classId = this.getProperty("item_class_id");
amlCmd.setProperty("item_class_id", classId);
amlCmd = amlCmd.apply();

if (amlCmd.isError()) {
top.aras.AlertError(amlCmd.getErrorString());
} else {
top.aras.AlertSuccess("Item Characteristics were added.  To see the changes a refresh of the open form is required.");
}
return;]]></method_code>
  <method_type>JavaScript</method_type>
  <name>ItemCharacteristicAddToPart_JS</name>
 </Item>
</AML>