﻿<AML>
 <Item type="Method" id="B25B7E3113234A5388C4DC4FFD0529D0" action="add">
  <execution_allowed_to keyed_name="World" type="Identity">A73B655731924CD0B027E4F4D5FCC0A9</execution_allowed_to>
  <method_code><![CDATA[

// if edit mode then show button to start special search dialog
// else hide the button
window.itemProperty = "";

if (document.isEditMode) {
	document.getElementById('showItemClassBtn').style.visibility = 'visible'; 
} else {
	document.getElementById('showItemClassBtn').style.visibility = 'hidden';
}

// --------------
showItemClassTreeDialog = function () {
  var dialogName = "ItemClassTreeDialog";
  var q = new Item("Form", "get");
  q.setAttribute("select", "id");
  q.setProperty("name", dialogName);
  r = q.apply();
  
  if ( r.isError()||r.getItemCount()<1 ) {
    top.aras.AlertError("Form '" + dialogName + "' not found.");
    return "";
  }
  
 q = new Item("Variable", "get");
 q.setProperty("name","Part Item Class Hierarchy");
 q = q.apply();
 var topClassName=q.getProperty("value","");
  
 q = new Item("Item Class", "get"); 
 q.setProperty("name", topClassName); // read from system variable
 q.setAttribute("select", "id,name");
 var argsItem = q.apply();
  
  // create an object to pass values required by ShowFormAsDialog.html
  var param = new Object();
  param.title  = "Select Item Class"; // to be shown in the blue bar at top of window
  param.formId = r.getItemByIndex(0).getID(); // the id of the Form to be used
  param.item = argsItem;
  param.aras = top.aras; // the aras object
  param.structRelType = "Item Class Hierarchy";
  // get the value returned by ShowFormAsDialog.html
  // from a modal dialog, setting window attributes
  var res = showModalDialog("ShowFormAsADialog.html", param,
    "status:0; help:0; resizable:1; scroll:0;");
  
  // return the result
  if (!res || res === "") {return "";}

  return res;
};

// --------------
showOrHideButtons = function () {
 var elements = document.getElementsByTagName("input");
 for (var i=0; i<elements.length; i++){
   // Look for a custom attribute named "populate"
   if (elements[i].identity_search_link == "1") {
     var elem = elements[i].parentNode;
     elem = elem.parentNode;
     if (document.isEditMode) { //  Form is in edit mode,
       elem.style.visibility = "visible";
     }
     else {
       elem.style.visibility = "hidden";
     }
   }
 }
};

window.showItemClassHierarchyTreeGrid = function() {
 if (document.isEditMode) {
  var selClassId = showItemClassTreeDialog();
  if(selClassId !== "")
  {
    var oldClassId = document.thisItem.getProperty("item_class_id");
    if (oldClassId != selClassId) {
		handleItemChange("item_class_id", selClassId);
		var amlCmd = top.aras.evalMethod("ItemCharacteristicAddToPart_JS", document.thisItem.node.xml);
    }
  }
 }
 else {
   top.aras.AlertError("Material must be locked for this action!");
 } 
};

window.showClassHierarchyTreeGridWithValidation = function() {
	var newPart  = new Item("Part", "get");
	newPart.setProperty("item_number", document.thisItem.getProperty("item_number"));
	newPart = newPart.apply();
	if (!newPart.isEmpty) {
		window.showItemClassHierarchyTreeGrid();
	} else {
		top.aras.AlertError("You must save the Part first.");
	}
};

// Main
showOrHideButtons();]]></method_code>
  <method_type>JavaScript</method_type>
  <name>Show Class Hierarchy Grid</name>
 </Item>
</AML>