﻿<AML>
 <Item type="List" id="FD34F2A3B3A0403190DE3CE06008D1E0" action="add">
  <classification>/*</classification>
  <name>Characteristic Units Filtered</name>
  <Relationships>
   <Item type="Filter Value" id="1A6551A411DB49FD85219B0463134116" action="add">
    <classification>/*</classification>
    <filter>A</filter>
    <sort_order>1980</sort_order>
    <source_id keyed_name="Characteristic Units Filtered" type="List">FD34F2A3B3A0403190DE3CE06008D1E0</source_id>
    <value>µA</value>
   </Item>
   <Item type="Filter Value" id="51FF9721EEF74F06998C546CCA76AB93" action="add">
    <classification>/*</classification>
    <filter>F</filter>
    <label xml:lang="en">µF</label>
    <sort_order>60</sort_order>
    <source_id keyed_name="Characteristic Units Filtered" type="List">FD34F2A3B3A0403190DE3CE06008D1E0</source_id>
    <value>µF</value>
   </Item>
   <Item type="Filter Value" id="2ACC034EFD3541338046CE61C2F5D5B0" action="add">
    <classification>/*</classification>
    <filter>kg</filter>
    <label xml:lang="en">G</label>
    <sort_order>3133</sort_order>
    <source_id keyed_name="Characteristic Units Filtered" type="List">FD34F2A3B3A0403190DE3CE06008D1E0</source_id>
    <value>g</value>
   </Item>
   <Item type="Filter Value" id="8D1B5A1439974131A3A1A019506F008E" action="add">
    <classification>/*</classification>
    <filter>Hz</filter>
    <sort_order>2492</sort_order>
    <source_id keyed_name="Characteristic Units Filtered" type="List">FD34F2A3B3A0403190DE3CE06008D1E0</source_id>
    <value>kHz</value>
   </Item>
   <Item type="Filter Value" id="CA47C180B02F46D19FEBAA58C1CE4DF1" action="add">
    <classification>/*</classification>
    <filter>Ohm</filter>
    <sort_order>1724</sort_order>
    <source_id keyed_name="Characteristic Units Filtered" type="List">FD34F2A3B3A0403190DE3CE06008D1E0</source_id>
    <value>kOhm</value>
   </Item>
   <Item type="Filter Value" id="476B1E22AE44428AAC9E69F359A0F4B6" action="add">
    <classification>/*</classification>
    <filter>km</filter>
    <label xml:lang="en">M</label>
    <sort_order>2749</sort_order>
    <source_id keyed_name="Characteristic Units Filtered" type="List">FD34F2A3B3A0403190DE3CE06008D1E0</source_id>
    <value>m</value>
   </Item>
   <Item type="Filter Value" id="828E9923D5B24C0484E596084AE17AF0" action="add">
    <classification>/*</classification>
    <filter>A</filter>
    <sort_order>1852</sort_order>
    <source_id keyed_name="Characteristic Units Filtered" type="List">FD34F2A3B3A0403190DE3CE06008D1E0</source_id>
    <value>mA</value>
   </Item>
   <Item type="Filter Value" id="B61AEF426D094796B4209D437A0CC742" action="add">
    <classification>/*</classification>
    <filter>g</filter>
    <label xml:lang="en">MG</label>
    <sort_order>3261</sort_order>
    <source_id keyed_name="Characteristic Units Filtered" type="List">FD34F2A3B3A0403190DE3CE06008D1E0</source_id>
    <value>mg</value>
   </Item>
  
   <Item type="Filter Value" id="A2A5D81A161D4AA081FDDF438B906109" action="add">
    <classification>/*</classification>
    <filter>Hz</filter>
    <sort_order>2493</sort_order>
    <source_id keyed_name="Characteristic Units Filtered" type="List">FD34F2A3B3A0403190DE3CE06008D1E0</source_id>
    <value>MHz</value>
   </Item>
   <Item type="Filter Value" id="5A7A9FB805D34C69BF842844F362BD4C" action="add">
    <classification>/*</classification>
    <filter>M</filter>
    <label xml:lang="en">MM</label>
    <sort_order>2877</sort_order>
    <source_id keyed_name="Characteristic Units Filtered" type="List">FD34F2A3B3A0403190DE3CE06008D1E0</source_id>
    <value>mm</value>
   </Item>
   <Item type="Filter Value" id="AA24E52A27AF45AAB176E69DCC97A53C" action="add">
    <classification>/*</classification>
    <filter>Ohm</filter>
    <sort_order>2364</sort_order>
    <source_id keyed_name="Characteristic Units Filtered" type="List">FD34F2A3B3A0403190DE3CE06008D1E0</source_id>
    <value>MOhm</value>
   </Item>
   <Item type="Filter Value" id="6C1D8FBBC45242E2B1CB5F7B3BF93AD6" action="add">
    <classification>/*</classification>
    <filter>V</filter>
    <sort_order>1212</sort_order>
    <source_id keyed_name="Characteristic Units Filtered" type="List">FD34F2A3B3A0403190DE3CE06008D1E0</source_id>
    <value>mV</value>
   </Item>
   <Item type="Filter Value" id="655D2E48C08241CF9EEE153066BDA1A8" action="add">
    <classification>/*</classification>
    <filter>V</filter>
    <label xml:lang="en">MV</label>
    <sort_order>2621</sort_order>
    <source_id keyed_name="Characteristic Units Filtered" type="List">FD34F2A3B3A0403190DE3CE06008D1E0</source_id>
    <value>MV</value>
   </Item>
   <Item type="Filter Value" id="E8376EE5AB664824982E582294D7A309" action="add">
    <classification>/*</classification>
    <filter>W</filter>
    <sort_order>188</sort_order>
    <source_id keyed_name="Characteristic Units Filtered" type="List">FD34F2A3B3A0403190DE3CE06008D1E0</source_id>
    <value>mW</value>
   </Item>
   <Item type="Filter Value" id="A9A54E92DFDD470097A75B7B09EBBE5C" action="add">
    <classification>/*</classification>
    <filter>A</filter>
    <sort_order>2108</sort_order>
    <source_id keyed_name="Characteristic Units Filtered" type="List">FD34F2A3B3A0403190DE3CE06008D1E0</source_id>
    <value>nA</value>
   </Item>
   <Item type="Filter Value" id="88DD3F7072584597B9B246074550314F" action="add">
    <classification>/*</classification>
    <filter>M</filter>
    <label xml:lang="en">NM</label>
    <sort_order>3005</sort_order>
    <source_id keyed_name="Characteristic Units Filtered" type="List">FD34F2A3B3A0403190DE3CE06008D1E0</source_id>
    <value>nm</value>
   </Item>
   <Item type="Filter Value" id="30BA6008B74545C6B9382015E68442E9" action="add">
    <classification>/*</classification>
    <filter>F</filter>
    <label xml:lang="en">pF</label>
    <sort_order>40</sort_order>
    <source_id keyed_name="Characteristic Units Filtered" type="List">FD34F2A3B3A0403190DE3CE06008D1E0</source_id>
    <value>pF</value>
   </Item></Relationships>
 </Item>
</AML>