﻿<AML>
 <Item type="List" id="BFD98BA0E0F743DFAC878036479C3200" action="add">
  <description>defined value types with defined formatting behaviour</description>
  <name>tgc_PropMapping Value Types</name>
  <Relationships>
   <Item type="Value" id="A756B550C5D54A2C8D321B0B82C2ABC3" action="add">
    <label xml:lang="en">Other --&gt;</label>
    <sort_order>10</sort_order>
    <source_id keyed_name="tgc_PropMapping Value Types" type="List">BFD98BA0E0F743DFAC878036479C3200</source_id>
    <value>other</value>
   </Item>
   <Item type="Value" id="3B41B887A46147DA9EB4A742643DDF39" action="add">
    <label xml:lang="en">Keyed Name</label>
    <sort_order>12</sort_order>
    <source_id keyed_name="tgc_PropMapping Value Types" type="List">BFD98BA0E0F743DFAC878036479C3200</source_id>
    <value>keyed_name</value>
   </Item>
   <Item type="Value" id="A7D7E50B3E1E440C89BA54601A546C17" action="add">
    <label xml:lang="en">Class-Leaf</label>
    <sort_order>13</sort_order>
    <source_id keyed_name="tgc_PropMapping Value Types" type="List">BFD98BA0E0F743DFAC878036479C3200</source_id>
    <value>class_leaf</value>
   </Item>
   <Item type="Value" id="5E41444971AD41DC9978CB40E9A842C7" action="add">
    <label xml:lang="en">Lock</label>
    <sort_order>15</sort_order>
    <source_id keyed_name="tgc_PropMapping Value Types" type="List">BFD98BA0E0F743DFAC878036479C3200</source_id>
    <value>lock</value>
   </Item>
   <Item type="Value" id="E5E5D771E52E4AD7808B8777CA4E1C34" action="add">
    <label xml:lang="en">Date</label>
    <sort_order>20</sort_order>
    <source_id keyed_name="tgc_PropMapping Value Types" type="List">BFD98BA0E0F743DFAC878036479C3200</source_id>
    <value>date</value>
   </Item>
   <Item type="Value" id="D86FF62CA3C54FA995341DC5F18AF21A" action="add">
    <label xml:lang="en">Decimal</label>
    <sort_order>30</sort_order>
    <source_id keyed_name="tgc_PropMapping Value Types" type="List">BFD98BA0E0F743DFAC878036479C3200</source_id>
    <value>decimal</value>
   </Item>
   <Item type="Value" id="F90A54CD54084DA586D53C48266BE99F" action="add">
    <label xml:lang="en">Check</label>
    <sort_order>40</sort_order>
    <source_id keyed_name="tgc_PropMapping Value Types" type="List">BFD98BA0E0F743DFAC878036479C3200</source_id>
    <value>check</value>
   </Item>
   <Item type="Value" id="9CFA2730DAE2447ABF99BD4BE7442B90" action="add">
    <label xml:lang="en">Image</label>
    <sort_order>50</sort_order>
    <source_id keyed_name="tgc_PropMapping Value Types" type="List">BFD98BA0E0F743DFAC878036479C3200</source_id>
    <value>image</value>
   </Item>
   <Item type="Value" id="A7E63A40D87742B19455B8EFDFFC470A" action="add">
    <label xml:lang="en">Row Icon</label>
    <sort_order>60</sort_order>
    <source_id keyed_name="tgc_PropMapping Value Types" type="List">BFD98BA0E0F743DFAC878036479C3200</source_id>
    <value>row_icon</value>
   </Item>
  </Relationships>
 </Item>
</AML>