﻿<AML>
 <Item type="RelationshipType" id="6F42DFE48F3C4FDD9AFABB5A1A941F4C" action="add" dependencyLevel="0">
  <auto_search>1</auto_search>
  <behavior>float</behavior>
  <copy_permissions>0</copy_permissions>
  <create_related>0</create_related>
  <hide_in_all>0</hide_in_all>
  <inc_rel_key_name>1</inc_rel_key_name>
  <inc_related_key_name>1</inc_related_key_name>
  <is_list_type>0</is_list_type>
  <label xml:lang="en">Constants</label>
  <new_show_related>0</new_show_related>
  <related_notnull>0</related_notnull>
  <related_option>2</related_option>
  <relationship_id keyed_name="fgc_Constant" type="ItemType" name="fgc_Constant">
   <Item type="ItemType" id="C244DA7A70264D8C8980DAC3A9985335" action="add">
    <allow_private_permission>1</allow_private_permission>
    <auto_search>0</auto_search>
    <enforce_discovery>0</enforce_discovery>
    <hide_where_used>0</hide_where_used>
    <implementation_type>table</implementation_type>
    <instance_data>FGC_CONSTANT</instance_data>
    <is_dependent>0</is_dependent>
    <is_relationship>1</is_relationship>
    <is_versionable>0</is_versionable>
    <revisions keyed_name="Default" type="Revision">7FE395DD8B9F4E1090756A34B733D75E</revisions>
    <show_parameters_tab>1</show_parameters_tab>
    <structure_view>tabs off</structure_view>
    <unlock_on_logout>0</unlock_on_logout>
    <use_src_access>1</use_src_access>
    <name>fgc_Constant</name>
    <Relationships>
     <Item type="Property" id="143161D60FD14B1BAD1BA3FA61453BAA" action="add">
      <column_alignment>left</column_alignment>
      <column_width>70</column_width>
      <data_type>string</data_type>
      <default_value xml:lang="en">Text</default_value>
      <is_hidden>0</is_hidden>
      <is_hidden2>0</is_hidden2>
      <is_indexed>0</is_indexed>
      <is_keyed>0</is_keyed>
      <is_multi_valued>0</is_multi_valued>
      <is_required>0</is_required>
      <label xml:lang="en">Type</label>
      <range_inclusive>0</range_inclusive>
      <readonly>0</readonly>
      <sort_order>12</sort_order>
      <source_id keyed_name="fgc_Constant" type="ItemType" name="fgc_Constant">C244DA7A70264D8C8980DAC3A9985335</source_id>
      <stored_length>20</stored_length>
      <track_history>0</track_history>
      <name>constant_type</name>
     </Item>
     <Item type="Property" id="5BCDDB3E5DEE48719169CA4FC9C4CEE7" action="add">
      <column_alignment>left</column_alignment>
      <column_width>250</column_width>
      <data_type>string</data_type>
      <is_hidden>0</is_hidden>
      <is_hidden2>0</is_hidden2>
      <is_indexed>0</is_indexed>
      <is_keyed>0</is_keyed>
      <is_multi_valued>0</is_multi_valued>
      <is_required>0</is_required>
      <label xml:lang="en">Description</label>
      <range_inclusive>0</range_inclusive>
      <readonly>0</readonly>
      <sort_order>14</sort_order>
      <source_id keyed_name="fgc_Constant" type="ItemType" name="fgc_Constant">C244DA7A70264D8C8980DAC3A9985335</source_id>
      <stored_length>255</stored_length>
      <track_history>0</track_history>
      <name>description</name>
     </Item>
     <Item type="Property" id="EE3368D0A97D4DF08D7A88AD42C3D4D0" action="add">
      <column_alignment>left</column_alignment>
      <column_width>250</column_width>
      <data_type>string</data_type>
      <is_hidden>0</is_hidden>
      <is_hidden2>0</is_hidden2>
      <is_indexed>0</is_indexed>
      <is_keyed>0</is_keyed>
      <is_multi_valued>0</is_multi_valued>
      <is_required>0</is_required>
      <label xml:lang="en">Grouping</label>
      <order_by>2</order_by>
      <range_inclusive>0</range_inclusive>
      <readonly>0</readonly>
      <sort_order>13</sort_order>
      <source_id keyed_name="fgc_Constant" type="ItemType" name="fgc_Constant">C244DA7A70264D8C8980DAC3A9985335</source_id>
      <stored_length>64</stored_length>
      <track_history>0</track_history>
      <name>grouping</name>
     </Item>
     <Item type="Property" id="B5A98A3E0D0C4BF1BC36D08007198117" action="add">
      <column_alignment>left</column_alignment>
      <column_width>300</column_width>
      <data_type>string</data_type>
      <is_hidden>0</is_hidden>
      <is_hidden2>0</is_hidden2>
      <is_indexed>0</is_indexed>
      <is_keyed>0</is_keyed>
      <is_multi_valued>0</is_multi_valued>
      <is_required>0</is_required>
      <label xml:lang="en">Name</label>
      <range_inclusive>0</range_inclusive>
      <readonly>0</readonly>
      <sort_order>10</sort_order>
      <source_id keyed_name="fgc_Constant" type="ItemType" name="fgc_Constant">C244DA7A70264D8C8980DAC3A9985335</source_id>
      <stored_length>64</stored_length>
      <track_history>0</track_history>
      <name>name</name>
     </Item>
     <Item type="Property" id="60EA34ECAC664896B0D6C1773CB5E390" action="add">
      <column_alignment>left</column_alignment>
      <column_width>300</column_width>
      <data_type>ml_string</data_type>
      <is_hidden>0</is_hidden>
      <is_hidden2>0</is_hidden2>
      <is_indexed>0</is_indexed>
      <is_keyed>0</is_keyed>
      <is_multi_valued>0</is_multi_valued>
      <is_required>0</is_required>
      <label xml:lang="en">Value</label>
      <range_inclusive>0</range_inclusive>
      <readonly>0</readonly>
      <sort_order>11</sort_order>
      <source_id keyed_name="fgc_Constant" type="ItemType" name="fgc_Constant">C244DA7A70264D8C8980DAC3A9985335</source_id>
      <stored_length>64</stored_length>
      <track_history>0</track_history>
      <name>value</name>
     </Item>
    </Relationships>
   </Item>
  </relationship_id>
  <sort_order>10</sort_order>
  <source_id keyed_name="fgc_Configuration" type="ItemType" name="fgc_Configuration">362FB8A676BC4A50B430FA6FA79EAD3F</source_id>
  <name>fgc_Constant</name>
 </Item>
 <Item type="ItemType" id="C244DA7A70264D8C8980DAC3A9985335" action="edit">
  <Relationships>
   <Item type="Property" action="edit" where="source_id='C244DA7A70264D8C8980DAC3A9985335' and name='source_id'">
    <column_alignment>left</column_alignment>
    <column_width>150</column_width>
    <data_source keyed_name="fgc_Configuration" type="ItemType" name="fgc_Configuration">362FB8A676BC4A50B430FA6FA79EAD3F</data_source>
    <data_type>item</data_type>
    <is_hidden>0</is_hidden>
    <is_hidden2>1</is_hidden2>
    <is_indexed>1</is_indexed>
    <is_keyed>0</is_keyed>
    <is_multi_valued>0</is_multi_valued>
    <is_required>0</is_required>
    <item_behavior>float</item_behavior>
    <label xml:lang="en">FlatGrid Configuration</label>
    <range_inclusive>0</range_inclusive>
    <readonly>0</readonly>
    <sort_order>8</sort_order>
    <source_id keyed_name="fgc_Constant" type="ItemType" name="fgc_Constant">C244DA7A70264D8C8980DAC3A9985335</source_id>
    <track_history>0</track_history>
    <name>source_id</name>
   </Item>
  </Relationships>
 </Item>
 <Item type="View" action="delete" where="source_id='C244DA7A70264D8C8980DAC3A9985335'" />
 <Item type="Form" action="delete" where="name='fgc_Constant'" />
</AML>