﻿<AML>
 <Item type="RelationshipType" id="9BDAE5814EE446879DBEEC843E99AA5E" action="add" dependencyLevel="0">
  <auto_search>1</auto_search>
  <behavior>float</behavior>
  <copy_permissions>0</copy_permissions>
  <create_related>0</create_related>
  <hide_in_all>0</hide_in_all>
  <inc_rel_key_name>1</inc_rel_key_name>
  <inc_related_key_name>1</inc_related_key_name>
  <is_list_type>0</is_list_type>
  <label xml:lang="en">Apply to Item Types</label>
  <new_show_related>0</new_show_related>
  <related_notnull>0</related_notnull>
  <related_option>2</related_option>
  <relationship_id keyed_name="fgc_Apply to Item Types" type="ItemType" name="fgc_Apply to Item Types">
   <Item type="ItemType" id="50F95C5D012649E0B04A3A347E3AAD90" action="add">
    <allow_private_permission>1</allow_private_permission>
    <auto_search>0</auto_search>
    <enforce_discovery>0</enforce_discovery>
    <hide_where_used>0</hide_where_used>
    <implementation_type>table</implementation_type>
    <instance_data>FGC_APPLY_TO_ITEM_TYPES</instance_data>
    <is_dependent>0</is_dependent>
    <is_relationship>1</is_relationship>
    <is_versionable>0</is_versionable>
    <revisions keyed_name="Default" type="Revision">7FE395DD8B9F4E1090756A34B733D75E</revisions>
    <show_parameters_tab>1</show_parameters_tab>
    <structure_view>tabs off</structure_view>
    <unlock_on_logout>0</unlock_on_logout>
    <use_src_access>1</use_src_access>
    <name>fgc_Apply to Item Types</name>
    <Relationships></Relationships>
   </Item>
  </relationship_id>
  <sort_order>100</sort_order>
  <source_id keyed_name="fgc_Configuration" type="ItemType" name="fgc_Configuration">362FB8A676BC4A50B430FA6FA79EAD3F</source_id>
  <name>fgc_Apply to Item Types</name>
 </Item>
 <Item type="View" action="delete" where="source_id='50F95C5D012649E0B04A3A347E3AAD90'" />
 <Item type="Form" action="delete" where="name='fgc_Apply to Item Types'" />
</AML>