﻿<AML>
 <Item type="RelationshipType" id="C646A181BA8E4B688C35BC81EE71259B" action="add" dependencyLevel="1">
  <auto_search>1</auto_search>
  <behavior>float</behavior>
  <copy_permissions>0</copy_permissions>
  <create_related>0</create_related>
  <hide_in_all>0</hide_in_all>
  <inc_rel_key_name>1</inc_rel_key_name>
  <inc_related_key_name>1</inc_related_key_name>
  <is_list_type>0</is_list_type>
  <label xml:lang="en">Choice Items</label>
  <new_show_related>0</new_show_related>
  <related_notnull>0</related_notnull>
  <related_option>2</related_option>
  <relationship_id keyed_name="tgc_Toolbar Element Choice" type="ItemType" name="tgc_Toolbar Element Choice">
   <Item type="ItemType" id="6A23245AC0DD43D286666FAFE4871F32" action="add">
    <allow_private_permission>1</allow_private_permission>
    <auto_search>0</auto_search>
    <enforce_discovery>0</enforce_discovery>
    <hide_where_used>0</hide_where_used>
    <implementation_type>table</implementation_type>
    <instance_data>TGC_TOOLBAR_ELEMENT_CHOICE</instance_data>
    <is_dependent>0</is_dependent>
    <is_relationship>1</is_relationship>
    <is_versionable>0</is_versionable>
    <revisions keyed_name="Default" type="Revision">7FE395DD8B9F4E1090756A34B733D75E</revisions>
    <show_parameters_tab>1</show_parameters_tab>
    <structure_view>tabs off</structure_view>
    <unlock_on_logout>0</unlock_on_logout>
    <use_src_access>1</use_src_access>
    <name>tgc_Toolbar Element Choice</name>
    <Relationships>
     <Item type="Property" id="637E4E154E7745498EBB918AC25236C0" action="add">
      <column_alignment>left</column_alignment>
      <column_width>200</column_width>
      <data_type>string</data_type>
      <is_hidden>0</is_hidden>
      <is_hidden2>0</is_hidden2>
      <is_indexed>0</is_indexed>
      <is_keyed>0</is_keyed>
      <is_multi_valued>0</is_multi_valued>
      <is_required>0</is_required>
      <keyed_name_order>1</keyed_name_order>
      <label xml:lang="en">Choice Id</label>
      <range_inclusive>0</range_inclusive>
      <readonly>0</readonly>
      <sort_order>2</sort_order>
      <source_id keyed_name="tgc_Toolbar Element Choice" type="ItemType" name="tgc_Toolbar Element Choice">6A23245AC0DD43D286666FAFE4871F32</source_id>
      <stored_length>256</stored_length>
      <track_history>0</track_history>
      <name>choice_id</name>
     </Item>
     <Item type="Property" id="C6B2E6E8F7A548FAA0A9CBAAB3DE9126" action="add">
      <column_alignment>left</column_alignment>
      <column_width>150</column_width>
      <data_type>ml_string</data_type>
      <is_hidden>0</is_hidden>
      <is_hidden2>0</is_hidden2>
      <is_indexed>0</is_indexed>
      <is_keyed>0</is_keyed>
      <is_multi_valued>0</is_multi_valued>
      <is_required>0</is_required>
      <label xml:lang="en">Choice Text Value</label>
      <range_inclusive>0</range_inclusive>
      <readonly>0</readonly>
      <sort_order>3</sort_order>
      <source_id keyed_name="tgc_Toolbar Element Choice" type="ItemType" name="tgc_Toolbar Element Choice">6A23245AC0DD43D286666FAFE4871F32</source_id>
      <stored_length>80</stored_length>
      <track_history>0</track_history>
      <name>choice_text_value</name>
     </Item>
    </Relationships>
   </Item>
  </relationship_id>
  <sort_order>10</sort_order>
  <source_id keyed_name="tgc_Toolbar Element" type="ItemType" name="tgc_Toolbar Element">00CA2859C49E4988B02C23A9F559B1F8</source_id>
  <name>tgc_Toolbar Element Choice</name>
 </Item>
 <Item type="ItemType" id="6A23245AC0DD43D286666FAFE4871F32" action="edit">
  <Relationships>
   <Item type="Property" action="edit" where="source_id='6A23245AC0DD43D286666FAFE4871F32' and name='sort_order'">
    <column_alignment>left</column_alignment>
    <column_width>50</column_width>
    <data_type>integer</data_type>
    <is_hidden>1</is_hidden>
    <is_hidden2>0</is_hidden2>
    <is_indexed>0</is_indexed>
    <is_keyed>0</is_keyed>
    <is_multi_valued>0</is_multi_valued>
    <is_required>0</is_required>
    <label xml:lang="en">Pos</label>
    <order_by>1</order_by>
    <range_inclusive>0</range_inclusive>
    <readonly>0</readonly>
    <sort_order>1</sort_order>
    <source_id keyed_name="tgc_Toolbar Element Choice" type="ItemType" name="tgc_Toolbar Element Choice">6A23245AC0DD43D286666FAFE4871F32</source_id>
    <track_history>0</track_history>
    <name>sort_order</name>
   </Item>
  </Relationships>
 </Item>
 <Item type="View" action="delete" where="source_id='6A23245AC0DD43D286666FAFE4871F32'" />
 <Item type="Form" action="delete" where="name='tgc_Toolbar Element Choice'" />
</AML>