﻿<AML>
 <Item type="RelationshipType" id="C5A8BAE93A69496FB4FB3F6DF1B2FB76" action="add" dependencyLevel="2">
  <auto_search>1</auto_search>
  <behavior>float</behavior>
  <copy_permissions>0</copy_permissions>
  <create_related>0</create_related>
  <hide_in_all>0</hide_in_all>
  <inc_rel_key_name>1</inc_rel_key_name>
  <inc_related_key_name>1</inc_related_key_name>
  <is_list_type>0</is_list_type>
  <label xml:lang="en">Property Mappings</label>
  <new_show_related>1</new_show_related>
  <related_notnull>0</related_notnull>
  <related_option>1</related_option>
  <relationship_id keyed_name="tgc_Prop MappingDef" type="ItemType" name="tgc_Prop MappingDef">
   <Item type="ItemType" id="BF7E1FB22B2444E6BC6E28F9ECE9EDA3" action="add">
    <allow_private_permission>1</allow_private_permission>
    <auto_search>0</auto_search>
    <enforce_discovery>0</enforce_discovery>
    <hide_where_used>0</hide_where_used>
    <implementation_type>table</implementation_type>
    <instance_data>TGC_PROP_MAPPINGDEF</instance_data>
    <is_dependent>0</is_dependent>
    <is_relationship>1</is_relationship>
    <is_versionable>0</is_versionable>
    <label xml:lang="en">Column to Propery Mapping</label>
    <label_plural xml:lang="en">Column to Property Mappings</label_plural>
    <open_icon>../Images/Export.svg</open_icon>
    <revisions keyed_name="Default" type="Revision">7FE395DD8B9F4E1090756A34B733D75E</revisions>
    <show_parameters_tab>1</show_parameters_tab>
    <structure_view>tabs off</structure_view>
    <unlock_on_logout>0</unlock_on_logout>
    <use_src_access>1</use_src_access>
    <name>tgc_Prop MappingDef</name>
    <Relationships>
     <Item type="Property" id="75F785A7A54C47309F1F97AF13F07F01" action="add">
      <column_alignment>left</column_alignment>
      <column_width>100</column_width>
      <data_type>string</data_type>
      <is_hidden>0</is_hidden>
      <is_hidden2>0</is_hidden2>
      <is_indexed>0</is_indexed>
      <is_keyed>0</is_keyed>
      <is_multi_valued>0</is_multi_valued>
      <is_required>0</is_required>
      <label xml:lang="en">Cell Bg Color</label>
      <range_inclusive>0</range_inclusive>
      <readonly>0</readonly>
      <sort_order>104</sort_order>
      <source_id keyed_name="tgc_Prop MappingDef" type="ItemType" name="tgc_Prop MappingDef">BF7E1FB22B2444E6BC6E28F9ECE9EDA3</source_id>
      <stored_length>40</stored_length>
      <track_history>0</track_history>
      <name>cell_bg_color</name>
     </Item>
     <Item type="Property" id="05A4F7C256AF428991F303AB15EC4C53" action="add">
      <column_alignment>center</column_alignment>
      <column_width>80</column_width>
      <data_type>boolean</data_type>
      <is_hidden>0</is_hidden>
      <is_hidden2>0</is_hidden2>
      <is_indexed>0</is_indexed>
      <is_keyed>0</is_keyed>
      <is_multi_valued>0</is_multi_valued>
      <is_required>0</is_required>
      <label xml:lang="en">is Editable</label>
      <range_inclusive>0</range_inclusive>
      <readonly>0</readonly>
      <sort_order>108</sort_order>
      <source_id keyed_name="tgc_Prop MappingDef" type="ItemType" name="tgc_Prop MappingDef">BF7E1FB22B2444E6BC6E28F9ECE9EDA3</source_id>
      <track_history>0</track_history>
      <name>cell_is_editable</name>
     </Item>
     <Item type="Property" id="CB9323FE0CF5462BBD3711AAA1259CD4" action="add">
      <column_alignment>left</column_alignment>
      <column_width>150</column_width>
      <data_type>string</data_type>
      <is_hidden>0</is_hidden>
      <is_hidden2>0</is_hidden2>
      <is_indexed>0</is_indexed>
      <is_keyed>0</is_keyed>
      <is_multi_valued>0</is_multi_valued>
      <is_required>0</is_required>
      <label xml:lang="en">Cell Link Item Type</label>
      <range_inclusive>0</range_inclusive>
      <readonly>0</readonly>
      <sort_order>107</sort_order>
      <source_id keyed_name="tgc_Prop MappingDef" type="ItemType" name="tgc_Prop MappingDef">BF7E1FB22B2444E6BC6E28F9ECE9EDA3</source_id>
      <stored_length>64</stored_length>
      <track_history>0</track_history>
      <name>cell_link_item_type</name>
     </Item>
     <Item type="Property" id="0FC08A93AF8D4B3CA5402A7A3BBBE372" action="add">
      <column_alignment>left</column_alignment>
      <column_width>80</column_width>
      <data_source keyed_name="tgc_LinkKey Types">85821BDCC1B549A5AC92D74AEBE6A414</data_source>
      <data_type>list</data_type>
      <is_hidden>0</is_hidden>
      <is_hidden2>0</is_hidden2>
      <is_indexed>0</is_indexed>
      <is_keyed>0</is_keyed>
      <is_multi_valued>0</is_multi_valued>
      <is_required>0</is_required>
      <label xml:lang="en">Cell Link Key</label>
      <range_inclusive>0</range_inclusive>
      <readonly>0</readonly>
      <sort_order>106</sort_order>
      <source_id keyed_name="tgc_Prop MappingDef" type="ItemType" name="tgc_Prop MappingDef">BF7E1FB22B2444E6BC6E28F9ECE9EDA3</source_id>
      <stored_length>256</stored_length>
      <track_history>0</track_history>
      <name>cell_link_key</name>
     </Item>
     <Item type="Property" id="3538CF90AA9742F28D1357132344613B" action="add">
      <column_alignment>left</column_alignment>
      <column_width>100</column_width>
      <data_type>ml_string</data_type>
      <is_hidden>0</is_hidden>
      <is_hidden2>0</is_hidden2>
      <is_indexed>0</is_indexed>
      <is_keyed>0</is_keyed>
      <is_multi_valued>0</is_multi_valued>
      <is_required>0</is_required>
      <label xml:lang="en">Cell Static Value</label>
      <range_inclusive>0</range_inclusive>
      <readonly>0</readonly>
      <sort_order>101</sort_order>
      <source_id keyed_name="tgc_Prop MappingDef" type="ItemType" name="tgc_Prop MappingDef">BF7E1FB22B2444E6BC6E28F9ECE9EDA3</source_id>
      <stored_length>255</stored_length>
      <track_history>0</track_history>
      <name>cell_static_value</name>
     </Item>
     <Item type="Property" id="090F8438FD2447A88F89CC51B57D5255" action="add">
      <column_alignment>left</column_alignment>
      <column_width>100</column_width>
      <data_type>string</data_type>
      <is_hidden>0</is_hidden>
      <is_hidden2>0</is_hidden2>
      <is_indexed>0</is_indexed>
      <is_keyed>0</is_keyed>
      <is_multi_valued>0</is_multi_valued>
      <is_required>0</is_required>
      <label xml:lang="en">Cell Text Color</label>
      <range_inclusive>0</range_inclusive>
      <readonly>0</readonly>
      <sort_order>105</sort_order>
      <source_id keyed_name="tgc_Prop MappingDef" type="ItemType" name="tgc_Prop MappingDef">BF7E1FB22B2444E6BC6E28F9ECE9EDA3</source_id>
      <stored_length>10</stored_length>
      <track_history>0</track_history>
      <name>cell_text_color</name>
     </Item>
     <Item type="Property" id="21F8FF6C9D2449DFB4B61F5F2F43ADEB" action="add">
      <column_alignment>left</column_alignment>
      <column_width>80</column_width>
      <data_source keyed_name="tgc_PropMapping Value Types">BFD98BA0E0F743DFAC878036479C3200</data_source>
      <data_type>list</data_type>
      <is_hidden>0</is_hidden>
      <is_hidden2>0</is_hidden2>
      <is_indexed>0</is_indexed>
      <is_keyed>0</is_keyed>
      <is_multi_valued>0</is_multi_valued>
      <is_required>0</is_required>
      <label xml:lang="en">Cell Value Type</label>
      <range_inclusive>0</range_inclusive>
      <readonly>0</readonly>
      <sort_order>102</sort_order>
      <source_id keyed_name="tgc_Prop MappingDef" type="ItemType" name="tgc_Prop MappingDef">BF7E1FB22B2444E6BC6E28F9ECE9EDA3</source_id>
      <stored_length>256</stored_length>
      <track_history>0</track_history>
      <name>cell_value_type</name>
     </Item>
     <Item type="Property" id="4AC3EB7F24DE4109B6BA58D19691B4CE" action="add">
      <column_alignment>left</column_alignment>
      <column_width>100</column_width>
      <data_type>string</data_type>
      <is_hidden>0</is_hidden>
      <is_hidden2>0</is_hidden2>
      <is_indexed>0</is_indexed>
      <is_keyed>0</is_keyed>
      <is_multi_valued>0</is_multi_valued>
      <is_required>0</is_required>
      <label xml:lang="en">Other Cell Value Type</label>
      <range_inclusive>0</range_inclusive>
      <readonly>0</readonly>
      <sort_order>103</sort_order>
      <source_id keyed_name="tgc_Prop MappingDef" type="ItemType" name="tgc_Prop MappingDef">BF7E1FB22B2444E6BC6E28F9ECE9EDA3</source_id>
      <stored_length>256</stored_length>
      <track_history>0</track_history>
      <name>cell_value_type_other</name>
     </Item>
     <Item type="Property" id="ED2C34A0609C4B0297C223F79268C967" action="add">
      <column_alignment>left</column_alignment>
      <column_width>100</column_width>
      <data_type>string</data_type>
      <is_hidden>0</is_hidden>
      <is_hidden2>0</is_hidden2>
      <is_indexed>0</is_indexed>
      <is_keyed>0</is_keyed>
      <is_multi_valued>0</is_multi_valued>
      <is_required>1</is_required>
      <keyed_name_order>1</keyed_name_order>
      <label xml:lang="en">Column Name</label>
      <range_inclusive>0</range_inclusive>
      <readonly>0</readonly>
      <sort_order>10</sort_order>
      <source_id keyed_name="tgc_Prop MappingDef" type="ItemType" name="tgc_Prop MappingDef">BF7E1FB22B2444E6BC6E28F9ECE9EDA3</source_id>
      <stored_length>64</stored_length>
      <track_history>0</track_history>
      <name>col_name</name>
     </Item>
     <Item type="Property" id="65172D6197474F5F8AA4867B0D428928" action="add">
      <column_alignment>center</column_alignment>
      <column_width>80</column_width>
      <data_type>boolean</data_type>
      <is_hidden>0</is_hidden>
      <is_hidden2>0</is_hidden2>
      <is_indexed>0</is_indexed>
      <is_keyed>0</is_keyed>
      <is_multi_valued>0</is_multi_valued>
      <is_required>0</is_required>
      <label xml:lang="en">Is Rel Property</label>
      <range_inclusive>0</range_inclusive>
      <readonly>0</readonly>
      <sort_order>100</sort_order>
      <source_id keyed_name="tgc_Prop MappingDef" type="ItemType" name="tgc_Prop MappingDef">BF7E1FB22B2444E6BC6E28F9ECE9EDA3</source_id>
      <track_history>0</track_history>
      <name>is_rel_property</name>
     </Item>
     <Item type="Property" id="2B3A09EDFC314E5290A84B41560CAFC7" action="add">
      <column_alignment>left</column_alignment>
      <column_width>200</column_width>
      <data_type>string</data_type>
      <is_hidden>0</is_hidden>
      <is_hidden2>0</is_hidden2>
      <is_indexed>0</is_indexed>
      <is_keyed>0</is_keyed>
      <is_multi_valued>0</is_multi_valued>
      <is_required>0</is_required>
      <keyed_name_order>2</keyed_name_order>
      <label xml:lang="en">Property  Name</label>
      <range_inclusive>0</range_inclusive>
      <readonly>0</readonly>
      <sort_order>15</sort_order>
      <source_id keyed_name="tgc_Prop MappingDef" type="ItemType" name="tgc_Prop MappingDef">BF7E1FB22B2444E6BC6E28F9ECE9EDA3</source_id>
      <stored_length>80</stored_length>
      <track_history>0</track_history>
      <name>mapped_property</name>
     </Item>
     <Item type="View" id="8CA3ADC989044435ABA431DC443C310F" action="add">
      <client>js</client>
      <related_id keyed_name="tgc_Prop MappingDef" type="Form">1042F5C9FFC84553BF860D891A985BD4</related_id>
      <role keyed_name="World" type="Identity">
       <Item type="Identity" action="get" select="id">
        <name>World</name>
       </Item>
      </role>
      <sort_order>128</sort_order>
      <source_id keyed_name="tgc_Prop MappingDef" type="ItemType" name="tgc_Prop MappingDef">BF7E1FB22B2444E6BC6E28F9ECE9EDA3</source_id>
      <type>default</type>
     </Item>
     <Item type="TOC Access" id="B67B62CD3C4B438DBC7F29866C452243" action="add">
      <related_id keyed_name="Administrators" type="Identity">2618D6F5A90949BAA7E920D1B04C7EE1</related_id>
      <sort_order>128</sort_order>
      <source_id keyed_name="tgc_Prop MappingDef" type="ItemType" name="tgc_Prop MappingDef">BF7E1FB22B2444E6BC6E28F9ECE9EDA3</source_id>
      <category>Administration/Grid Configurations</category>
     </Item>
    </Relationships>
   </Item>
  </relationship_id>
  <sort_order>128</sort_order>
  <source_id keyed_name="tgc_View Node RelQuery" type="ItemType" name="tgc_View Node RelQuery">B1FC2A0B4CC24F258A3ED537AC397EFC</source_id>
  <name>tgc_Prop MappingDef</name>
 </Item>
 <Item type="ItemType" id="BF7E1FB22B2444E6BC6E28F9ECE9EDA3" action="edit">
  <Relationships>
   <Item type="Property" action="edit" where="source_id='BF7E1FB22B2444E6BC6E28F9ECE9EDA3' and name='sort_order'">
    <column_alignment>left</column_alignment>
    <column_width>80</column_width>
    <data_type>integer</data_type>
    <is_hidden>0</is_hidden>
    <is_hidden2>0</is_hidden2>
    <is_indexed>0</is_indexed>
    <is_keyed>0</is_keyed>
    <is_multi_valued>0</is_multi_valued>
    <is_required>0</is_required>
    <label xml:lang="en">Pos</label>
    <order_by>3</order_by>
    <range_inclusive>0</range_inclusive>
    <readonly>0</readonly>
    <sort_order>5</sort_order>
    <source_id keyed_name="tgc_Prop MappingDef" type="ItemType" name="tgc_Prop MappingDef">BF7E1FB22B2444E6BC6E28F9ECE9EDA3</source_id>
    <track_history>0</track_history>
    <name>sort_order</name>
   </Item>
   <Item type="Property" action="edit" where="source_id='BF7E1FB22B2444E6BC6E28F9ECE9EDA3' and name='source_id'">
    <column_alignment>left</column_alignment>
    <column_width>150</column_width>
    <data_source keyed_name="tgc_View Node RelQuery" type="ItemType" name="tgc_View Node RelQuery">B1FC2A0B4CC24F258A3ED537AC397EFC</data_source>
    <data_type>item</data_type>
    <is_hidden>0</is_hidden>
    <is_hidden2>1</is_hidden2>
    <is_indexed>1</is_indexed>
    <is_keyed>0</is_keyed>
    <is_multi_valued>0</is_multi_valued>
    <is_required>0</is_required>
    <item_behavior>float</item_behavior>
    <label xml:lang="en">Relationship Config</label>
    <order_by>2</order_by>
    <range_inclusive>0</range_inclusive>
    <readonly>0</readonly>
    <sort_order>2</sort_order>
    <source_id keyed_name="tgc_Prop MappingDef" type="ItemType" name="tgc_Prop MappingDef">BF7E1FB22B2444E6BC6E28F9ECE9EDA3</source_id>
    <track_history>0</track_history>
    <name>source_id</name>
   </Item>
  </Relationships>
 </Item>
</AML>