﻿<AML>
 <Item type="RelationshipType" id="41D773A5598946F9BC55BAFDD1C8F258" action="add" dependencyLevel="0">
  <auto_search>1</auto_search>
  <behavior>float</behavior>
  <copy_permissions>0</copy_permissions>
  <create_related>0</create_related>
  <hide_in_all>0</hide_in_all>
  <inc_rel_key_name>1</inc_rel_key_name>
  <inc_related_key_name>1</inc_related_key_name>
  <is_list_type>0</is_list_type>
  <label xml:lang="en">Constants</label>
  <new_show_related>0</new_show_related>
  <related_notnull>0</related_notnull>
  <related_option>1</related_option>
  <relationship_id keyed_name="tgc_Constant" type="ItemType" name="tgc_Constant">
   <Item type="ItemType" id="E40B2D5089714EABA2CC7C66BEF1372E" action="add">
    <allow_private_permission>1</allow_private_permission>
    <auto_search>0</auto_search>
    <enforce_discovery>0</enforce_discovery>
    <hide_where_used>0</hide_where_used>
    <implementation_type>table</implementation_type>
    <instance_data>TGC_CONSTANT</instance_data>
    <is_dependent>0</is_dependent>
    <is_relationship>1</is_relationship>
    <is_versionable>0</is_versionable>
    <label xml:lang="en">Tree Grid Constant</label>
    <label_plural xml:lang="en">Tree Grid Constants</label_plural>
    <open_icon>../Images/Variable.svg</open_icon>
    <revisions keyed_name="Default" type="Revision">7FE395DD8B9F4E1090756A34B733D75E</revisions>
    <show_parameters_tab>1</show_parameters_tab>
    <structure_view>tabs off</structure_view>
    <unlock_on_logout>0</unlock_on_logout>
    <use_src_access>1</use_src_access>
    <name>tgc_Constant</name>
    <Relationships>
     <Item type="Property" id="C988B5475F9D406DA1A877D7BD3D3A0B" action="add">
      <column_alignment>left</column_alignment>
      <column_width>70</column_width>
      <data_type>string</data_type>
      <default_value xml:lang="en">Text</default_value>
      <is_hidden>0</is_hidden>
      <is_hidden2>0</is_hidden2>
      <is_indexed>0</is_indexed>
      <is_keyed>0</is_keyed>
      <is_multi_valued>0</is_multi_valued>
      <is_required>0</is_required>
      <label xml:lang="en">Type</label>
      <range_inclusive>0</range_inclusive>
      <readonly>0</readonly>
      <sort_order>12</sort_order>
      <source_id keyed_name="tgc_Constant" type="ItemType" name="tgc_Constant">E40B2D5089714EABA2CC7C66BEF1372E</source_id>
      <stored_length>20</stored_length>
      <track_history>0</track_history>
      <name>constant_type</name>
     </Item>
     <Item type="Property" id="6B5E38D3CF7242A3975AD6B63EDE41E0" action="add">
      <column_alignment>left</column_alignment>
      <column_width>250</column_width>
      <data_type>string</data_type>
      <is_hidden>0</is_hidden>
      <is_hidden2>0</is_hidden2>
      <is_indexed>0</is_indexed>
      <is_keyed>0</is_keyed>
      <is_multi_valued>0</is_multi_valued>
      <is_required>0</is_required>
      <label xml:lang="en">Description</label>
      <range_inclusive>0</range_inclusive>
      <readonly>0</readonly>
      <sort_order>14</sort_order>
      <source_id keyed_name="tgc_Constant" type="ItemType" name="tgc_Constant">E40B2D5089714EABA2CC7C66BEF1372E</source_id>
      <stored_length>255</stored_length>
      <track_history>0</track_history>
      <name>description</name>
     </Item>
     <Item type="Property" id="63564C67984940E598405F05AD8E7970" action="add">
      <column_alignment>left</column_alignment>
      <column_width>250</column_width>
      <data_type>string</data_type>
      <is_hidden>0</is_hidden>
      <is_hidden2>0</is_hidden2>
      <is_indexed>0</is_indexed>
      <is_keyed>0</is_keyed>
      <is_multi_valued>0</is_multi_valued>
      <is_required>0</is_required>
      <label xml:lang="en">Grouping</label>
      <order_by>2</order_by>
      <range_inclusive>0</range_inclusive>
      <readonly>0</readonly>
      <sort_order>13</sort_order>
      <source_id keyed_name="tgc_Constant" type="ItemType" name="tgc_Constant">E40B2D5089714EABA2CC7C66BEF1372E</source_id>
      <stored_length>64</stored_length>
      <track_history>0</track_history>
      <name>grouping</name>
     </Item>
     <Item type="Property" id="9084FBEE623842EA9F96BB3120069FED" action="add">
      <column_alignment>left</column_alignment>
      <column_width>300</column_width>
      <data_type>string</data_type>
      <is_hidden>0</is_hidden>
      <is_hidden2>0</is_hidden2>
      <is_indexed>0</is_indexed>
      <is_keyed>0</is_keyed>
      <is_multi_valued>0</is_multi_valued>
      <is_required>0</is_required>
      <label xml:lang="en">Name</label>
      <range_inclusive>0</range_inclusive>
      <readonly>0</readonly>
      <sort_order>10</sort_order>
      <source_id keyed_name="tgc_Constant" type="ItemType" name="tgc_Constant">E40B2D5089714EABA2CC7C66BEF1372E</source_id>
      <stored_length>64</stored_length>
      <track_history>0</track_history>
      <name>name</name>
     </Item>
     <Item type="Property" id="2D304F3B2AEC4FB598B8CEA923C8F6A2" action="add">
      <column_alignment>left</column_alignment>
      <column_width>300</column_width>
      <data_type>ml_string</data_type>
      <is_hidden>0</is_hidden>
      <is_hidden2>0</is_hidden2>
      <is_indexed>0</is_indexed>
      <is_keyed>0</is_keyed>
      <is_multi_valued>0</is_multi_valued>
      <is_required>0</is_required>
      <label xml:lang="en">Value</label>
      <range_inclusive>0</range_inclusive>
      <readonly>0</readonly>
      <sort_order>11</sort_order>
      <source_id keyed_name="tgc_Constant" type="ItemType" name="tgc_Constant">E40B2D5089714EABA2CC7C66BEF1372E</source_id>
      <stored_length>64</stored_length>
      <track_history>0</track_history>
      <name>value</name>
     </Item>
     <Item type="TOC Access" id="358843197410402BA7431C831A1702B4" action="add">
      <related_id keyed_name="Administrators" type="Identity">2618D6F5A90949BAA7E920D1B04C7EE1</related_id>
      <sort_order>128</sort_order>
      <source_id keyed_name="tgc_Constant" type="ItemType" name="tgc_Constant">E40B2D5089714EABA2CC7C66BEF1372E</source_id>
      <category>Administration/Grid Configurations</category>
     </Item>
    </Relationships>
   </Item>
  </relationship_id>
  <sort_order>128</sort_order>
  <source_id keyed_name="tgc_Configuration" type="ItemType" name="tgc_Configuration">F656F94B1F2B46F5A25E9B32FAACF776</source_id>
  <name>tgc_Constant</name>
 </Item>
 <Item type="ItemType" id="E40B2D5089714EABA2CC7C66BEF1372E" action="edit">
  <Relationships>
   <Item type="Property" action="edit" where="source_id='E40B2D5089714EABA2CC7C66BEF1372E' and name='related_id'">
    <column_alignment>left</column_alignment>
    <data_type>item</data_type>
    <is_hidden>1</is_hidden>
    <is_hidden2>1</is_hidden2>
    <is_indexed>1</is_indexed>
    <is_keyed>0</is_keyed>
    <is_multi_valued>0</is_multi_valued>
    <is_required>0</is_required>
    <item_behavior>float</item_behavior>
    <range_inclusive>0</range_inclusive>
    <readonly>0</readonly>
    <sort_order>3072</sort_order>
    <source_id keyed_name="tgc_Constant" type="ItemType" name="tgc_Constant">E40B2D5089714EABA2CC7C66BEF1372E</source_id>
    <track_history>0</track_history>
    <name>related_id</name>
   </Item>
   <Item type="Property" action="edit" where="source_id='E40B2D5089714EABA2CC7C66BEF1372E' and name='source_id'">
    <column_alignment>left</column_alignment>
    <column_width>150</column_width>
    <data_source keyed_name="tgc_Configuration" type="ItemType" name="tgc_Configuration">F656F94B1F2B46F5A25E9B32FAACF776</data_source>
    <data_type>item</data_type>
    <is_hidden>0</is_hidden>
    <is_hidden2>1</is_hidden2>
    <is_indexed>1</is_indexed>
    <is_keyed>0</is_keyed>
    <is_multi_valued>0</is_multi_valued>
    <is_required>0</is_required>
    <item_behavior>float</item_behavior>
    <label xml:lang="en">TreeGrid Configuration</label>
    <order_by>1</order_by>
    <range_inclusive>0</range_inclusive>
    <readonly>0</readonly>
    <sort_order>1</sort_order>
    <source_id keyed_name="tgc_Constant" type="ItemType" name="tgc_Constant">E40B2D5089714EABA2CC7C66BEF1372E</source_id>
    <track_history>0</track_history>
    <name>source_id</name>
   </Item>
  </Relationships>
 </Item>
 <Item type="View" action="delete" where="source_id='E40B2D5089714EABA2CC7C66BEF1372E'" />
 <Item type="Form" action="delete" where="name='tgc_Constant'" />
</AML>