﻿<AML>
 <Item type="RelationshipType" id="398D0C4394F843C39628078AECDF87F2" action="add" dependencyLevel="1">
  <auto_search>1</auto_search>
  <behavior>float</behavior>
  <copy_permissions>0</copy_permissions>
  <create_related>0</create_related>
  <hide_in_all>0</hide_in_all>
  <inc_rel_key_name>1</inc_rel_key_name>
  <inc_related_key_name>1</inc_related_key_name>
  <is_list_type>0</is_list_type>
  <label xml:lang="en">Node Relationship Definitions</label>
  <new_show_related>0</new_show_related>
  <related_notnull>0</related_notnull>
  <related_option>1</related_option>
  <relationship_id keyed_name="tgc_View Node RelQuery" type="ItemType" name="tgc_View Node RelQuery">
   <Item type="ItemType" id="B1FC2A0B4CC24F258A3ED537AC397EFC" action="add">
    <allow_private_permission>1</allow_private_permission>
    <auto_search>0</auto_search>
    <enforce_discovery>0</enforce_discovery>
    <hide_where_used>0</hide_where_used>
    <implementation_type>table</implementation_type>
    <instance_data>TGC_VIEW_NODE_RELQUERY</instance_data>
    <is_dependent>0</is_dependent>
    <is_relationship>1</is_relationship>
    <is_versionable>0</is_versionable>
    <label xml:lang="en">Relationship Data and Mappings</label>
    <label_plural xml:lang="en">3_Structure Node Relationships</label_plural>
    <open_icon>../Images/Grid.svg</open_icon>
    <revisions keyed_name="Default" type="Revision">7FE395DD8B9F4E1090756A34B733D75E</revisions>
    <show_parameters_tab>1</show_parameters_tab>
    <structure_view>tab view</structure_view>
    <unlock_on_logout>0</unlock_on_logout>
    <use_src_access>1</use_src_access>
    <name>tgc_View Node RelQuery</name>
    <Relationships>
     <Item type="Property" id="9F4F9CAD91274C818CF96E9865965F5A" action="add">
      <column_alignment>left</column_alignment>
      <column_width>250</column_width>
      <data_type>string</data_type>
      <is_hidden>0</is_hidden>
      <is_hidden2>0</is_hidden2>
      <is_indexed>0</is_indexed>
      <is_keyed>0</is_keyed>
      <is_multi_valued>0</is_multi_valued>
      <is_required>0</is_required>
      <label xml:lang="en">Group Icon Path</label>
      <range_inclusive>0</range_inclusive>
      <readonly>0</readonly>
      <sort_order>113</sort_order>
      <source_id keyed_name="tgc_View Node RelQuery" type="ItemType" name="tgc_View Node RelQuery">B1FC2A0B4CC24F258A3ED537AC397EFC</source_id>
      <stored_length>100</stored_length>
      <track_history>0</track_history>
      <name>group_icon_path</name>
     </Item>
     <Item type="Property" id="BAE309B037354D259DD9F6860B968D70" action="add">
      <column_alignment>left</column_alignment>
      <column_width>200</column_width>
      <data_type>ml_string</data_type>
      <is_hidden>0</is_hidden>
      <is_hidden2>0</is_hidden2>
      <is_indexed>0</is_indexed>
      <is_keyed>0</is_keyed>
      <is_multi_valued>0</is_multi_valued>
      <is_required>0</is_required>
      <label xml:lang="en">Group Label</label>
      <range_inclusive>0</range_inclusive>
      <readonly>0</readonly>
      <sort_order>111</sort_order>
      <source_id keyed_name="tgc_View Node RelQuery" type="ItemType" name="tgc_View Node RelQuery">B1FC2A0B4CC24F258A3ED537AC397EFC</source_id>
      <stored_length>80</stored_length>
      <track_history>0</track_history>
      <name>group_label</name>
     </Item>
     <Item type="Property" id="001142C93F644FF88765AE3C3594DFB2" action="add">
      <column_alignment>left</column_alignment>
      <column_width>150</column_width>
      <data_type>string</data_type>
      <is_hidden>0</is_hidden>
      <is_hidden2>0</is_hidden2>
      <is_indexed>0</is_indexed>
      <is_keyed>0</is_keyed>
      <is_multi_valued>0</is_multi_valued>
      <is_required>0</is_required>
      <label xml:lang="en">Group Name</label>
      <range_inclusive>0</range_inclusive>
      <readonly>0</readonly>
      <sort_order>110</sort_order>
      <source_id keyed_name="tgc_View Node RelQuery" type="ItemType" name="tgc_View Node RelQuery">B1FC2A0B4CC24F258A3ED537AC397EFC</source_id>
      <stored_length>64</stored_length>
      <track_history>0</track_history>
      <name>group_name</name>
     </Item>
     <Item type="Property" id="B99B2ED36686404A9F43CA429BA32334" action="add">
      <column_alignment>left</column_alignment>
      <column_width>80</column_width>
      <data_type>string</data_type>
      <is_hidden>0</is_hidden>
      <is_hidden2>0</is_hidden2>
      <is_indexed>0</is_indexed>
      <is_keyed>0</is_keyed>
      <is_multi_valued>0</is_multi_valued>
      <is_required>0</is_required>
      <label xml:lang="en">Group Row Bg Color</label>
      <range_inclusive>0</range_inclusive>
      <readonly>0</readonly>
      <sort_order>112</sort_order>
      <source_id keyed_name="tgc_View Node RelQuery" type="ItemType" name="tgc_View Node RelQuery">B1FC2A0B4CC24F258A3ED537AC397EFC</source_id>
      <stored_length>20</stored_length>
      <track_history>0</track_history>
      <name>group_row_bg_color</name>
     </Item>
     <Item type="Property" id="A2D39B6FE9504DA294E258BF92A564C8" action="add">
      <column_alignment>center</column_alignment>
      <column_width>80</column_width>
      <data_type>boolean</data_type>
      <is_hidden>0</is_hidden>
      <is_hidden2>0</is_hidden2>
      <is_indexed>0</is_indexed>
      <is_keyed>0</is_keyed>
      <is_multi_valued>0</is_multi_valued>
      <is_required>0</is_required>
      <label xml:lang="en">Is Disconnected Query</label>
      <range_inclusive>0</range_inclusive>
      <readonly>0</readonly>
      <sort_order>9</sort_order>
      <source_id keyed_name="tgc_View Node RelQuery" type="ItemType" name="tgc_View Node RelQuery">B1FC2A0B4CC24F258A3ED537AC397EFC</source_id>
      <track_history>0</track_history>
      <name>is_disconnected_query</name>
     </Item>
     <Item type="Property" id="18A03299EE7743D3A2D14BAD4154FAFF" action="add">
      <column_alignment>center</column_alignment>
      <column_width>80</column_width>
      <data_type>boolean</data_type>
      <is_hidden>0</is_hidden>
      <is_hidden2>0</is_hidden2>
      <is_indexed>0</is_indexed>
      <is_keyed>0</is_keyed>
      <is_multi_valued>0</is_multi_valued>
      <is_required>0</is_required>
      <label xml:lang="en">Is Reverese Query</label>
      <range_inclusive>0</range_inclusive>
      <readonly>0</readonly>
      <sort_order>8</sort_order>
      <source_id keyed_name="tgc_View Node RelQuery" type="ItemType" name="tgc_View Node RelQuery">B1FC2A0B4CC24F258A3ED537AC397EFC</source_id>
      <track_history>0</track_history>
      <name>is_reverse_query</name>
     </Item>
     <Item type="Property" id="64DAAE2D27FD489FB58BC59106540526" action="add">
      <column_alignment>left</column_alignment>
      <column_width>100</column_width>
      <data_type>string</data_type>
      <is_hidden>0</is_hidden>
      <is_hidden2>0</is_hidden2>
      <is_indexed>0</is_indexed>
      <is_keyed>0</is_keyed>
      <is_multi_valued>0</is_multi_valued>
      <is_required>1</is_required>
      <label xml:lang="en">Query Name</label>
      <range_inclusive>0</range_inclusive>
      <readonly>0</readonly>
      <sort_order>7</sort_order>
      <source_id keyed_name="tgc_View Node RelQuery" type="ItemType" name="tgc_View Node RelQuery">B1FC2A0B4CC24F258A3ED537AC397EFC</source_id>
      <stored_length>64</stored_length>
      <track_history>0</track_history>
      <name>name</name>
     </Item>
     <Item type="Property" id="55039DEA4C424892A35108C6BEED21FE" action="add">
      <column_alignment>left</column_alignment>
      <column_width>300</column_width>
      <data_type>string</data_type>
      <is_hidden>1</is_hidden>
      <is_hidden2>1</is_hidden2>
      <is_indexed>0</is_indexed>
      <is_keyed>0</is_keyed>
      <is_multi_valued>0</is_multi_valued>
      <is_required>0</is_required>
      <label xml:lang="en">linked Item Condition</label>
      <range_inclusive>0</range_inclusive>
      <readonly>0</readonly>
      <sort_order>125</sort_order>
      <source_id keyed_name="tgc_View Node RelQuery" type="ItemType" name="tgc_View Node RelQuery">B1FC2A0B4CC24F258A3ED537AC397EFC</source_id>
      <stored_length>256</stored_length>
      <track_history>0</track_history>
      <name>related_item_condition</name>
     </Item>
     <Item type="Property" id="43E7168A4F5645C286ECCEDD0DA1B8FF" action="add">
      <column_alignment>left</column_alignment>
      <column_width>100</column_width>
      <data_type>string</data_type>
      <default_value xml:lang="en">related_id</default_value>
      <is_hidden>0</is_hidden>
      <is_hidden2>0</is_hidden2>
      <is_indexed>0</is_indexed>
      <is_keyed>0</is_keyed>
      <is_multi_valued>0</is_multi_valued>
      <is_required>1</is_required>
      <label xml:lang="en">Property that links to Item</label>
      <range_inclusive>0</range_inclusive>
      <readonly>0</readonly>
      <sort_order>11</sort_order>
      <source_id keyed_name="tgc_View Node RelQuery" type="ItemType" name="tgc_View Node RelQuery">B1FC2A0B4CC24F258A3ED537AC397EFC</source_id>
      <stored_length>32</stored_length>
      <track_history>0</track_history>
      <name>related_item_property</name>
     </Item>
     <Item type="Property" id="F968EFD170C3480991F8B88DE60DD098" action="add">
      <column_alignment>left</column_alignment>
      <column_width>300</column_width>
      <data_type>string</data_type>
      <is_hidden>0</is_hidden>
      <is_hidden2>0</is_hidden2>
      <is_indexed>0</is_indexed>
      <is_keyed>0</is_keyed>
      <is_multi_valued>0</is_multi_valued>
      <is_required>0</is_required>
      <label xml:lang="en">linked Item Released Conditon</label>
      <range_inclusive>0</range_inclusive>
      <readonly>0</readonly>
      <sort_order>124</sort_order>
      <source_id keyed_name="tgc_View Node RelQuery" type="ItemType" name="tgc_View Node RelQuery">B1FC2A0B4CC24F258A3ED537AC397EFC</source_id>
      <stored_length>256</stored_length>
      <track_history>0</track_history>
      <name>related_item_released_condition</name>
     </Item>
     <Item type="Property" id="E8973B52776C48E1B69E35ED3DDCF660" action="add">
      <column_alignment>left</column_alignment>
      <column_width>300</column_width>
      <data_type>string</data_type>
      <is_hidden>0</is_hidden>
      <is_hidden2>0</is_hidden2>
      <is_indexed>0</is_indexed>
      <is_keyed>0</is_keyed>
      <is_multi_valued>0</is_multi_valued>
      <is_required>0</is_required>
      <label xml:lang="en">linked Item Properties to Query</label>
      <range_inclusive>0</range_inclusive>
      <readonly>0</readonly>
      <sort_order>123</sort_order>
      <source_id keyed_name="tgc_View Node RelQuery" type="ItemType" name="tgc_View Node RelQuery">B1FC2A0B4CC24F258A3ED537AC397EFC</source_id>
      <stored_length>512</stored_length>
      <track_history>0</track_history>
      <name>related_item_select_properties</name>
     </Item>
     <Item type="Property" id="18BAE9D2B66342BDB53C5B111690FCBD" action="add">
      <column_alignment>left</column_alignment>
      <column_width>200</column_width>
      <data_type>string</data_type>
      <is_hidden>0</is_hidden>
      <is_hidden2>0</is_hidden2>
      <is_indexed>0</is_indexed>
      <is_keyed>0</is_keyed>
      <is_multi_valued>0</is_multi_valued>
      <is_required>0</is_required>
      <label xml:lang="en">linked Item Type Name</label>
      <range_inclusive>0</range_inclusive>
      <readonly>0</readonly>
      <sort_order>122</sort_order>
      <source_id keyed_name="tgc_View Node RelQuery" type="ItemType" name="tgc_View Node RelQuery">B1FC2A0B4CC24F258A3ED537AC397EFC</source_id>
      <stored_length>64</stored_length>
      <track_history>0</track_history>
      <name>related_item_type_name</name>
     </Item>
     <Item type="Property" id="881B11D08D8042DEB93090FADDC47303" action="add">
      <column_alignment>left</column_alignment>
      <column_width>80</column_width>
      <data_type>string</data_type>
      <default_value xml:lang="en">get</default_value>
      <is_hidden>0</is_hidden>
      <is_hidden2>0</is_hidden2>
      <is_indexed>0</is_indexed>
      <is_keyed>0</is_keyed>
      <is_multi_valued>0</is_multi_valued>
      <is_required>0</is_required>
      <label xml:lang="en">AML action on Relationship</label>
      <range_inclusive>0</range_inclusive>
      <readonly>0</readonly>
      <sort_order>10</sort_order>
      <source_id keyed_name="tgc_View Node RelQuery" type="ItemType" name="tgc_View Node RelQuery">B1FC2A0B4CC24F258A3ED537AC397EFC</source_id>
      <stored_length>32</stored_length>
      <track_history>0</track_history>
      <name>relationship_custom_action</name>
     </Item>
     <Item type="Property" id="34B448FF0F8947D296E185B13A07BCCB" action="add">
      <column_alignment>left</column_alignment>
      <column_width>150</column_width>
      <data_type>string</data_type>
      <is_hidden>0</is_hidden>
      <is_hidden2>0</is_hidden2>
      <is_indexed>0</is_indexed>
      <is_keyed>0</is_keyed>
      <is_multi_valued>0</is_multi_valued>
      <is_required>1</is_required>
      <keyed_name_order>2</keyed_name_order>
      <label xml:lang="en">Relationship Name</label>
      <range_inclusive>0</range_inclusive>
      <readonly>0</readonly>
      <sort_order>10</sort_order>
      <source_id keyed_name="tgc_View Node RelQuery" type="ItemType" name="tgc_View Node RelQuery">B1FC2A0B4CC24F258A3ED537AC397EFC</source_id>
      <stored_length>64</stored_length>
      <track_history>0</track_history>
      <name>relationship_name</name>
     </Item>
     <Item type="Property" id="3F41518D333347E7AC29B59C9B50E593" action="add">
      <column_alignment>left</column_alignment>
      <column_width>300</column_width>
      <data_type>string</data_type>
      <is_hidden>0</is_hidden>
      <is_hidden2>0</is_hidden2>
      <is_indexed>0</is_indexed>
      <is_keyed>0</is_keyed>
      <is_multi_valued>0</is_multi_valued>
      <is_required>1</is_required>
      <label xml:lang="en">Relationship Properties to Query</label>
      <range_inclusive>0</range_inclusive>
      <readonly>0</readonly>
      <sort_order>121</sort_order>
      <source_id keyed_name="tgc_View Node RelQuery" type="ItemType" name="tgc_View Node RelQuery">B1FC2A0B4CC24F258A3ED537AC397EFC</source_id>
      <stored_length>512</stored_length>
      <track_history>0</track_history>
      <name>relationship_select_properties</name>
     </Item>
     <Item type="Property" id="1AD1FEEE021C4A75A88784F42481F2E6" action="add">
      <column_alignment>left</column_alignment>
      <column_width>80</column_width>
      <data_type>string</data_type>
      <is_hidden>0</is_hidden>
      <is_hidden2>0</is_hidden2>
      <is_indexed>0</is_indexed>
      <is_keyed>0</is_keyed>
      <is_multi_valued>0</is_multi_valued>
      <is_required>0</is_required>
      <label xml:lang="en">Rows Bg Color</label>
      <range_inclusive>0</range_inclusive>
      <readonly>0</readonly>
      <sort_order>100</sort_order>
      <source_id keyed_name="tgc_View Node RelQuery" type="ItemType" name="tgc_View Node RelQuery">B1FC2A0B4CC24F258A3ED537AC397EFC</source_id>
      <stored_length>20</stored_length>
      <track_history>0</track_history>
      <name>row_bg_color</name>
     </Item>
     <Item type="Property" id="847FBC9AA25242B7899999FE914B7EB6" action="add">
      <column_alignment>left</column_alignment>
      <column_width>250</column_width>
      <data_type>string</data_type>
      <default_value xml:lang="en">{rowItemType}</default_value>
      <is_hidden>0</is_hidden>
      <is_hidden2>0</is_hidden2>
      <is_indexed>0</is_indexed>
      <is_keyed>0</is_keyed>
      <is_multi_valued>0</is_multi_valued>
      <is_required>0</is_required>
      <label xml:lang="en">Rows Icon Path</label>
      <range_inclusive>0</range_inclusive>
      <readonly>0</readonly>
      <sort_order>101</sort_order>
      <source_id keyed_name="tgc_View Node RelQuery" type="ItemType" name="tgc_View Node RelQuery">B1FC2A0B4CC24F258A3ED537AC397EFC</source_id>
      <stored_length>100</stored_length>
      <track_history>0</track_history>
      <name>row_icon_path</name>
     </Item>
     <Item type="View" id="2BB10A808AE14B9E9C6C55ED6ED097D7" action="add">
      <client>js</client>
      <related_id keyed_name="tgc_View Node RelQuery" type="Form">FFA23492F49F48AF8D5E76654A90497E</related_id>
      <role keyed_name="World" type="Identity">
       <Item type="Identity" action="get" select="id">
        <name>World</name>
       </Item>
      </role>
      <sort_order>128</sort_order>
      <source_id keyed_name="tgc_View Node RelQuery" type="ItemType" name="tgc_View Node RelQuery">B1FC2A0B4CC24F258A3ED537AC397EFC</source_id>
      <type>default</type>
     </Item>
     <Item type="Server Event" id="33CD19763DA343E087A61BF958690813" action="add">
      <event_version>version_1</event_version>
      <is_required>0</is_required>
      <related_id keyed_name="tgc_RelMapping Defaults" type="Method">
       <Item type="Method" action="get" select="id">
        <name>tgc_RelMapping Defaults</name>
       </Item>
      </related_id>
      <server_event>onAfterGet</server_event>
      <sort_order>10</sort_order>
      <source_id keyed_name="tgc_View Node RelQuery" type="ItemType" name="tgc_View Node RelQuery">B1FC2A0B4CC24F258A3ED537AC397EFC</source_id>
     </Item>
     <Item type="TOC Access" id="AEC7C170DF144B968211A590928F0AE7" action="add">
      <related_id keyed_name="Administrators" type="Identity">2618D6F5A90949BAA7E920D1B04C7EE1</related_id>
      <sort_order>128</sort_order>
      <source_id keyed_name="tgc_View Node RelQuery" type="ItemType" name="tgc_View Node RelQuery">B1FC2A0B4CC24F258A3ED537AC397EFC</source_id>
      <category>Administration/Grid Configurations</category>
     </Item>
    </Relationships>
   </Item>
  </relationship_id>
  <sort_order>40</sort_order>
  <source_id keyed_name="tgc_View" type="ItemType" name="tgc_View">B25E654CC2EA442F874B8E461EAA3C5B</source_id>
  <name>tgc_View Node RelQuery</name>
 </Item>
 <Item type="ItemType" id="B1FC2A0B4CC24F258A3ED537AC397EFC" action="edit">
  <Relationships>
   <Item type="Property" action="edit" where="source_id='B1FC2A0B4CC24F258A3ED537AC397EFC' and name='sort_order'">
    <column_alignment>left</column_alignment>
    <column_width>50</column_width>
    <data_type>integer</data_type>
    <is_hidden>0</is_hidden>
    <is_hidden2>0</is_hidden2>
    <is_indexed>0</is_indexed>
    <is_keyed>0</is_keyed>
    <is_multi_valued>0</is_multi_valued>
    <is_required>0</is_required>
    <keyed_name_order>1</keyed_name_order>
    <label xml:lang="en">Pos</label>
    <order_by>3</order_by>
    <range_inclusive>0</range_inclusive>
    <readonly>0</readonly>
    <sort_order>5</sort_order>
    <source_id keyed_name="tgc_View Node RelQuery" type="ItemType" name="tgc_View Node RelQuery">B1FC2A0B4CC24F258A3ED537AC397EFC</source_id>
    <track_history>0</track_history>
    <name>sort_order</name>
   </Item>
   <Item type="Property" action="edit" where="source_id='B1FC2A0B4CC24F258A3ED537AC397EFC' and name='source_id'">
    <column_alignment>left</column_alignment>
    <column_width>150</column_width>
    <data_source keyed_name="tgc_View" type="ItemType" name="tgc_View">B25E654CC2EA442F874B8E461EAA3C5B</data_source>
    <data_type>item</data_type>
    <is_hidden>0</is_hidden>
    <is_hidden2>1</is_hidden2>
    <is_indexed>1</is_indexed>
    <is_keyed>0</is_keyed>
    <is_multi_valued>0</is_multi_valued>
    <is_required>0</is_required>
    <item_behavior>float</item_behavior>
    <label xml:lang="en">View</label>
    <order_by>2</order_by>
    <range_inclusive>0</range_inclusive>
    <readonly>0</readonly>
    <sort_order>2</sort_order>
    <source_id keyed_name="tgc_View Node RelQuery" type="ItemType" name="tgc_View Node RelQuery">B1FC2A0B4CC24F258A3ED537AC397EFC</source_id>
    <track_history>0</track_history>
    <name>source_id</name>
   </Item>
  </Relationships>
 </Item>
</AML>