﻿<AML>
 <Item type="RelationshipType" id="1647990C126343BDA597E8AFB009CD22" action="add" dependencyLevel="1">
  <auto_search>1</auto_search>
  <behavior>float</behavior>
  <copy_permissions>0</copy_permissions>
  <create_related>0</create_related>
  <hide_in_all>0</hide_in_all>
  <inc_rel_key_name>1</inc_rel_key_name>
  <inc_related_key_name>1</inc_related_key_name>
  <is_list_type>0</is_list_type>
  <label xml:lang="en">Structure Row Menu Actions</label>
  <new_show_related>0</new_show_related>
  <related_notnull>0</related_notnull>
  <related_option>2</related_option>
  <relationship_id keyed_name="tgc_StructRelQuery MenuAction" type="ItemType" name="tgc_StructRelQuery MenuAction">
   <Item type="ItemType" id="1E08D39362844CDDA516466D9EE6ACA5" action="add">
    <allow_private_permission>1</allow_private_permission>
    <auto_search>0</auto_search>
    <enforce_discovery>0</enforce_discovery>
    <hide_where_used>0</hide_where_used>
    <implementation_type>table</implementation_type>
    <instance_data>TGC_STRUCTRELQUERY_MENUACTION</instance_data>
    <is_dependent>0</is_dependent>
    <is_relationship>1</is_relationship>
    <is_versionable>0</is_versionable>
    <revisions keyed_name="Default" type="Revision">7FE395DD8B9F4E1090756A34B733D75E</revisions>
    <show_parameters_tab>1</show_parameters_tab>
    <structure_view>tabs off</structure_view>
    <unlock_on_logout>0</unlock_on_logout>
    <use_src_access>1</use_src_access>
    <name>tgc_StructRelQuery MenuAction</name>
    <Relationships>
     <Item type="Property" id="6F2C24CD67E94198A4ED73956EB14FBC" action="add">
      <column_alignment>left</column_alignment>
      <column_width>100</column_width>
      <data_type>string</data_type>
      <is_hidden>0</is_hidden>
      <is_hidden2>0</is_hidden2>
      <is_indexed>0</is_indexed>
      <is_keyed>0</is_keyed>
      <is_multi_valued>0</is_multi_valued>
      <is_required>0</is_required>
      <label xml:lang="en">Execute This Action</label>
      <range_inclusive>0</range_inclusive>
      <readonly>0</readonly>
      <sort_order>13</sort_order>
      <source_id keyed_name="tgc_StructRelQuery MenuAction" type="ItemType" name="tgc_StructRelQuery MenuAction">1E08D39362844CDDA516466D9EE6ACA5</source_id>
      <stored_length>80</stored_length>
      <track_history>0</track_history>
      <name>execute_this_action</name>
     </Item>
     <Item type="Property" id="BB9C3F93A4AD4C348E3C4B0B62902517" action="add">
      <column_alignment>left</column_alignment>
      <column_width>80</column_width>
      <data_source keyed_name="tgc_effectivity Modes">F70BA0857A1D4CE68D760938B8A624AE</data_source>
      <data_type>list</data_type>
      <is_hidden>0</is_hidden>
      <is_hidden2>0</is_hidden2>
      <is_indexed>0</is_indexed>
      <is_keyed>0</is_keyed>
      <is_multi_valued>0</is_multi_valued>
      <is_required>0</is_required>
      <label xml:lang="en">If Effectivity Mode</label>
      <range_inclusive>0</range_inclusive>
      <readonly>0</readonly>
      <sort_order>23</sort_order>
      <source_id keyed_name="tgc_StructRelQuery MenuAction" type="ItemType" name="tgc_StructRelQuery MenuAction">1E08D39362844CDDA516466D9EE6ACA5</source_id>
      <stored_length>256</stored_length>
      <track_history>0</track_history>
      <name>if_effectivity_mode</name>
     </Item>
     <Item type="Property" id="3DE1CB53C3194EB4B351B6D29F7FD795" action="add">
      <column_alignment>left</column_alignment>
      <column_width>80</column_width>
      <data_source keyed_name="tgc_True_False">5EB366A1569446DFB13B264EC71B981C</data_source>
      <data_type>list</data_type>
      <is_hidden>0</is_hidden>
      <is_hidden2>0</is_hidden2>
      <is_indexed>0</is_indexed>
      <is_keyed>0</is_keyed>
      <is_multi_valued>0</is_multi_valued>
      <is_required>0</is_required>
      <label xml:lang="en">If Grid Is Editable</label>
      <range_inclusive>0</range_inclusive>
      <readonly>0</readonly>
      <sort_order>15</sort_order>
      <source_id keyed_name="tgc_StructRelQuery MenuAction" type="ItemType" name="tgc_StructRelQuery MenuAction">1E08D39362844CDDA516466D9EE6ACA5</source_id>
      <stored_length>256</stored_length>
      <track_history>0</track_history>
      <name>if_grid_is_editable</name>
     </Item>
     <Item type="Property" id="3B66CBD7D5694663A212805C3F8D2790" action="add">
      <column_alignment>left</column_alignment>
      <column_width>80</column_width>
      <data_source keyed_name="tgc_True_False">5EB366A1569446DFB13B264EC71B981C</data_source>
      <data_type>list</data_type>
      <is_hidden>0</is_hidden>
      <is_hidden2>0</is_hidden2>
      <is_indexed>0</is_indexed>
      <is_keyed>0</is_keyed>
      <is_multi_valued>0</is_multi_valued>
      <is_required>0</is_required>
      <label xml:lang="en">If Group Row</label>
      <range_inclusive>0</range_inclusive>
      <readonly>0</readonly>
      <sort_order>19</sort_order>
      <source_id keyed_name="tgc_StructRelQuery MenuAction" type="ItemType" name="tgc_StructRelQuery MenuAction">1E08D39362844CDDA516466D9EE6ACA5</source_id>
      <stored_length>256</stored_length>
      <track_history>0</track_history>
      <name>if_is_group_row</name>
     </Item>
     <Item type="Property" id="2CDAF121D76D4BEC9F4863E9A4911360" action="add">
      <column_alignment>left</column_alignment>
      <column_width>80</column_width>
      <data_source keyed_name="tgc_True_False">5EB366A1569446DFB13B264EC71B981C</data_source>
      <data_type>list</data_type>
      <is_hidden>0</is_hidden>
      <is_hidden2>0</is_hidden2>
      <is_indexed>0</is_indexed>
      <is_keyed>0</is_keyed>
      <is_multi_valued>0</is_multi_valued>
      <is_required>0</is_required>
      <label xml:lang="en">If User is Owner Or Manager of Row Item</label>
      <range_inclusive>0</range_inclusive>
      <readonly>0</readonly>
      <sort_order>18</sort_order>
      <source_id keyed_name="tgc_StructRelQuery MenuAction" type="ItemType" name="tgc_StructRelQuery MenuAction">1E08D39362844CDDA516466D9EE6ACA5</source_id>
      <stored_length>256</stored_length>
      <track_history>0</track_history>
      <name>if_is_owner_manager_of_row_item</name>
     </Item>
     <Item type="Property" id="4E54243DE0074301AC5C8219DD34EB43" action="add">
      <column_alignment>left</column_alignment>
      <column_width>80</column_width>
      <data_source keyed_name="tgc_True_False">5EB366A1569446DFB13B264EC71B981C</data_source>
      <data_type>list</data_type>
      <is_hidden>0</is_hidden>
      <is_hidden2>0</is_hidden2>
      <is_indexed>0</is_indexed>
      <is_keyed>0</is_keyed>
      <is_multi_valued>0</is_multi_valued>
      <is_required>0</is_required>
      <label xml:lang="en">If User is Owner Of Contect Item</label>
      <range_inclusive>0</range_inclusive>
      <readonly>0</readonly>
      <sort_order>17</sort_order>
      <source_id keyed_name="tgc_StructRelQuery MenuAction" type="ItemType" name="tgc_StructRelQuery MenuAction">1E08D39362844CDDA516466D9EE6ACA5</source_id>
      <stored_length>256</stored_length>
      <track_history>0</track_history>
      <name>if_is_owner_of_context_item</name>
     </Item>
     <Item type="Property" id="45FEFB7B53B445E0AF44166E73354A47" action="add">
      <column_alignment>left</column_alignment>
      <column_width>80</column_width>
      <data_source keyed_name="tgc_True_False">5EB366A1569446DFB13B264EC71B981C</data_source>
      <data_type>list</data_type>
      <is_hidden>0</is_hidden>
      <is_hidden2>0</is_hidden2>
      <is_indexed>0</is_indexed>
      <is_keyed>0</is_keyed>
      <is_multi_valued>0</is_multi_valued>
      <is_required>0</is_required>
      <label xml:lang="en">If User Is Owner Of Row Item</label>
      <range_inclusive>0</range_inclusive>
      <readonly>0</readonly>
      <sort_order>16</sort_order>
      <source_id keyed_name="tgc_StructRelQuery MenuAction" type="ItemType" name="tgc_StructRelQuery MenuAction">1E08D39362844CDDA516466D9EE6ACA5</source_id>
      <stored_length>256</stored_length>
      <track_history>0</track_history>
      <name>if_is_owner_of_row_item</name>
     </Item>
     <Item type="Property" id="EB7283BCEF734C3B89B619D9E2775FBA" action="add">
      <column_alignment>left</column_alignment>
      <column_width>80</column_width>
      <data_source keyed_name="tgc_True_False">5EB366A1569446DFB13B264EC71B981C</data_source>
      <data_type>list</data_type>
      <is_hidden>0</is_hidden>
      <is_hidden2>0</is_hidden2>
      <is_indexed>0</is_indexed>
      <is_keyed>0</is_keyed>
      <is_multi_valued>0</is_multi_valued>
      <is_required>0</is_required>
      <label xml:lang="en">If Row Item is Current Version</label>
      <range_inclusive>0</range_inclusive>
      <readonly>0</readonly>
      <sort_order>20</sort_order>
      <source_id keyed_name="tgc_StructRelQuery MenuAction" type="ItemType" name="tgc_StructRelQuery MenuAction">1E08D39362844CDDA516466D9EE6ACA5</source_id>
      <stored_length>256</stored_length>
      <track_history>0</track_history>
      <name>if_row_item_is_current</name>
     </Item>
     <Item type="Property" id="9705B87F2E164A9BA84CF115282473F4" action="add">
      <column_alignment>left</column_alignment>
      <column_width>80</column_width>
      <data_source keyed_name="tgc_True_False">5EB366A1569446DFB13B264EC71B981C</data_source>
      <data_type>list</data_type>
      <is_hidden>0</is_hidden>
      <is_hidden2>0</is_hidden2>
      <is_indexed>0</is_indexed>
      <is_keyed>0</is_keyed>
      <is_multi_valued>0</is_multi_valued>
      <is_required>0</is_required>
      <label xml:lang="en">If Row Item is Locked</label>
      <range_inclusive>0</range_inclusive>
      <readonly>0</readonly>
      <sort_order>22</sort_order>
      <source_id keyed_name="tgc_StructRelQuery MenuAction" type="ItemType" name="tgc_StructRelQuery MenuAction">1E08D39362844CDDA516466D9EE6ACA5</source_id>
      <stored_length>256</stored_length>
      <track_history>0</track_history>
      <name>if_row_item_is_locked</name>
     </Item>
     <Item type="Property" id="D0E142C7D222427CAE8BE4CC13F06485" action="add">
      <column_alignment>left</column_alignment>
      <column_width>80</column_width>
      <data_source keyed_name="tgc_True_False">5EB366A1569446DFB13B264EC71B981C</data_source>
      <data_type>list</data_type>
      <is_hidden>0</is_hidden>
      <is_hidden2>0</is_hidden2>
      <is_indexed>0</is_indexed>
      <is_keyed>0</is_keyed>
      <is_multi_valued>0</is_multi_valued>
      <is_required>0</is_required>
      <label xml:lang="en">If Row Item is Released</label>
      <range_inclusive>0</range_inclusive>
      <readonly>0</readonly>
      <sort_order>21</sort_order>
      <source_id keyed_name="tgc_StructRelQuery MenuAction" type="ItemType" name="tgc_StructRelQuery MenuAction">1E08D39362844CDDA516466D9EE6ACA5</source_id>
      <stored_length>256</stored_length>
      <track_history>0</track_history>
      <name>if_row_item_is_released</name>
     </Item>
     <Item type="Property" id="DCC370D111AE45E58F139D17296E8165" action="add">
      <column_alignment>left</column_alignment>
      <column_width>80</column_width>
      <data_source keyed_name="tgc_True_False">5EB366A1569446DFB13B264EC71B981C</data_source>
      <data_type>list</data_type>
      <is_hidden>0</is_hidden>
      <is_hidden2>0</is_hidden2>
      <is_indexed>0</is_indexed>
      <is_keyed>0</is_keyed>
      <is_multi_valued>0</is_multi_valued>
      <is_required>0</is_required>
      <label xml:lang="en">If Started From Tab</label>
      <range_inclusive>0</range_inclusive>
      <readonly>0</readonly>
      <sort_order>14</sort_order>
      <source_id keyed_name="tgc_StructRelQuery MenuAction" type="ItemType" name="tgc_StructRelQuery MenuAction">1E08D39362844CDDA516466D9EE6ACA5</source_id>
      <stored_length>256</stored_length>
      <track_history>0</track_history>
      <name>if_started_from_tab</name>
     </Item>
     <Item type="Property" id="44F452DC0D0F47318DF68BC8F82D0047" action="add">
      <column_alignment>center</column_alignment>
      <column_width>80</column_width>
      <data_type>boolean</data_type>
      <is_hidden>0</is_hidden>
      <is_hidden2>0</is_hidden2>
      <is_indexed>0</is_indexed>
      <is_keyed>0</is_keyed>
      <is_multi_valued>0</is_multi_valued>
      <is_required>0</is_required>
      <label xml:lang="en">Separator</label>
      <range_inclusive>0</range_inclusive>
      <readonly>0</readonly>
      <sort_order>12</sort_order>
      <source_id keyed_name="tgc_StructRelQuery MenuAction" type="ItemType" name="tgc_StructRelQuery MenuAction">1E08D39362844CDDA516466D9EE6ACA5</source_id>
      <track_history>0</track_history>
      <name>is_separator</name>
     </Item>
     <Item type="Property" id="4C10D2FF1B264A9B8405327FDA5FE437" action="add">
      <column_alignment>left</column_alignment>
      <column_width>100</column_width>
      <data_type>ml_string</data_type>
      <is_hidden>0</is_hidden>
      <is_hidden2>0</is_hidden2>
      <is_indexed>0</is_indexed>
      <is_keyed>0</is_keyed>
      <is_multi_valued>0</is_multi_valued>
      <is_required>0</is_required>
      <label xml:lang="en">Label</label>
      <range_inclusive>0</range_inclusive>
      <readonly>0</readonly>
      <sort_order>11</sort_order>
      <source_id keyed_name="tgc_StructRelQuery MenuAction" type="ItemType" name="tgc_StructRelQuery MenuAction">1E08D39362844CDDA516466D9EE6ACA5</source_id>
      <stored_length>80</stored_length>
      <track_history>0</track_history>
      <name>label</name>
     </Item>
     <Item type="Property" id="8EA9865F38CB479CBE2482AB31455073" action="add">
      <column_alignment>left</column_alignment>
      <column_width>100</column_width>
      <data_type>string</data_type>
      <is_hidden>0</is_hidden>
      <is_hidden2>0</is_hidden2>
      <is_indexed>0</is_indexed>
      <is_keyed>0</is_keyed>
      <is_multi_valued>0</is_multi_valued>
      <is_required>0</is_required>
      <keyed_name_order>2</keyed_name_order>
      <label xml:lang="en">Name</label>
      <range_inclusive>0</range_inclusive>
      <readonly>0</readonly>
      <sort_order>10</sort_order>
      <source_id keyed_name="tgc_StructRelQuery MenuAction" type="ItemType" name="tgc_StructRelQuery MenuAction">1E08D39362844CDDA516466D9EE6ACA5</source_id>
      <stored_length>40</stored_length>
      <track_history>0</track_history>
      <name>name</name>
     </Item>
     <Item type="View" id="C8B3D99C8B2040C0B3FEA341F4CA9B7B" action="add">
      <client>js</client>
      <related_id keyed_name="tgc_StructRelQuery MenuAction" type="Form">8C8E953DB7C3406AAC305AB9BADCCFB9</related_id>
      <role keyed_name="World" type="Identity">
       <Item type="Identity" action="get" select="id">
        <name>World</name>
       </Item>
      </role>
      <sort_order>128</sort_order>
      <source_id keyed_name="tgc_StructRelQuery MenuAction" type="ItemType" name="tgc_StructRelQuery MenuAction">1E08D39362844CDDA516466D9EE6ACA5</source_id>
      <type>default</type>
     </Item>
    </Relationships>
   </Item>
  </relationship_id>
  <sort_order>35</sort_order>
  <source_id keyed_name="tgc_View" type="ItemType" name="tgc_View">B25E654CC2EA442F874B8E461EAA3C5B</source_id>
  <name>tgc_StructRelQuery MenuAction</name>
 </Item>
 <Item type="ItemType" id="1E08D39362844CDDA516466D9EE6ACA5" action="edit">
  <Relationships>
   <Item type="Property" action="edit" where="source_id='1E08D39362844CDDA516466D9EE6ACA5' and name='sort_order'">
    <column_alignment>left</column_alignment>
    <column_width>40</column_width>
    <data_type>integer</data_type>
    <is_hidden>0</is_hidden>
    <is_hidden2>0</is_hidden2>
    <is_indexed>0</is_indexed>
    <is_keyed>0</is_keyed>
    <is_multi_valued>0</is_multi_valued>
    <is_required>0</is_required>
    <keyed_name_order>1</keyed_name_order>
    <label xml:lang="en">Pos</label>
    <range_inclusive>0</range_inclusive>
    <readonly>0</readonly>
    <sort_order>5</sort_order>
    <source_id keyed_name="tgc_StructRelQuery MenuAction" type="ItemType" name="tgc_StructRelQuery MenuAction">1E08D39362844CDDA516466D9EE6ACA5</source_id>
    <track_history>0</track_history>
    <name>sort_order</name>
   </Item>
   <Item type="Property" action="edit" where="source_id='1E08D39362844CDDA516466D9EE6ACA5' and name='source_id'">
    <column_alignment>left</column_alignment>
    <column_width>100</column_width>
    <data_source keyed_name="tgc_View" type="ItemType" name="tgc_View">B25E654CC2EA442F874B8E461EAA3C5B</data_source>
    <data_type>item</data_type>
    <is_hidden>0</is_hidden>
    <is_hidden2>1</is_hidden2>
    <is_indexed>1</is_indexed>
    <is_keyed>0</is_keyed>
    <is_multi_valued>0</is_multi_valued>
    <is_required>0</is_required>
    <item_behavior>float</item_behavior>
    <label xml:lang="en">View</label>
    <range_inclusive>0</range_inclusive>
    <readonly>0</readonly>
    <sort_order>2</sort_order>
    <source_id keyed_name="tgc_StructRelQuery MenuAction" type="ItemType" name="tgc_StructRelQuery MenuAction">1E08D39362844CDDA516466D9EE6ACA5</source_id>
    <track_history>0</track_history>
    <name>source_id</name>
   </Item>
  </Relationships>
 </Item>
</AML>