﻿<AML>
 <Item type="RelationshipType" id="8E58291C4E5C4C7188CDAB7491DDC88B" action="add" dependencyLevel="1">
  <auto_search>1</auto_search>
  <behavior>float</behavior>
  <copy_permissions>0</copy_permissions>
  <create_related>0</create_related>
  <hide_in_all>0</hide_in_all>
  <inc_rel_key_name>1</inc_rel_key_name>
  <inc_related_key_name>1</inc_related_key_name>
  <is_list_type>0</is_list_type>
  <label xml:lang="en">Columns</label>
  <new_show_related>1</new_show_related>
  <related_notnull>0</related_notnull>
  <related_option>1</related_option>
  <relationship_id keyed_name="tgc_View ColumnDef" type="ItemType" name="tgc_View ColumnDef">
   <Item type="ItemType" id="401F9F0D52A84BDD9EF21BD29FF901B3" action="add">
    <allow_private_permission>1</allow_private_permission>
    <auto_search>0</auto_search>
    <enforce_discovery>0</enforce_discovery>
    <hide_where_used>0</hide_where_used>
    <implementation_type>table</implementation_type>
    <instance_data>TGC_VIEW_COLUMNDEF</instance_data>
    <is_dependent>0</is_dependent>
    <is_relationship>1</is_relationship>
    <is_versionable>0</is_versionable>
    <label xml:lang="en">Grid Column Definitions</label>
    <label_plural xml:lang="en">Grid Column Definitions</label_plural>
    <open_icon>../images/RelationshipType.svg</open_icon>
    <revisions keyed_name="Default" type="Revision">7FE395DD8B9F4E1090756A34B733D75E</revisions>
    <show_parameters_tab>1</show_parameters_tab>
    <structure_view>tabs off</structure_view>
    <unlock_on_logout>0</unlock_on_logout>
    <use_src_access>1</use_src_access>
    <name>tgc_View ColumnDef</name>
    <Relationships>
     <Item type="Property" id="161E2DD96629499EBDAD01556907A40F" action="add">
      <column_alignment>left</column_alignment>
      <column_width>80</column_width>
      <data_source keyed_name="tgc_Column Alignments">74B520B68ED1446D8090F104B4B3A84E</data_source>
      <data_type>list</data_type>
      <default_value xml:lang="en">c</default_value>
      <is_hidden>0</is_hidden>
      <is_hidden2>0</is_hidden2>
      <is_indexed>0</is_indexed>
      <is_keyed>0</is_keyed>
      <is_multi_valued>0</is_multi_valued>
      <is_required>1</is_required>
      <label xml:lang="en">Column Align</label>
      <range_inclusive>0</range_inclusive>
      <readonly>0</readonly>
      <sort_order>13</sort_order>
      <source_id keyed_name="tgc_View ColumnDef" type="ItemType" name="tgc_View ColumnDef">401F9F0D52A84BDD9EF21BD29FF901B3</source_id>
      <stored_length>256</stored_length>
      <track_history>0</track_history>
      <name>col_align</name>
     </Item>
     <Item type="Property" id="F7230E9227D044F5BAF0C39BF0076354" action="add">
      <column_alignment>left</column_alignment>
      <column_width>80</column_width>
      <data_source keyed_name="tgc_Column Edit Types">4A4AD00980B14F3184D03C2263685451</data_source>
      <data_type>list</data_type>
      <default_value xml:lang="en">NOEDIT</default_value>
      <is_hidden>0</is_hidden>
      <is_hidden2>0</is_hidden2>
      <is_indexed>0</is_indexed>
      <is_keyed>0</is_keyed>
      <is_multi_valued>0</is_multi_valued>
      <is_required>1</is_required>
      <label xml:lang="en">Column Edit Type</label>
      <range_inclusive>0</range_inclusive>
      <readonly>0</readonly>
      <sort_order>14</sort_order>
      <source_id keyed_name="tgc_View ColumnDef" type="ItemType" name="tgc_View ColumnDef">401F9F0D52A84BDD9EF21BD29FF901B3</source_id>
      <stored_length>256</stored_length>
      <track_history>0</track_history>
      <name>col_edit_type</name>
     </Item>
     <Item type="Property" id="5334C8CB1A1749A6B8822882455D1943" action="add">
      <column_alignment>left</column_alignment>
      <column_width>80</column_width>
      <data_source keyed_name="tgc_Column Edit Types">4A4AD00980B14F3184D03C2263685451</data_source>
      <data_type>list</data_type>
      <default_value xml:lang="en">NOEDIT</default_value>
      <is_hidden>0</is_hidden>
      <is_hidden2>0</is_hidden2>
      <is_indexed>0</is_indexed>
      <is_keyed>0</is_keyed>
      <is_multi_valued>0</is_multi_valued>
      <is_required>1</is_required>
      <label xml:lang="en">Filter Edit Type</label>
      <range_inclusive>0</range_inclusive>
      <readonly>0</readonly>
      <sort_order>16</sort_order>
      <source_id keyed_name="tgc_View ColumnDef" type="ItemType" name="tgc_View ColumnDef">401F9F0D52A84BDD9EF21BD29FF901B3</source_id>
      <stored_length>256</stored_length>
      <track_history>0</track_history>
      <name>col_filter_edit_type</name>
     </Item>
     <Item type="Property" id="2C45ED1A73F24A07BE332D0E8097C856" action="add">
      <column_alignment>left</column_alignment>
      <column_width>80</column_width>
      <data_source keyed_name="tgc_Column Alignments">74B520B68ED1446D8090F104B4B3A84E</data_source>
      <data_type>list</data_type>
      <default_value xml:lang="en">c</default_value>
      <is_hidden>0</is_hidden>
      <is_hidden2>0</is_hidden2>
      <is_indexed>0</is_indexed>
      <is_keyed>0</is_keyed>
      <is_multi_valued>0</is_multi_valued>
      <is_required>0</is_required>
      <label xml:lang="en">Heading Align</label>
      <range_inclusive>0</range_inclusive>
      <readonly>0</readonly>
      <sort_order>15</sort_order>
      <source_id keyed_name="tgc_View ColumnDef" type="ItemType" name="tgc_View ColumnDef">401F9F0D52A84BDD9EF21BD29FF901B3</source_id>
      <stored_length>256</stored_length>
      <track_history>0</track_history>
      <name>col_heading_align</name>
     </Item>
     <Item type="Property" id="B489B24AF422448394DB302CAF565C5A" action="add">
      <column_alignment>left</column_alignment>
      <column_width>100</column_width>
      <data_type>ml_string</data_type>
      <is_hidden>0</is_hidden>
      <is_hidden2>0</is_hidden2>
      <is_indexed>0</is_indexed>
      <is_keyed>0</is_keyed>
      <is_multi_valued>0</is_multi_valued>
      <is_required>0</is_required>
      <label xml:lang="en">Column Heading</label>
      <range_inclusive>0</range_inclusive>
      <readonly>0</readonly>
      <sort_order>11</sort_order>
      <source_id keyed_name="tgc_View ColumnDef" type="ItemType" name="tgc_View ColumnDef">401F9F0D52A84BDD9EF21BD29FF901B3</source_id>
      <stored_length>120</stored_length>
      <track_history>0</track_history>
      <name>col_heading_label</name>
     </Item>
     <Item type="Property" id="EDF1732083B9412C97A8EF694E7781E5" action="add">
      <column_alignment>left</column_alignment>
      <column_width>100</column_width>
      <data_type>string</data_type>
      <is_hidden>0</is_hidden>
      <is_hidden2>0</is_hidden2>
      <is_indexed>0</is_indexed>
      <is_keyed>0</is_keyed>
      <is_multi_valued>0</is_multi_valued>
      <is_required>1</is_required>
      <keyed_name_order>2</keyed_name_order>
      <label xml:lang="en">Column Name</label>
      <range_inclusive>0</range_inclusive>
      <readonly>0</readonly>
      <sort_order>10</sort_order>
      <source_id keyed_name="tgc_View ColumnDef" type="ItemType" name="tgc_View ColumnDef">401F9F0D52A84BDD9EF21BD29FF901B3</source_id>
      <stored_length>80</stored_length>
      <track_history>0</track_history>
      <name>col_name</name>
     </Item>
     <Item type="Property" id="F60A9BD36D234F8DAE4D7EEBDFDB9B1F" action="add">
      <column_alignment>left</column_alignment>
      <column_width>80</column_width>
      <data_type>integer</data_type>
      <is_hidden>0</is_hidden>
      <is_hidden2>0</is_hidden2>
      <is_indexed>0</is_indexed>
      <is_keyed>0</is_keyed>
      <is_multi_valued>0</is_multi_valued>
      <is_required>1</is_required>
      <label xml:lang="en">Width</label>
      <range_inclusive>0</range_inclusive>
      <readonly>0</readonly>
      <sort_order>12</sort_order>
      <source_id keyed_name="tgc_View ColumnDef" type="ItemType" name="tgc_View ColumnDef">401F9F0D52A84BDD9EF21BD29FF901B3</source_id>
      <track_history>0</track_history>
      <name>col_width</name>
     </Item>
     <Item type="Property" id="3CF4E0644E37484C9855C3EFBEB6AE99" action="add">
      <column_alignment>center</column_alignment>
      <column_width>80</column_width>
      <data_type>boolean</data_type>
      <is_hidden>0</is_hidden>
      <is_hidden2>0</is_hidden2>
      <is_indexed>0</is_indexed>
      <is_keyed>0</is_keyed>
      <is_multi_valued>0</is_multi_valued>
      <is_required>0</is_required>
      <label xml:lang="en">Show on Baseline</label>
      <range_inclusive>0</range_inclusive>
      <readonly>0</readonly>
      <sort_order>21</sort_order>
      <source_id keyed_name="tgc_View ColumnDef" type="ItemType" name="tgc_View ColumnDef">401F9F0D52A84BDD9EF21BD29FF901B3</source_id>
      <track_history>0</track_history>
      <name>is_baseline_column</name>
     </Item>
     <Item type="Property" id="28AEF5B100424F7A8F989D4CEB1E348F" action="add">
      <column_alignment>center</column_alignment>
      <column_width>80</column_width>
      <data_type>boolean</data_type>
      <is_hidden>0</is_hidden>
      <is_hidden2>0</is_hidden2>
      <is_indexed>0</is_indexed>
      <is_keyed>0</is_keyed>
      <is_multi_valued>0</is_multi_valued>
      <is_required>0</is_required>
      <label xml:lang="en">Chg Action Col</label>
      <range_inclusive>0</range_inclusive>
      <readonly>0</readonly>
      <sort_order>24</sort_order>
      <source_id keyed_name="tgc_View ColumnDef" type="ItemType" name="tgc_View ColumnDef">401F9F0D52A84BDD9EF21BD29FF901B3</source_id>
      <track_history>0</track_history>
      <name>is_change_action_column</name>
     </Item>
     <Item type="Property" id="585971AAD8724CE59C0B81CBCE63C3E0" action="add">
      <column_alignment>center</column_alignment>
      <column_width>80</column_width>
      <data_type>boolean</data_type>
      <is_hidden>0</is_hidden>
      <is_hidden2>0</is_hidden2>
      <is_indexed>0</is_indexed>
      <is_keyed>0</is_keyed>
      <is_multi_valued>0</is_multi_valued>
      <is_required>0</is_required>
      <label xml:lang="en">Hide on Baseline</label>
      <range_inclusive>0</range_inclusive>
      <readonly>0</readonly>
      <sort_order>22</sort_order>
      <source_id keyed_name="tgc_View ColumnDef" type="ItemType" name="tgc_View ColumnDef">401F9F0D52A84BDD9EF21BD29FF901B3</source_id>
      <track_history>0</track_history>
      <name>is_hide_on_baseline</name>
     </Item>
     <Item type="Property" id="2A08BCBD1D7E41B681A0CA937E08BB3B" action="add">
      <column_alignment>center</column_alignment>
      <column_width>80</column_width>
      <data_type>boolean</data_type>
      <is_hidden>0</is_hidden>
      <is_hidden2>0</is_hidden2>
      <is_indexed>0</is_indexed>
      <is_keyed>0</is_keyed>
      <is_multi_valued>0</is_multi_valued>
      <is_required>0</is_required>
      <label xml:lang="en">Lock Col</label>
      <range_inclusive>0</range_inclusive>
      <readonly>0</readonly>
      <sort_order>23</sort_order>
      <source_id keyed_name="tgc_View ColumnDef" type="ItemType" name="tgc_View ColumnDef">401F9F0D52A84BDD9EF21BD29FF901B3</source_id>
      <track_history>0</track_history>
      <name>is_lock_column</name>
     </Item>
     <Item type="View" id="180C026855F548E09F49DD6D72C9C7D7" action="add">
      <client>js</client>
      <related_id keyed_name="tgc_View ColumnDef" type="Form">02407074414343B1B6FD500719EEE927</related_id>
      <role keyed_name="World" type="Identity">
       <Item type="Identity" action="get" select="id">
        <name>World</name>
       </Item>
      </role>
      <sort_order>128</sort_order>
      <source_id keyed_name="tgc_View ColumnDef" type="ItemType" name="tgc_View ColumnDef">401F9F0D52A84BDD9EF21BD29FF901B3</source_id>
      <type>default</type>
     </Item>
    </Relationships>
   </Item>
  </relationship_id>
  <sort_order>10</sort_order>
  <source_id keyed_name="tgc_View" type="ItemType" name="tgc_View">B25E654CC2EA442F874B8E461EAA3C5B</source_id>
  <name>tgc_View ColumnDef</name>
 </Item>
 <Item type="ItemType" id="401F9F0D52A84BDD9EF21BD29FF901B3" action="edit">
  <Relationships>
   <Item type="Property" action="edit" where="source_id='401F9F0D52A84BDD9EF21BD29FF901B3' and name='sort_order'">
    <column_alignment>left</column_alignment>
    <column_width>80</column_width>
    <data_type>integer</data_type>
    <is_hidden>0</is_hidden>
    <is_hidden2>0</is_hidden2>
    <is_indexed>0</is_indexed>
    <is_keyed>0</is_keyed>
    <is_multi_valued>0</is_multi_valued>
    <is_required>0</is_required>
    <keyed_name_order>1</keyed_name_order>
    <label xml:lang="en">Pos</label>
    <range_inclusive>0</range_inclusive>
    <readonly>0</readonly>
    <sort_order>5</sort_order>
    <source_id keyed_name="tgc_View ColumnDef" type="ItemType" name="tgc_View ColumnDef">401F9F0D52A84BDD9EF21BD29FF901B3</source_id>
    <track_history>0</track_history>
    <name>sort_order</name>
   </Item>
  </Relationships>
 </Item>
</AML>