﻿<AML>
 <Item type="ItemType" id="F40D94A0E3B74376961645EE76D5D8E3" action="add">
  <allow_private_permission>1</allow_private_permission>
  <auto_search>0</auto_search>
  <enforce_discovery>1</enforce_discovery>
  <hide_where_used>0</hide_where_used>
  <history_template keyed_name="Default" type="History Template">3BC16EF9E52B4F9792AB76BCE0492F29</history_template>
  <implementation_type>table</implementation_type>
  <instance_data>ITEM_CLASS</instance_data>
  <is_dependent>0</is_dependent>
  <is_relationship>0</is_relationship>
  <is_versionable>0</is_versionable>
  <label xml:lang="en">Item Class</label>
  <label_plural xml:lang="en">Item Classes</label_plural>
  <large_icon>../images/Icons/32x32/32x32_org_chart.gif</large_icon>
  <manual_versioning>0</manual_versioning>
  <name>Item Class</name>
  <open_icon>../images/Icons/16x16/16x16_org_chart.gif</open_icon>
  <revisions keyed_name="Default" type="Revision">7FE395DD8B9F4E1090756A34B733D75E</revisions>
  <show_parameters_tab>1</show_parameters_tab>
  <structure_view>tab view</structure_view>
  <unlock_on_logout>0</unlock_on_logout>
  <use_src_access>0</use_src_access>
  <Relationships>
   <Item type="Allowed Permission" id="E15A0848BAE54386B284FEA7CA453FE0" action="add">
    <is_default>1</is_default>
    <related_id keyed_name="Default Access" type="Permission">9122CD065CF04141B8EFE263FC80BEA4</related_id>
    <sort_order>128</sort_order>
    <source_id keyed_name="Item Class" type="ItemType" name="Item Class">F40D94A0E3B74376961645EE76D5D8E3</source_id>
   </Item>
  
   <Item type="Can Add" id="8CB7F2AE61FE4754A41C77D22F116BC2" action="add">
    <can_add>1</can_add>
    <related_id keyed_name="Administrators" type="Identity">2618D6F5A90949BAA7E920D1B04C7EE1</related_id>
    <sort_order>128</sort_order>
    <source_id keyed_name="Item Class" type="ItemType" name="Item Class">F40D94A0E3B74376961645EE76D5D8E3</source_id>
   </Item>
   <Item type="Property" id="BEAE1A6E1DDB4DBBBDD30E60179991BB" action="add">
    <column_alignment>left</column_alignment>
    <column_width>300</column_width>
    <data_type>string</data_type>
    <is_hidden>0</is_hidden>
    <is_hidden2>1</is_hidden2>
    <is_indexed>0</is_indexed>
    <is_keyed>0</is_keyed>
    <is_multi_valued>0</is_multi_valued>
    <is_required>0</is_required>
    <label xml:lang="en">Description</label>
    <name>description</name>
    <range_inclusive>0</range_inclusive>
    <readonly>0</readonly>
    <sort_order>30</sort_order>
    <source_id keyed_name="Item Class" type="ItemType" name="Item Class">F40D94A0E3B74376961645EE76D5D8E3</source_id>
    <stored_length>512</stored_length>
    <track_history>0</track_history>
   </Item>
   <Item type="Property" id="736EAAF196E748F697EFDCBA2278BBAE" action="add">
    <column_alignment>center</column_alignment>
    <column_width>40</column_width>
    <data_type>boolean</data_type>
    <default_search>1</default_search>
    <default_value xml:lang="en">1</default_value>
    <is_hidden>0</is_hidden>
    <is_hidden2>1</is_hidden2>
    <is_indexed>0</is_indexed>
    <is_keyed>0</is_keyed>
    <is_multi_valued>0</is_multi_valued>
    <is_required>0</is_required>
    <label xml:lang="en">Top</label>
    <name>is_root</name>
    <range_inclusive>0</range_inclusive>
    <readonly>1</readonly>
    <sort_order>40</sort_order>
    <source_id keyed_name="Item Class" type="ItemType" name="Item Class">F40D94A0E3B74376961645EE76D5D8E3</source_id>
    <track_history>0</track_history>
   </Item>
   <Item type="Property" id="525352A766594450A4F5B1183CC55917" action="add">
    <column_alignment>left</column_alignment>
    <column_width>200</column_width>
    <data_type>string</data_type>
    <default_value xml:lang="en">/</default_value>
    <is_hidden>0</is_hidden>
    <is_hidden2>0</is_hidden2>
    <is_indexed>0</is_indexed>
    <is_keyed>0</is_keyed>
    <is_multi_valued>0</is_multi_valued>
    <is_required>0</is_required>
    <label xml:lang="en">Item Class Path</label>
    <name>item_class_path</name>
    <range_inclusive>0</range_inclusive>
    <readonly>1</readonly>
    <sort_order>20</sort_order>
    <source_id keyed_name="Item Class" type="ItemType" name="Item Class">F40D94A0E3B74376961645EE76D5D8E3</source_id>
    <stored_length>512</stored_length>
    <track_history>0</track_history>
   </Item>
   <Item type="Property" id="DB8E8334D4EC4924BD4BE3F8D4F502DA" action="add">
    <column_alignment>left</column_alignment>
    <column_width>300</column_width>
    <data_type>ml_string</data_type>
    <default_value xml:lang="en">/</default_value>
    <is_hidden>1</is_hidden>
    <is_hidden2>1</is_hidden2>
    <is_indexed>0</is_indexed>
    <is_keyed>0</is_keyed>
    <is_multi_valued>0</is_multi_valued>
    <is_required>0</is_required>
    <label xml:lang="en">ML CLass Path</label>
    <name>item_class_path_label</name>
    <range_inclusive>0</range_inclusive>
    <readonly>1</readonly>
    <sort_order>20</sort_order>
    <source_id keyed_name="Item Class" type="ItemType" name="Item Class">F40D94A0E3B74376961645EE76D5D8E3</source_id>
    <stored_length>300</stored_length>
    <track_history>0</track_history>
   </Item>
   <Item type="Property" id="49F7677F7C6D44C9BFF7274BD259E5D5" action="add">
    <column_alignment>left</column_alignment>
    <column_width>200</column_width>
    <data_type>ml_string</data_type>
    <is_hidden>0</is_hidden>
    <is_hidden2>0</is_hidden2>
    <is_indexed>0</is_indexed>
    <is_keyed>0</is_keyed>
    <is_multi_valued>0</is_multi_valued>
    <is_required>0</is_required>
    <label xml:lang="en">ML Name</label>
    <name>label</name>
    <range_inclusive>0</range_inclusive>
    <readonly>0</readonly>
    <sort_order>11</sort_order>
    <source_id keyed_name="Item Class" type="ItemType" name="Item Class">F40D94A0E3B74376961645EE76D5D8E3</source_id>
    <stored_length>100</stored_length>
    <track_history>0</track_history>
   </Item>
   <Item type="TOC Access" id="58B04C07C1F547C69656F520EFDC8DDB" action="add">
    <category>Data Administration</category>
    <related_id keyed_name="Administrators" type="Identity">2618D6F5A90949BAA7E920D1B04C7EE1</related_id>
    <sort_order>128</sort_order>
    <source_id keyed_name="Item Class" type="ItemType" name="Item Class">F40D94A0E3B74376961645EE76D5D8E3</source_id>
   </Item>
   <Item type="View" id="859455D5A0574CBC84E9C530F8FC5DF5" action="add">
    <client>js</client>
    <related_id keyed_name="Item Class" type="Form">6374E80AAFDC4CE1BD6603F644A61CE5</related_id>
    <role keyed_name="World" type="Identity">
     <Item type="Identity" action="get" select="id">
      <name>World</name>
     </Item>
    </role>
    <sort_order>128</sort_order>
    <source_id keyed_name="Item Class" type="ItemType" name="Item Class">F40D94A0E3B74376961645EE76D5D8E3</source_id>
    <type>default</type>
   </Item></Relationships>
 </Item>
 <Item type="ItemType" id="F40D94A0E3B74376961645EE76D5D8E3" action="edit">
  <Relationships>
   <Item type="Property" action="edit" where="source_id='F40D94A0E3B74376961645EE76D5D8E3' and name='generation'">
    <column_alignment>left</column_alignment>
    <data_type>integer</data_type>
    <is_hidden>1</is_hidden>
    <is_hidden2>1</is_hidden2>
    <is_indexed>0</is_indexed>
    <is_keyed>0</is_keyed>
    <is_multi_valued>0</is_multi_valued>
    <is_required>0</is_required>
    <name>generation</name>
    <range_inclusive>0</range_inclusive>
    <readonly>1</readonly>
    <sort_order>2442</sort_order>
    <source_id keyed_name="Item Class" type="ItemType" name="Item Class">F40D94A0E3B74376961645EE76D5D8E3</source_id>
    <track_history>0</track_history>
   </Item>
  
   <Item type="Property" id="9305D764684C4FE79A284299E1947167" action="add">
    <column_alignment>left</column_alignment>
    <column_width>200</column_width>
    <data_type>string</data_type>
    <is_hidden>0</is_hidden>
    <is_hidden2>0</is_hidden2>
    <is_indexed>0</is_indexed>
    <is_keyed>1</is_keyed>
    <is_multi_valued>0</is_multi_valued>
    <is_required>1</is_required>
    <keyed_name_order>1</keyed_name_order>
    <label xml:lang="en">Name</label>
    <name>name</name>
    <range_inclusive>0</range_inclusive>
    <readonly>0</readonly>
    <sort_order>10</sort_order>
    <source_id keyed_name="Item Class" type="ItemType" name="Item Class">F40D94A0E3B74376961645EE76D5D8E3</source_id>
    <stored_length>64</stored_length>
    <track_history>0</track_history>
   </Item></Relationships>
 </Item>
</AML>