﻿<AML>
 <Item type="ItemType" id="51D167BE31AD40A591A7717B76BECE9A" action="add">
  <allow_private_permission>1</allow_private_permission>
  <auto_search>0</auto_search>
  <enforce_discovery>1</enforce_discovery>
  <hide_where_used>0</hide_where_used>
  <implementation_type>table</implementation_type>
  <instance_data>ITEM_CHARACTERISTIC_UNIT_CONV</instance_data>
  <is_dependent>0</is_dependent>
  <is_relationship>0</is_relationship>
  <is_versionable>0</is_versionable>
  <label_plural xml:lang="en">Characteristic Unit Conversions</label_plural>
  <manual_versioning>0</manual_versioning>
  <name>Item Characteristic Unit Conv</name>
  <open_icon>../images/Icons/16x16/16x16_route.gif</open_icon>
  <revisions keyed_name="Default" type="Revision">7FE395DD8B9F4E1090756A34B733D75E</revisions>
  <show_parameters_tab>1</show_parameters_tab>
  <unlock_on_logout>0</unlock_on_logout>
  <use_src_access>0</use_src_access>
  <Relationships>
   <Item type="Allowed Permission" id="47D5CBFF0BE2407CB8DCCB6ED937C2E8" action="add">
    <is_default>1</is_default>
    <related_id keyed_name="Default Access" type="Permission">9122CD065CF04141B8EFE263FC80BEA4</related_id>
    <sort_order>128</sort_order>
    <source_id keyed_name="Item Characteristic Unit Conv" type="ItemType" name="Item Characteristic Unit Conv">51D167BE31AD40A591A7717B76BECE9A</source_id>
   </Item>
  
   <Item type="Can Add" id="C2F2111AA1C745C7A2FD8C4860D79E99" action="add">
    <can_add>1</can_add>
    <related_id keyed_name="World" type="Identity">
     <Item type="Identity" action="get" select="id">
      <name>World</name>
     </Item>
    </related_id>
    <sort_order>128</sort_order>
    <source_id keyed_name="Item Characteristic Unit Conv" type="ItemType" name="Item Characteristic Unit Conv">51D167BE31AD40A591A7717B76BECE9A</source_id>
   </Item>
   <Item type="Property" id="746B909DC317407496F15A43B5A38049" action="add">
    <column_alignment>left</column_alignment>
    <data_type>float</data_type>
    <is_hidden>0</is_hidden>
    <is_hidden2>0</is_hidden2>
    <is_indexed>0</is_indexed>
    <is_keyed>0</is_keyed>
    <is_multi_valued>0</is_multi_valued>
    <is_required>0</is_required>
    <label xml:lang="en">Factor</label>
    <name>factor</name>
    <range_inclusive>0</range_inclusive>
    <readonly>0</readonly>
    <sort_order>3328</sort_order>
    <source_id keyed_name="Item Characteristic Unit Conv" type="ItemType" name="Item Characteristic Unit Conv">51D167BE31AD40A591A7717B76BECE9A</source_id>
    <track_history>0</track_history>
   </Item>
   <Item type="Property" id="05E84FF9D05540C9933C23E6B9F88090" action="add">
    <column_alignment>left</column_alignment>
    <data_source keyed_name="Characteristic Units">AB51F3EE48734A74A89E2E061F35F1EC</data_source>
    <data_type>list</data_type>
    <is_hidden>0</is_hidden>
    <is_hidden2>0</is_hidden2>
    <is_indexed>0</is_indexed>
    <is_keyed>0</is_keyed>
    <is_multi_valued>0</is_multi_valued>
    <is_required>0</is_required>
    <keyed_name_order>1</keyed_name_order>
    <label xml:lang="en">Main Unit</label>
    <name>main_unit</name>
    <range_inclusive>0</range_inclusive>
    <readonly>0</readonly>
    <sort_order>3072</sort_order>
    <source_id keyed_name="Item Characteristic Unit Conv" type="ItemType" name="Item Characteristic Unit Conv">51D167BE31AD40A591A7717B76BECE9A</source_id>
    <track_history>0</track_history>
   </Item>
   <Item type="Property" id="6EE61E4857604A86B606800154AE2496" action="add">
    <column_alignment>left</column_alignment>
    <data_source keyed_name="Characteristic Units Filtered">FD34F2A3B3A0403190DE3CE06008D1E0</data_source>
    <data_type>filter list</data_type>
    <is_hidden>0</is_hidden>
    <is_hidden2>0</is_hidden2>
    <is_indexed>0</is_indexed>
    <is_keyed>0</is_keyed>
    <is_multi_valued>0</is_multi_valued>
    <is_required>0</is_required>
    <keyed_name_order>2</keyed_name_order>
    <label xml:lang="en">Minor Unit</label>
    <name>minor_unit</name>
    <pattern>main_unit</pattern>
    <range_inclusive>0</range_inclusive>
    <readonly>0</readonly>
    <sort_order>3200</sort_order>
    <source_id keyed_name="Item Characteristic Unit Conv" type="ItemType" name="Item Characteristic Unit Conv">51D167BE31AD40A591A7717B76BECE9A</source_id>
    <track_history>0</track_history>
   </Item>
   <Item type="TOC Access" id="D1B15E67454D454E9F505EBF6BC3213B" action="add">
    <category>Data Administration</category>
    <related_id><Item type="Identity" action="get" select="id"><name>Administrators</name></Item></related_id>
    <sort_order>128</sort_order>
    <source_id keyed_name="Item Characteristic Unit Conv" type="ItemType" name="Item Characteristic Unit Conv">51D167BE31AD40A591A7717B76BECE9A</source_id>
   </Item>
   <Item type="View" id="8C1CEE23034B42F69E2579E977B25A1B" action="add">
    <client>js</client>
    <related_id keyed_name="Item Characteristic Unit Conv" type="Form">8C124458A8584FDAA9AADFD91904D7E9</related_id>
    <role keyed_name="World" type="Identity">
     <Item type="Identity" action="get" select="id">
      <name>World</name>
     </Item>
    </role>
    <sort_order>128</sort_order>
    <source_id keyed_name="Item Characteristic Unit Conv" type="ItemType" name="Item Characteristic Unit Conv">51D167BE31AD40A591A7717B76BECE9A</source_id>
    <type>default</type>
   </Item></Relationships>
 </Item>
 <Item type="ItemType" id="51D167BE31AD40A591A7717B76BECE9A" action="edit">
  <Relationships>
   <Item type="Property" action="edit" where="source_id='51D167BE31AD40A591A7717B76BECE9A' and name='generation'">
    <column_alignment>left</column_alignment>
    <data_type>integer</data_type>
    <is_hidden>1</is_hidden>
    <is_hidden2>1</is_hidden2>
    <is_indexed>0</is_indexed>
    <is_keyed>0</is_keyed>
    <is_multi_valued>0</is_multi_valued>
    <is_required>0</is_required>
    <name>generation</name>
    <range_inclusive>0</range_inclusive>
    <readonly>1</readonly>
    <sort_order>2432</sort_order>
    <source_id keyed_name="Item Characteristic Unit Conv" type="ItemType" name="Item Characteristic Unit Conv">51D167BE31AD40A591A7717B76BECE9A</source_id>
    <track_history>0</track_history>
   </Item>
  </Relationships>
 </Item>
</AML>