﻿<AML>
 <Item type="ItemType" id="B47E8E2B177240358F7FF8364753B5EB" action="add">
  <allow_private_permission>1</allow_private_permission>
  <auto_search>0</auto_search>
  <enforce_discovery>1</enforce_discovery>
  <hide_where_used>0</hide_where_used>
  <history_template keyed_name="Default" type="History Template">3BC16EF9E52B4F9792AB76BCE0492F29</history_template>
  <implementation_type>table</implementation_type>
  <instance_data>ITEM_CLASSIFICATION_SEARCH_TOC</instance_data>
  <is_dependent>0</is_dependent>
  <is_relationship>0</is_relationship>
  <is_versionable>0</is_versionable>
  <label xml:lang="en">Item Classification Search</label>
  <label_plural xml:lang="en">Part Search By Classification</label_plural>
  <large_icon>../Images/SearchCenter.svg</large_icon>
  <open_icon>../Images/SearchCenter.svg</open_icon>
  <revisions keyed_name="Default" type="Revision">7FE395DD8B9F4E1090756A34B733D75E</revisions>
  <show_parameters_tab>1</show_parameters_tab>
  <structure_view>tab view</structure_view>
  <unlock_on_logout>0</unlock_on_logout>
  <use_src_access>0</use_src_access>
  <name>Item Classification Search TOC</name>
  <Relationships>
   <Item type="TOC Access" id="123F297307EC45A8A5E3657C336F6BED" action="add">
    <related_id keyed_name="World" type="Identity">
     <Item type="Identity" action="get" select="id">
      <name>World</name>
     </Item>
    </related_id>
    <sort_order>128</sort_order>
    <source_id keyed_name="Item Classification Search TOC" type="ItemType" name="Item Classification Search TOC">B47E8E2B177240358F7FF8364753B5EB</source_id>
    <category>Design</category>
   </Item>
   <Item type="TOC View" id="F582CDFC9BDF47449D2189A366CA7D24" action="add">
    <form keyed_name="Item Classification Search" type="Form">887AE5D425E2475AA18173ECFFFD2699</form>
    <related_id keyed_name="World" type="Identity">
     <Item type="Identity" action="get" select="id">
      <name>World</name>
     </Item>
    </related_id>
    <sort_order>128</sort_order>
    <source_id keyed_name="Item Classification Search TOC" type="ItemType" name="Item Classification Search TOC">B47E8E2B177240358F7FF8364753B5EB</source_id>
   </Item>
   <Item type="Can Add" id="AF7EBE2BB09F4AEFA74491E652448CB0" action="add">
    <can_add>1</can_add>
    <related_id keyed_name="World" type="Identity">
     <Item type="Identity" action="get" select="id">
      <name>World</name>
     </Item>
    </related_id>
    <sort_order>128</sort_order>
    <source_id keyed_name="Item Classification Search TOC" type="ItemType" name="Item Classification Search TOC">B47E8E2B177240358F7FF8364753B5EB</source_id>
   </Item>
   <Item type="Allowed Permission" id="1F59B4165AB94269A73F78E32091512C" action="add">
    <is_default>0</is_default>
    <related_id keyed_name="Default Access" type="Permission">9122CD065CF04141B8EFE263FC80BEA4</related_id>
    <sort_order>128</sort_order>
    <source_id keyed_name="Item Classification Search TOC" type="ItemType" name="Item Classification Search TOC">B47E8E2B177240358F7FF8364753B5EB</source_id>
   </Item>
  </Relationships>
 </Item>
 <Item type="View" action="delete" where="source_id='B47E8E2B177240358F7FF8364753B5EB'" />
 <Item type="Form" action="delete" where="name='Item Classification Search TOC'" />
</AML>