﻿<AML>
 <Item type="Method" id="0BA254A7ADCC460DB8D01022EA3BE04F" action="add">
  <comments>called on after delete of Item Class Hierarchy relationship</comments>
  <execution_allowed_to keyed_name="World" type="Identity">A73B655731924CD0B027E4F4D5FCC0A9</execution_allowed_to>
  <method_code><![CDATA[// call onAfterDelete
//
// removes the related sub folder
//System.Diagnostics.Debugger.Break();
string relItemClassId = this.getProperty("related_id","");

if (relItemClassId != "") {
	
  // run uas Super User 
  Aras.Server.Security.Identity plmIdentity = Aras.Server.Security.Identity.GetByName("Super User");
  bool PermissionWasSet  = Aras.Server.Security.Permissions.GrantIdentity(plmIdentity);

  Item res = this.newItem("","");
  res.loadAML("<Item type='Item Class' action='delete' id='"+relItemClassId+"' />");
  res = res.apply();
	
//  string SQLstr = "DELETE [Item_Folder] WHERE [Item_Folder].id='" + relItemClassId + "'";
//  Item res = this.getInnovator().applySQL(SQLstr);

  // Revoke  permissions
  if (PermissionWasSet) {Aras.Server.Security.Permissions.RevokeIdentity(plmIdentity);}

  if (res.isError()) { return res;}
}
return this;]]></method_code>
  <method_type>C#</method_type>
  <name>Delete relatedItemClassHierarchy</name>
 </Item>
</AML>