﻿<AML>
 <Item type="Method" id="BE3CD6583766432E92004650F1B05992" action="add">
  <execution_allowed_to keyed_name="World" type="Identity">A73B655731924CD0B027E4F4D5FCC0A9</execution_allowed_to>
  <method_code><![CDATA[// Adds Part Characteristic Value (null relationships) to the given Part Item

/* this Aras data model is assumed
Part
	+--> Part Characteristic Value
	
	
Item Class
	+--> Item Class Hierarchy

	+--> Item Class Characteristic +--> Item Characteristic
                                                +--> Item Characteristic List Value

*/
System.Diagnostics.Debugger.Break();
	
string partId = this.getID();
string itemClassId = this.getProperty("item_class_id", "");
if (itemClassId == "") {return this;}  // do nothing
	
// Read current characteristic values of Part -> get relship of all "Part Characteristic Value" of a give Part Id	
string aml = "<Item type=\"Part Item Characteristic Value\" action=\"get\" select=\"min_tolerance,max_tolerance,display_value,item_characteristic_name,item_characteristic_id\" >";
aml += "<source_id>"+partId+"</source_id></Item>";

Item qryItem = this.newItem("");
qryItem.loadAML(aml);
Item partCharacteristicValues = qryItem.apply();

// get all Item Class Ids up to root of class hierarchy (relship "Item Class Hierarchy") of a given "child" Item Class Id
//call utility method to traverse class hierarchy
qryItem = this.newItem("Item Class","Get ItemIDs of Structure Up");
qryItem.setAttribute("relationshipName","Item Class Hierarchy");
qryItem.setID(itemClassId);
qryItem = qryItem.apply();
string classIdsList = qryItem.getResult();
// add starting item class id to list (utlitlity method, does not include it)
if (classIdsList == "") { classIdsList = itemClassId;}
else {classIdsList = itemClassId + "," + classIdsList;}

// get all relship of "Item Class Characteristic" where parent (sourc_id) is in list of "Item Class Ids" (orderBy "sort_order")
aml="";
aml +="<Item type=\"Item Class Characteristic\" action=\"get\" select=\"source_id,sort_order,related_id\" orderBy=\"sort_order\" >";
aml +=	"<source_id>";
aml +=		"<Item type=\"Item Class\" action=\"get\" select=\"name,label,description,item_class_path\" >";
aml +=			"<id condition=\"in\">"+classIdsList+"</id>";
aml +=		"</Item>";
aml +=	"</source_id>";
aml +=	"<related_id>";
aml +=		"<Item type=\"Item Characteristic\" action=\"get\" select=\"name,label,description,has_allowed_list_value,characteristic_value_type\" >";
aml +=		"</Item>";
aml +=	"</related_id>";
aml +="</Item>";

Item characteristicList = this.newItem("");
characteristicList.loadAML(aml);
characteristicList = characteristicList.apply();

// loop through collection of "Item Class Characteristic" (related_id = id of Item Characteristic)
for (int i=0; i< characteristicList.getItemCount(); i++) {
	Item characteristicRel = characteristicList.getItemByIndex(i);
	Item characteristic = characteristicRel.getRelatedItem();
	string characteristicName = characteristic.getProperty("name","");
	string characteristicId = characteristic.getID();
	string sortOrder = characteristicRel.getProperty("sort_order","");
	string classId = characteristicRel.getProperty("source_id","");
	
	// lookup if Characteristic "name" is already in collection of "Part Characteristic Value"
	Item foundInPartCharacteristicValues = partCharacteristicValues.getItemsByXPath("//Item[@type='Part Item Characteristic Value' and item_characteristic_id='"+characteristicId+"']");
	
	// if yes tag with attribute "valueExists='1'" and do nothing
	if (foundInPartCharacteristicValues.getItemCount() == 1) {
		foundInPartCharacteristicValues.setAttribute("valueExists","1");
	}
	// if no add new "Part Characteristic Value" to part id (with link to Item Characteristic")
	if (foundInPartCharacteristicValues.getItemCount() <= 0) {
		Item characteristicValue = this.newItem("Part Item Characteristic Value", "add");

		// Common values - update and add actions
		characteristicValue.setProperty("sort_order", sortOrder);
		characteristicValue.setProperty("item_characteristic_class_id", classId);
	
		// Set default value for all possible value types
		if (characteristic.getProperty("characteristic_value_type")=="Number") {
			characteristicValue.setProperty("min_value", characteristic.getProperty("default_min_value"));
			characteristicValue.setProperty("max_value", characteristic.getProperty("default_max_value"));
		}
		else {
			if (characteristic.getProperty("characteristic_value_type")=="Text") {
				characteristicValue.setProperty("text_value", characteristic.getProperty("default_text_value"));
				characteristicValue.setProperty("display_value", characteristic.getProperty("default_text_value"));
			}
		}
		characteristicValue.setProperty("source_id", partId);
		characteristicValue.setProperty("item_characteristic_id", characteristicId);
		characteristicValue = characteristicValue.apply();
		
		if (characteristicValue.isError() ) {return characteristicValue;}
	}
}
// find deletions of "Part Characteristic Value" - loop through collection of "Part Characteristic Value"
string deleteItemIds = "";
string sepChar = "";
for (int v=0; v< partCharacteristicValues.getItemCount(); v++) {
	// if NOT tagged with "valueExists='1'", add to list of "deleteItemIds"
	if (partCharacteristicValues.getItemByIndex(v).getAttribute("valueExists","0") == "0" ) {
		deleteItemIds += sepChar + partCharacteristicValues.getItemByIndex(v).getID();
		sepChar = ",";
	}
}
if (deleteItemIds != "") {
	// delete all "Part Characteristic Value" with id in "deleteItemIds"
	aml = "<Item type=\"Part Item Characteristic Value\" action=\"delete\" ><id condition=\"in\">"+deleteItemIds+"</id></Item>";
	qryItem = this.newItem("");
	qryItem.loadAML(aml);
	qryItem = qryItem.apply();
}
return this;
]]></method_code>
  <method_type>C#</method_type>
  <name>ItemCharacteristicAddToPart</name>
 </Item>
</AML>