<AML>
    <Item action="merge" type="ItemType Classification" typeId="2597BD9447544935A778C95AD2716E8C" id="30BAACB7EAB347A68A40505A791C109B">
        <classification is_null="1" />
        <config_id keyed_name="30BAACB7EAB347A68A40505A791C109B" type="ItemType Classification">30BAACB7EAB347A68A40505A791C109B</config_id>
        <created_by_id keyed_name="Innovator Admin" type="User">30B991F927274FA3829655F50C99472E</created_by_id>
        <created_on>2016-12-21T04:31:53</created_on>
        <css is_null="1" />
        <current_state is_null="1" />
        <description is_null="1" />
        <effective_itemtype keyed_name="Part" type="ItemType" name="Part">4F1AC04A2B484F3ABA4E20DB63808A88</effective_itemtype>
        <generation>1</generation>
        <id keyed_name="30BAACB7EAB347A68A40505A791C109B" type="ItemType Classification">30BAACB7EAB347A68A40505A791C109B</id>
        <is_current>1</is_current>
        <is_released>0</is_released>
        <keyed_name>30BAACB7EAB347A68A40505A791C109B</keyed_name>
        <label xml:lang="de">Quality Part Classifications</label>
        <locked_by_id is_null="1" />
        <major_rev>A</major_rev>
        <managed_by_id is_null="1" />
        <minor_rev is_null="1" />
        <modified_by_id keyed_name="Innovator Admin" type="User">30B991F927274FA3829655F50C99472E</modified_by_id>
        <modified_on>2016-12-22T01:47:04</modified_on>
        <new_version>1</new_version>
        <not_lockable>0</not_lockable>
        <owned_by_id is_null="1" />
        <permission_id keyed_name="Default Access" type="Permission">9122CD065CF04141B8EFE263FC80BEA4</permission_id>
        <property_on_itemtype_class>item_q_class_id</property_on_itemtype_class>
        <property_on_itemtype_class_path>item_q_class_path</property_on_itemtype_class_path>
        <property_on_itemtype_top_class>item_q_class_top_id</property_on_itemtype_top_class>
        <proplabel_on_itemtype_class>Quality Classification</proplabel_on_itemtype_class>
        <proplabel_on_itemtype_class_path>Quality Classification (Path)</proplabel_on_itemtype_class_path>
        <state is_null="1" />
        <team_id is_null="1" />
        <toc_itemtype_for_search keyed_name="ClassSearch_Part" type="ItemType" name="ClassSearch_Part">B47E8E2B177240358F7FF8364753B5EB</toc_itemtype_for_search>
        <toc_itemtype_search_label xml:lang="en">_Part Search By Characteristics</toc_itemtype_search_label>
        <top_item_class_id keyed_name="Part Q Classifications (Root)" type="Item Class">3D654550425840DD9EDE94CE86293038</top_item_class_id>
        <values_relationshiptype>
			<Item type="RelationshipType" action="get" select="id" ><name>Part Q Characteristic Value</name></Item>
		</values_relationshiptype>
      </Item>
      <Item action="merge" type="ItemType Classification" typeId="2597BD9447544935A778C95AD2716E8C" id="7EE6132DB378446B96A44CF243C5B54C">
        <classification is_null="1" />
        <config_id keyed_name="7EE6132DB378446B96A44CF243C5B54C" type="ItemType Classification">7EE6132DB378446B96A44CF243C5B54C</config_id>
        <created_by_id keyed_name="Innovator Admin" type="User">30B991F927274FA3829655F50C99472E</created_by_id>
        <created_on>2016-12-16T03:50:57</created_on>
        <css is_null="1" />
        <current_state is_null="1" />
        <description is_null="1" />
        <effective_itemtype keyed_name="Part" type="ItemType" name="Part">4F1AC04A2B484F3ABA4E20DB63808A88</effective_itemtype>
        <generation>1</generation>
        <id keyed_name="7EE6132DB378446B96A44CF243C5B54C" type="ItemType Classification">7EE6132DB378446B96A44CF243C5B54C</id>
        <is_current>1</is_current>
        <is_released>0</is_released>
        <keyed_name>7EE6132DB378446B96A44CF243C5B54C</keyed_name>
        <label xml:lang="de">Technical Part Classifications</label>
        <locked_by_id is_null="1" />
        <major_rev>A</major_rev>
        <managed_by_id is_null="1" />
        <minor_rev is_null="1" />
        <modified_by_id keyed_name="Innovator Admin" type="User">30B991F927274FA3829655F50C99472E</modified_by_id>
        <modified_on>2016-12-22T02:18:09</modified_on>
        <new_version>1</new_version>
        <not_lockable>0</not_lockable>
        <owned_by_id is_null="1" />
        <permission_id keyed_name="Default Access" type="Permission">9122CD065CF04141B8EFE263FC80BEA4</permission_id>
        <property_on_itemtype_class>item_class_id</property_on_itemtype_class>
        <property_on_itemtype_class_path>item_class_path</property_on_itemtype_class_path>
        <property_on_itemtype_top_class>item_class_top_id</property_on_itemtype_top_class>
        <proplabel_on_itemtype_class>Technical Classification</proplabel_on_itemtype_class>
        <proplabel_on_itemtype_class_path>Technical Classification (Path)</proplabel_on_itemtype_class_path>
        <state is_null="1" />
        <team_id is_null="1" />
        <toc_itemtype_for_search keyed_name="ClassSearch_Part" type="ItemType" name="ClassSearch_Part">B47E8E2B177240358F7FF8364753B5EB</toc_itemtype_for_search>
        <toc_itemtype_search_label xml:lang="en">_Part Search By Characteristics</toc_itemtype_search_label>
        <top_item_class_id keyed_name="Part Classifications (Root)" type="Item Class">F3EDD43F596C4938B30F20CBD53D9D29</top_item_class_id>
        <values_relationshiptype>
			<Item type="RelationshipType" action="get" select="id" ><name>Part Item Characteristic Value</name></Item>
		</values_relationshiptype>
      </Item>
</AML>