﻿<AML>
 <Item type="ItemType" id="362FB8A676BC4A50B430FA6FA79EAD3F" action="add">
  <allow_private_permission>1</allow_private_permission>
  <auto_search>1</auto_search>
  <enforce_discovery>1</enforce_discovery>
  <hide_where_used>0</hide_where_used>
  <implementation_type>table</implementation_type>
  <instance_data>FGC_CONFIGURATION</instance_data>
  <is_dependent>0</is_dependent>
  <is_relationship>0</is_relationship>
  <is_versionable>1</is_versionable>
  <label xml:lang="en">Flat Grid Configuration</label>
  <label_plural xml:lang="en">1_Flat Grid Configuration</label_plural>
  <large_icon>../Images/calendar-disabled.svg</large_icon>
  <manual_versioning>1</manual_versioning>
  <maxrecords>500</maxrecords>
  <open_icon>../Images/calendar-disabled.svg</open_icon>
  <revisions keyed_name="Default" type="Revision">7FE395DD8B9F4E1090756A34B733D75E</revisions>
  <show_parameters_tab>1</show_parameters_tab>
  <structure_view>tabs on</structure_view>
  <unlock_on_logout>0</unlock_on_logout>
  <use_src_access>0</use_src_access>
  <name>fgc_Configuration</name>
  <Relationships>
   <Item type="Property" id="E09E922B66874D1897692DA346379963" action="add">
    <column_alignment>left</column_alignment>
    <column_width>250</column_width>
    <data_type>string</data_type>
    <is_hidden>0</is_hidden>
    <is_hidden2>0</is_hidden2>
    <is_indexed>0</is_indexed>
    <is_keyed>0</is_keyed>
    <is_multi_valued>0</is_multi_valued>
    <is_required>0</is_required>
    <label xml:lang="en">Description</label>
    <range_inclusive>0</range_inclusive>
    <readonly>0</readonly>
    <sort_order>13</sort_order>
    <source_id keyed_name="fgc_Configuration" type="ItemType" name="fgc_Configuration">362FB8A676BC4A50B430FA6FA79EAD3F</source_id>
    <stored_length>255</stored_length>
    <track_history>0</track_history>
    <name>description</name>
   </Item>
   <Item type="Property" id="4D46D65146FC48B1B9B9CBFE55FE8A0F" action="add">
    <column_alignment>left</column_alignment>
    <column_width>80</column_width>
    <data_type>string</data_type>
    <is_hidden>0</is_hidden>
    <is_hidden2>0</is_hidden2>
    <is_indexed>0</is_indexed>
    <is_keyed>0</is_keyed>
    <is_multi_valued>0</is_multi_valued>
    <is_required>1</is_required>
    <label xml:lang="en">Grid Item Type</label>
    <range_inclusive>0</range_inclusive>
    <readonly>0</readonly>
    <sort_order>20</sort_order>
    <source_id keyed_name="fgc_Configuration" type="ItemType" name="fgc_Configuration">362FB8A676BC4A50B430FA6FA79EAD3F</source_id>
    <stored_length>32</stored_length>
    <track_history>0</track_history>
    <name>grid_item_type</name>
   </Item>
   <Item type="Property" id="F01E5BBD089C41668AED24FE21765B6D" action="add">
    <column_alignment>left</column_alignment>
    <column_width>100</column_width>
    <data_type>string</data_type>
    <is_hidden>0</is_hidden>
    <is_hidden2>0</is_hidden2>
    <is_indexed>0</is_indexed>
    <is_keyed>0</is_keyed>
    <is_multi_valued>0</is_multi_valued>
    <is_required>0</is_required>
    <label xml:lang="en">Order By</label>
    <range_inclusive>0</range_inclusive>
    <readonly>0</readonly>
    <sort_order>52</sort_order>
    <source_id keyed_name="fgc_Configuration" type="ItemType" name="fgc_Configuration">362FB8A676BC4A50B430FA6FA79EAD3F</source_id>
    <stored_length>128</stored_length>
    <track_history>0</track_history>
    <name>item_order_by</name>
   </Item>
   <Item type="Property" id="AEA289051BBF4D65A56973279228CAE8" action="add">
    <column_alignment>left</column_alignment>
    <column_width>150</column_width>
    <data_type>string</data_type>
    <is_hidden>0</is_hidden>
    <is_hidden2>0</is_hidden2>
    <is_indexed>0</is_indexed>
    <is_keyed>0</is_keyed>
    <is_multi_valued>0</is_multi_valued>
    <is_required>0</is_required>
    <label xml:lang="en">Item Released Condition</label>
    <range_inclusive>0</range_inclusive>
    <readonly>0</readonly>
    <sort_order>57</sort_order>
    <source_id keyed_name="fgc_Configuration" type="ItemType" name="fgc_Configuration">362FB8A676BC4A50B430FA6FA79EAD3F</source_id>
    <stored_length>256</stored_length>
    <track_history>0</track_history>
    <name>item_released_condition</name>
   </Item>
   <Item type="Property" id="A8B0DF06EEC041BAA6800024BA7A4E71" action="add">
    <column_alignment>left</column_alignment>
    <column_width>300</column_width>
    <data_type>string</data_type>
    <is_hidden>0</is_hidden>
    <is_hidden2>0</is_hidden2>
    <is_indexed>0</is_indexed>
    <is_keyed>0</is_keyed>
    <is_multi_valued>0</is_multi_valued>
    <is_required>1</is_required>
    <label xml:lang="en">Item Select PRoperties</label>
    <range_inclusive>0</range_inclusive>
    <readonly>0</readonly>
    <sort_order>51</sort_order>
    <source_id keyed_name="fgc_Configuration" type="ItemType" name="fgc_Configuration">362FB8A676BC4A50B430FA6FA79EAD3F</source_id>
    <stored_length>512</stored_length>
    <track_history>0</track_history>
    <name>item_select_properties</name>
   </Item>
   <Item type="Property" id="96B61C354A394493A26584C0F9912332" action="add">
    <column_alignment>left</column_alignment>
    <data_type>string</data_type>
    <is_hidden>0</is_hidden>
    <is_hidden2>0</is_hidden2>
    <is_indexed>0</is_indexed>
    <is_keyed>0</is_keyed>
    <is_multi_valued>0</is_multi_valued>
    <is_required>0</is_required>
    <label xml:lang="en">Toolbar Id</label>
    <range_inclusive>0</range_inclusive>
    <readonly>0</readonly>
    <sort_order>100</sort_order>
    <source_id keyed_name="fgc_Configuration" type="ItemType" name="fgc_Configuration">362FB8A676BC4A50B430FA6FA79EAD3F</source_id>
    <stored_length>80</stored_length>
    <track_history>0</track_history>
    <name>toolbar_id</name>
   </Item>
   <Item type="View" id="56AFF314555247B2A90B54B6E064940F" action="add">
    <client>js</client>
    <related_id keyed_name="fgc_Configuration" type="Form">3F4EAA4F5683495480D6A30249AC960F</related_id>
    <role keyed_name="World" type="Identity">
     <Item type="Identity" action="get" select="id">
      <name>World</name>
     </Item>
    </role>
    <show_ssvc>0</show_ssvc>
    <sort_order>128</sort_order>
    <source_id keyed_name="fgc_Configuration" type="ItemType" name="fgc_Configuration">362FB8A676BC4A50B430FA6FA79EAD3F</source_id>
    <type>default</type>
   </Item>
   <Item type="ItemType Life Cycle" id="97BF47AAAEDF4216AE1560FEED545311" action="add">
    <related_id keyed_name="tgc_Configuration" type="Life Cycle Map">C94A3954DA694AB5A99972C48FC7F6BE</related_id>
    <sort_order>128</sort_order>
    <source_id keyed_name="fgc_Configuration" type="ItemType" name="fgc_Configuration">362FB8A676BC4A50B430FA6FA79EAD3F</source_id>
   </Item>
   <Item type="TOC Access" id="09E98BFF06BD4ED4B89BA1F542C6C489" action="add">
    <related_id keyed_name="Administrators" type="Identity">2618D6F5A90949BAA7E920D1B04C7EE1</related_id>
    <sort_order>128</sort_order>
    <source_id keyed_name="fgc_Configuration" type="ItemType" name="fgc_Configuration">362FB8A676BC4A50B430FA6FA79EAD3F</source_id>
    <category>Administration/Grid Configurations</category>
   </Item>
   <Item type="Can Add" id="A9C8FDEC93FC46F58490A23963F288A6" action="add">
    <can_add>1</can_add>
    <related_id keyed_name="Administrators" type="Identity">2618D6F5A90949BAA7E920D1B04C7EE1</related_id>
    <sort_order>128</sort_order>
    <source_id keyed_name="fgc_Configuration" type="ItemType" name="fgc_Configuration">362FB8A676BC4A50B430FA6FA79EAD3F</source_id>
   </Item>
   <Item type="Allowed Permission" id="BEAC9D612E7046D98EC5AAE0DB57C1AF" action="add">
    <is_default>1</is_default>
    <related_id keyed_name="Default Access" type="Permission">9122CD065CF04141B8EFE263FC80BEA4</related_id>
    <sort_order>128</sort_order>
    <source_id keyed_name="fgc_Configuration" type="ItemType" name="fgc_Configuration">362FB8A676BC4A50B430FA6FA79EAD3F</source_id>
   </Item>
  </Relationships>
 </Item>
 <Item type="ItemType" id="362FB8A676BC4A50B430FA6FA79EAD3F" action="edit">
  <Relationships>
   <Item type="Property" id="40A2453A21944F8B982BE410F1975781" action="add">
    <column_alignment>left</column_alignment>
    <column_width>150</column_width>
    <data_type>string</data_type>
    <is_hidden>0</is_hidden>
    <is_hidden2>0</is_hidden2>
    <is_indexed>0</is_indexed>
    <is_keyed>1</is_keyed>
    <is_multi_valued>0</is_multi_valued>
    <is_required>1</is_required>
    <keyed_name_order>1</keyed_name_order>
    <label xml:lang="en">Name</label>
    <order_by>1</order_by>
    <range_inclusive>0</range_inclusive>
    <readonly>0</readonly>
    <sort_order>10</sort_order>
    <source_id keyed_name="fgc_Configuration" type="ItemType" name="fgc_Configuration">362FB8A676BC4A50B430FA6FA79EAD3F</source_id>
    <stored_length>40</stored_length>
    <track_history>0</track_history>
    <name>name</name>
   </Item>
   <Item type="Property" action="edit" where="source_id='362FB8A676BC4A50B430FA6FA79EAD3F' and name='generation'">
    <column_alignment>left</column_alignment>
    <column_width>40</column_width>
    <data_type>integer</data_type>
    <is_hidden>0</is_hidden>
    <is_hidden2>0</is_hidden2>
    <is_indexed>0</is_indexed>
    <is_keyed>0</is_keyed>
    <is_multi_valued>0</is_multi_valued>
    <is_required>0</is_required>
    <keyed_name_order>2</keyed_name_order>
    <label xml:lang="en">Gen</label>
    <range_inclusive>0</range_inclusive>
    <readonly>1</readonly>
    <sort_order>12</sort_order>
    <source_id keyed_name="fgc_Configuration" type="ItemType" name="fgc_Configuration">362FB8A676BC4A50B430FA6FA79EAD3F</source_id>
    <track_history>0</track_history>
    <name>generation</name>
   </Item>
   <Item type="Property" action="edit" where="source_id='362FB8A676BC4A50B430FA6FA79EAD3F' and name='major_rev'">
    <column_alignment>left</column_alignment>
    <column_width>40</column_width>
    <data_type>string</data_type>
    <is_hidden>0</is_hidden>
    <is_hidden2>0</is_hidden2>
    <is_indexed>0</is_indexed>
    <is_keyed>0</is_keyed>
    <is_multi_valued>0</is_multi_valued>
    <is_required>0</is_required>
    <label xml:lang="en">Rev</label>
    <range_inclusive>0</range_inclusive>
    <readonly>0</readonly>
    <sort_order>11</sort_order>
    <source_id keyed_name="fgc_Configuration" type="ItemType" name="fgc_Configuration">362FB8A676BC4A50B430FA6FA79EAD3F</source_id>
    <stored_length>8</stored_length>
    <track_history>0</track_history>
    <name>major_rev</name>
   </Item>
   <Item type="Property" action="edit" where="source_id='362FB8A676BC4A50B430FA6FA79EAD3F' and name='state'">
    <column_alignment>left</column_alignment>
    <column_width>80</column_width>
    <data_type>string</data_type>
    <is_hidden>0</is_hidden>
    <is_hidden2>0</is_hidden2>
    <is_indexed>0</is_indexed>
    <is_keyed>0</is_keyed>
    <is_multi_valued>0</is_multi_valued>
    <is_required>0</is_required>
    <label xml:lang="en">Status</label>
    <range_inclusive>0</range_inclusive>
    <readonly>1</readonly>
    <sort_order>15</sort_order>
    <source_id keyed_name="fgc_Configuration" type="ItemType" name="fgc_Configuration">362FB8A676BC4A50B430FA6FA79EAD3F</source_id>
    <stored_length>32</stored_length>
    <track_history>0</track_history>
    <name>state</name>
   </Item>
   <Item type="Property" action="edit" where="source_id='362FB8A676BC4A50B430FA6FA79EAD3F' and name='superseded_date'">
    <column_alignment>left</column_alignment>
    <data_type>date</data_type>
    <is_hidden>1</is_hidden>
    <is_hidden2>1</is_hidden2>
    <is_indexed>0</is_indexed>
    <is_keyed>0</is_keyed>
    <is_multi_valued>0</is_multi_valued>
    <is_required>0</is_required>
    <label xml:lang="en">Superseded Date</label>
    <pattern>short_date_time</pattern>
    <range_inclusive>0</range_inclusive>
    <readonly>0</readonly>
    <sort_order>3328</sort_order>
    <source_id keyed_name="fgc_Configuration" type="ItemType" name="fgc_Configuration">362FB8A676BC4A50B430FA6FA79EAD3F</source_id>
    <track_history>0</track_history>
    <name>superseded_date</name>
   </Item>
  </Relationships>
 </Item>
</AML>