﻿<AML>
 <Item type="ItemType" id="B47E8E2B177240358F7FF8364753B5EB" action="add">
  <allow_private_permission>1</allow_private_permission>
  <auto_search>0</auto_search>
  <enforce_discovery>1</enforce_discovery>
  <hide_where_used>0</hide_where_used>
  <history_template keyed_name="Default" type="History Template">3BC16EF9E52B4F9792AB76BCE0492F29</history_template>
  <implementation_type>polymorphic</implementation_type>
  <instance_data>CLASSSEARCH_PART</instance_data>
  <is_dependent>0</is_dependent>
  <is_relationship>0</is_relationship>
  <is_versionable>0</is_versionable>
  <label xml:lang="en">_ClassSearch_Part</label>
  <label_plural xml:lang="en">_Part Search By Characteristics</label_plural>
  <large_icon>../Images/SearchCenter.svg</large_icon>
  <open_icon>../Images/SearchCenter.svg</open_icon>
  <owned_by_id keyed_name="Super User" type="Identity">6B14D33C4A7D41C188CCF2BC15BD01A3</owned_by_id>
  <revisions keyed_name="Default" type="Revision">7FE395DD8B9F4E1090756A34B733D75E</revisions>
  <show_parameters_tab>1</show_parameters_tab>
  <structure_view>tab view</structure_view>
  <unlock_on_logout>0</unlock_on_logout>
  <use_src_access>0</use_src_access>
  <name>ClassSearch_Part</name>
  <Relationships>
   <Item type="Server Event" id="DE99A667DF8242268202AA1D445AD2CD" action="add">
    <event_version>version_1</event_version>
    <is_required>0</is_required>
    <owned_by_id keyed_name="Super User" type="Identity">6B14D33C4A7D41C188CCF2BC15BD01A3</owned_by_id>
    <related_id keyed_name="polymorphic_item_onBeforeAdd" type="Method">
     <Item type="Method" action="get" select="id">
      <name>polymorphic_item_onBeforeAdd</name>
     </Item>
    </related_id>
    <server_event>onBeforeAdd</server_event>
    <sort_order>768</sort_order>
    <source_id keyed_name="ClassSearch_Part" type="ItemType" name="ClassSearch_Part">B47E8E2B177240358F7FF8364753B5EB</source_id>
   </Item>
   <Item type="Server Event" id="4D3106B05C724344BA728B03CE1563B5" action="add">
    <event_version>version_1</event_version>
    <is_required>0</is_required>
    <owned_by_id keyed_name="Super User" type="Identity">6B14D33C4A7D41C188CCF2BC15BD01A3</owned_by_id>
    <related_id keyed_name="polymorphic_item_onBeforeCopy" type="Method">
     <Item type="Method" action="get" select="id">
      <name>polymorphic_item_onBeforeCopy</name>
     </Item>
    </related_id>
    <server_event>onBeforeCopy</server_event>
    <sort_order>896</sort_order>
    <source_id keyed_name="ClassSearch_Part" type="ItemType" name="ClassSearch_Part">B47E8E2B177240358F7FF8364753B5EB</source_id>
   </Item>
   <Item type="Server Event" id="FEFBDE240B45421AAD8B02D8683D70E5" action="add">
    <event_version>version_1</event_version>
    <is_required>0</is_required>
    <owned_by_id keyed_name="Super User" type="Identity">6B14D33C4A7D41C188CCF2BC15BD01A3</owned_by_id>
    <related_id keyed_name="polymorphic_item_onBeforeDelete" type="Method">
     <Item type="Method" action="get" select="id">
      <name>polymorphic_item_onBeforeDelete</name>
     </Item>
    </related_id>
    <server_event>onBeforeDelete</server_event>
    <sort_order>128</sort_order>
    <source_id keyed_name="ClassSearch_Part" type="ItemType" name="ClassSearch_Part">B47E8E2B177240358F7FF8364753B5EB</source_id>
   </Item>
   <Item type="Server Event" id="19F3BF5B15F54080877AC3C1C95441D2" action="add">
    <event_version>version_1</event_version>
    <is_required>0</is_required>
    <owned_by_id keyed_name="Super User" type="Identity">6B14D33C4A7D41C188CCF2BC15BD01A3</owned_by_id>
    <related_id keyed_name="polymorphic_item_onBeforeLock" type="Method">
     <Item type="Method" action="get" select="id">
      <name>polymorphic_item_onBeforeLock</name>
     </Item>
    </related_id>
    <server_event>onBeforeLock</server_event>
    <sort_order>256</sort_order>
    <source_id keyed_name="ClassSearch_Part" type="ItemType" name="ClassSearch_Part">B47E8E2B177240358F7FF8364753B5EB</source_id>
   </Item>
   <Item type="Server Event" id="2097F54F71944F0DBC85B980C8104349" action="add">
    <event_version>version_1</event_version>
    <is_required>0</is_required>
    <owned_by_id keyed_name="Super User" type="Identity">6B14D33C4A7D41C188CCF2BC15BD01A3</owned_by_id>
    <related_id keyed_name="polymorphic_item_onBeforeUnlock" type="Method">
     <Item type="Method" action="get" select="id">
      <name>polymorphic_item_onBeforeUnlock</name>
     </Item>
    </related_id>
    <server_event>onBeforeUnlock</server_event>
    <sort_order>384</sort_order>
    <source_id keyed_name="ClassSearch_Part" type="ItemType" name="ClassSearch_Part">B47E8E2B177240358F7FF8364753B5EB</source_id>
   </Item>
   <Item type="Server Event" id="499E3E5C134546CE9147B700F98C7886" action="add">
    <event_version>version_1</event_version>
    <is_required>0</is_required>
    <owned_by_id keyed_name="Super User" type="Identity">6B14D33C4A7D41C188CCF2BC15BD01A3</owned_by_id>
    <related_id keyed_name="polymorphic_item_onBeforeUpdate" type="Method">
     <Item type="Method" action="get" select="id">
      <name>polymorphic_item_onBeforeUpdate</name>
     </Item>
    </related_id>
    <server_event>onBeforeUpdate</server_event>
    <sort_order>640</sort_order>
    <source_id keyed_name="ClassSearch_Part" type="ItemType" name="ClassSearch_Part">B47E8E2B177240358F7FF8364753B5EB</source_id>
   </Item>
   <Item type="Server Event" id="8777363C578F4F0C8D7B1763FE9AC77E" action="add">
    <event_version>version_1</event_version>
    <is_required>0</is_required>
    <owned_by_id keyed_name="Super User" type="Identity">6B14D33C4A7D41C188CCF2BC15BD01A3</owned_by_id>
    <related_id keyed_name="polymorphic_item_onBeforeVersion" type="Method">
     <Item type="Method" action="get" select="id">
      <name>polymorphic_item_onBeforeVersion</name>
     </Item>
    </related_id>
    <server_event>onBeforeVersion</server_event>
    <sort_order>512</sort_order>
    <source_id keyed_name="ClassSearch_Part" type="ItemType" name="ClassSearch_Part">B47E8E2B177240358F7FF8364753B5EB</source_id>
   </Item>
   <Item type="TOC Access" id="123F297307EC45A8A5E3657C336F6BED" action="add">
    <owned_by_id keyed_name="Super User" type="Identity">6B14D33C4A7D41C188CCF2BC15BD01A3</owned_by_id>
    <related_id keyed_name="World" type="Identity">
     <Item type="Identity" action="get" select="id">
      <name>World</name>
     </Item>
    </related_id>
    <sort_order>128</sort_order>
    <source_id keyed_name="ClassSearch_Part" type="ItemType" name="ClassSearch_Part">B47E8E2B177240358F7FF8364753B5EB</source_id>
    <category>Design</category>
   </Item>
   <Item type="TOC View" id="F582CDFC9BDF47449D2189A366CA7D24" action="add">
    <form keyed_name="Item Classification Search" type="Form">887AE5D425E2475AA18173ECFFFD2699</form>
    <owned_by_id keyed_name="Super User" type="Identity">6B14D33C4A7D41C188CCF2BC15BD01A3</owned_by_id>
    <related_id keyed_name="World" type="Identity">
     <Item type="Identity" action="get" select="id">
      <name>World</name>
     </Item>
    </related_id>
    <sort_order>128</sort_order>
    <source_id keyed_name="ClassSearch_Part" type="ItemType" name="ClassSearch_Part">B47E8E2B177240358F7FF8364753B5EB</source_id>
   </Item>
   <Item type="Can Add" id="AF7EBE2BB09F4AEFA74491E652448CB0" action="add">
    <can_add>1</can_add>
    <owned_by_id keyed_name="Super User" type="Identity">6B14D33C4A7D41C188CCF2BC15BD01A3</owned_by_id>
    <related_id keyed_name="World" type="Identity">
     <Item type="Identity" action="get" select="id">
      <name>World</name>
     </Item>
    </related_id>
    <sort_order>128</sort_order>
    <source_id keyed_name="ClassSearch_Part" type="ItemType" name="ClassSearch_Part">B47E8E2B177240358F7FF8364753B5EB</source_id>
   </Item>
   <Item type="Allowed Permission" id="1F59B4165AB94269A73F78E32091512C" action="add">
    <is_default>0</is_default>
    <owned_by_id keyed_name="Super User" type="Identity">6B14D33C4A7D41C188CCF2BC15BD01A3</owned_by_id>
    <related_id keyed_name="Default Access" type="Permission">9122CD065CF04141B8EFE263FC80BEA4</related_id>
    <sort_order>128</sort_order>
    <source_id keyed_name="ClassSearch_Part" type="ItemType" name="ClassSearch_Part">B47E8E2B177240358F7FF8364753B5EB</source_id>
   </Item>
  </Relationships>
 </Item>
 <Item type="View" action="delete" where="source_id='B47E8E2B177240358F7FF8364753B5EB'" />
 <Item type="Form" action="delete" where="name='ClassSearch_Part'" />
</AML>