﻿<AML>
 <Item type="ItemType" id="87CC08361EE94B52B7AA7E7A886DC25E" action="add">
  <allow_private_permission>1</allow_private_permission>
  <auto_search>0</auto_search>
  <enforce_discovery>1</enforce_discovery>
  <hide_where_used>0</hide_where_used>
  <history_template keyed_name="Default" type="History Template">3BC16EF9E52B4F9792AB76BCE0492F29</history_template>
  <implementation_type>table</implementation_type>
  <instance_data>ITEM_CHARACTERISTIC</instance_data>
  <is_dependent>0</is_dependent>
  <is_relationship>0</is_relationship>
  <is_versionable>0</is_versionable>
  <label xml:lang="en">Item Characteristic</label>
  <label_plural xml:lang="en">Item Characteristics</label_plural>
  <large_icon>../Images/Properties.svg</large_icon>
  <open_icon>../Images/Properties.svg</open_icon>
  <owned_by_id keyed_name="Super User" type="Identity">6B14D33C4A7D41C188CCF2BC15BD01A3</owned_by_id>
  <revisions keyed_name="Default" type="Revision">7FE395DD8B9F4E1090756A34B733D75E</revisions>
  <show_parameters_tab>1</show_parameters_tab>
  <structure_view>tab view</structure_view>
  <unlock_on_logout>0</unlock_on_logout>
  <use_src_access>0</use_src_access>
  <name>Item Characteristic</name>
  <Relationships>
   <Item type="Property" id="B66317022DB44919A5C920485EC3A3F9" action="add">
    <column_alignment>left</column_alignment>
    <column_width>80</column_width>
    <data_type>decimal</data_type>
    <is_hidden>0</is_hidden>
    <is_hidden2>0</is_hidden2>
    <is_indexed>0</is_indexed>
    <is_keyed>0</is_keyed>
    <is_multi_valued>0</is_multi_valued>
    <is_required>0</is_required>
    <label xml:lang="en">Allowed Max Value</label>
    <owned_by_id keyed_name="Super User" type="Identity">6B14D33C4A7D41C188CCF2BC15BD01A3</owned_by_id>
    <range_inclusive>0</range_inclusive>
    <readonly>0</readonly>
    <sort_order>201</sort_order>
    <source_id keyed_name="Item Characteristic" type="ItemType" name="Item Characteristic">87CC08361EE94B52B7AA7E7A886DC25E</source_id>
    <track_history>0</track_history>
    <name>allowed_max_value</name>
   </Item>
   <Item type="Property" id="8B94D099D7A440EEAFF8A79CA879A06B" action="add">
    <column_alignment>left</column_alignment>
    <column_width>80</column_width>
    <data_type>decimal</data_type>
    <is_hidden>0</is_hidden>
    <is_hidden2>0</is_hidden2>
    <is_indexed>0</is_indexed>
    <is_keyed>0</is_keyed>
    <is_multi_valued>0</is_multi_valued>
    <is_required>0</is_required>
    <label xml:lang="en">Allowed Min Value</label>
    <owned_by_id keyed_name="Super User" type="Identity">6B14D33C4A7D41C188CCF2BC15BD01A3</owned_by_id>
    <range_inclusive>0</range_inclusive>
    <readonly>0</readonly>
    <sort_order>200</sort_order>
    <source_id keyed_name="Item Characteristic" type="ItemType" name="Item Characteristic">87CC08361EE94B52B7AA7E7A886DC25E</source_id>
    <track_history>0</track_history>
    <name>allowed_min_value</name>
   </Item>
   <Item type="Property" id="D582F0E40B6B4722933CDCCDEB2F7AFA" action="add">
    <column_alignment>left</column_alignment>
    <column_width>80</column_width>
    <data_type>string</data_type>
    <is_hidden>1</is_hidden>
    <is_hidden2>1</is_hidden2>
    <is_indexed>0</is_indexed>
    <is_keyed>0</is_keyed>
    <is_multi_valued>0</is_multi_valued>
    <is_required>0</is_required>
    <label xml:lang="en">Pattern</label>
    <owned_by_id keyed_name="Super User" type="Identity">6B14D33C4A7D41C188CCF2BC15BD01A3</owned_by_id>
    <range_inclusive>0</range_inclusive>
    <readonly>0</readonly>
    <sort_order>512</sort_order>
    <source_id keyed_name="Item Characteristic" type="ItemType" name="Item Characteristic">87CC08361EE94B52B7AA7E7A886DC25E</source_id>
    <stored_length>64</stored_length>
    <track_history>0</track_history>
    <name>allowed_value_pattern</name>
   </Item>
   <Item type="Property" id="B17DBBF61A574BFAA38297F4E831E92C" action="add">
    <column_alignment>left</column_alignment>
    <column_width>80</column_width>
    <data_source keyed_name="Item Characteristic Value Types">576F811E7FFC43939D75D18BEBB703A7</data_source>
    <data_type>list</data_type>
    <is_hidden>0</is_hidden>
    <is_hidden2>0</is_hidden2>
    <is_indexed>0</is_indexed>
    <is_keyed>0</is_keyed>
    <is_multi_valued>0</is_multi_valued>
    <is_required>0</is_required>
    <label xml:lang="en">Value Type</label>
    <owned_by_id keyed_name="Super User" type="Identity">6B14D33C4A7D41C188CCF2BC15BD01A3</owned_by_id>
    <range_inclusive>0</range_inclusive>
    <readonly>0</readonly>
    <sort_order>30</sort_order>
    <source_id keyed_name="Item Characteristic" type="ItemType" name="Item Characteristic">87CC08361EE94B52B7AA7E7A886DC25E</source_id>
    <stored_length>256</stored_length>
    <track_history>0</track_history>
    <name>characteristic_value_type</name>
   </Item>
   <Item type="Property" id="34C545D95E6C4090B9F9A64FC1CAF80F" action="add">
    <column_alignment>left</column_alignment>
    <column_width>80</column_width>
    <data_type>string</data_type>
    <is_hidden>0</is_hidden>
    <is_hidden2>0</is_hidden2>
    <is_indexed>0</is_indexed>
    <is_keyed>0</is_keyed>
    <is_multi_valued>0</is_multi_valued>
    <is_required>0</is_required>
    <label xml:lang="en">Default Max Value</label>
    <owned_by_id keyed_name="Super User" type="Identity">6B14D33C4A7D41C188CCF2BC15BD01A3</owned_by_id>
    <range_inclusive>0</range_inclusive>
    <readonly>0</readonly>
    <sort_order>211</sort_order>
    <source_id keyed_name="Item Characteristic" type="ItemType" name="Item Characteristic">87CC08361EE94B52B7AA7E7A886DC25E</source_id>
    <stored_length>64</stored_length>
    <track_history>0</track_history>
    <name>default_max_value</name>
   </Item>
   <Item type="Property" id="D0F2620B57CF45CD9796563B798472B9" action="add">
    <column_alignment>left</column_alignment>
    <column_width>80</column_width>
    <data_type>string</data_type>
    <is_hidden>0</is_hidden>
    <is_hidden2>0</is_hidden2>
    <is_indexed>0</is_indexed>
    <is_keyed>0</is_keyed>
    <is_multi_valued>0</is_multi_valued>
    <is_required>0</is_required>
    <label xml:lang="en">Default Min Value</label>
    <owned_by_id keyed_name="Super User" type="Identity">6B14D33C4A7D41C188CCF2BC15BD01A3</owned_by_id>
    <range_inclusive>0</range_inclusive>
    <readonly>0</readonly>
    <sort_order>210</sort_order>
    <source_id keyed_name="Item Characteristic" type="ItemType" name="Item Characteristic">87CC08361EE94B52B7AA7E7A886DC25E</source_id>
    <stored_length>64</stored_length>
    <track_history>0</track_history>
    <name>default_min_value</name>
   </Item>
   <Item type="Property" id="BEF3C771B18F4403B0681986BB17316E" action="add">
    <column_alignment>left</column_alignment>
    <column_width>80</column_width>
    <data_type>string</data_type>
    <is_hidden>0</is_hidden>
    <is_hidden2>0</is_hidden2>
    <is_indexed>0</is_indexed>
    <is_keyed>0</is_keyed>
    <is_multi_valued>0</is_multi_valued>
    <is_required>0</is_required>
    <label xml:lang="en">Default Text Value</label>
    <owned_by_id keyed_name="Super User" type="Identity">6B14D33C4A7D41C188CCF2BC15BD01A3</owned_by_id>
    <range_inclusive>0</range_inclusive>
    <readonly>0</readonly>
    <sort_order>100</sort_order>
    <source_id keyed_name="Item Characteristic" type="ItemType" name="Item Characteristic">87CC08361EE94B52B7AA7E7A886DC25E</source_id>
    <stored_length>64</stored_length>
    <track_history>0</track_history>
    <name>default_text_value</name>
   </Item>
   <Item type="Property" id="36D5B36CB1C145568DA3B779C38E1FA7" action="add">
    <column_alignment>left</column_alignment>
    <column_width>300</column_width>
    <data_type>string</data_type>
    <is_hidden>0</is_hidden>
    <is_hidden2>1</is_hidden2>
    <is_indexed>0</is_indexed>
    <is_keyed>0</is_keyed>
    <is_multi_valued>0</is_multi_valued>
    <is_required>0</is_required>
    <label xml:lang="en">Description</label>
    <owned_by_id keyed_name="Super User" type="Identity">6B14D33C4A7D41C188CCF2BC15BD01A3</owned_by_id>
    <range_inclusive>0</range_inclusive>
    <readonly>0</readonly>
    <sort_order>384</sort_order>
    <source_id keyed_name="Item Characteristic" type="ItemType" name="Item Characteristic">87CC08361EE94B52B7AA7E7A886DC25E</source_id>
    <stored_length>512</stored_length>
    <track_history>0</track_history>
    <name>description</name>
   </Item>
   <Item type="Property" id="54E1CAB9E2DA46859D44B413B2379383" action="add">
    <column_alignment>left</column_alignment>
    <column_width>50</column_width>
    <data_type>boolean</data_type>
    <is_hidden>0</is_hidden>
    <is_hidden2>0</is_hidden2>
    <is_indexed>0</is_indexed>
    <is_keyed>0</is_keyed>
    <is_multi_valued>0</is_multi_valued>
    <is_required>0</is_required>
    <label xml:lang="en">HasList Values</label>
    <owned_by_id keyed_name="Super User" type="Identity">6B14D33C4A7D41C188CCF2BC15BD01A3</owned_by_id>
    <range_inclusive>0</range_inclusive>
    <readonly>1</readonly>
    <sort_order>50</sort_order>
    <source_id keyed_name="Item Characteristic" type="ItemType" name="Item Characteristic">87CC08361EE94B52B7AA7E7A886DC25E</source_id>
    <track_history>0</track_history>
    <name>has_allowed_list_value</name>
   </Item>
   <Item type="Property" id="340B562F2E5A44BE9D9BB54D79002D80" action="add">
    <column_alignment>left</column_alignment>
    <column_width>50</column_width>
    <data_type>boolean</data_type>
    <is_hidden>0</is_hidden>
    <is_hidden2>0</is_hidden2>
    <is_indexed>0</is_indexed>
    <is_keyed>0</is_keyed>
    <is_multi_valued>0</is_multi_valued>
    <is_required>0</is_required>
    <label xml:lang="en">Allow Range</label>
    <owned_by_id keyed_name="Super User" type="Identity">6B14D33C4A7D41C188CCF2BC15BD01A3</owned_by_id>
    <range_inclusive>0</range_inclusive>
    <readonly>0</readonly>
    <sort_order>204</sort_order>
    <source_id keyed_name="Item Characteristic" type="ItemType" name="Item Characteristic">87CC08361EE94B52B7AA7E7A886DC25E</source_id>
    <track_history>0</track_history>
    <name>is_allow_range</name>
   </Item>
   <Item type="Property" id="5AC4ED03C4AB4296AF10FAA3186D5A0B" action="add">
    <column_alignment>left</column_alignment>
    <column_width>200</column_width>
    <data_type>ml_string</data_type>
    <is_hidden>0</is_hidden>
    <is_hidden2>0</is_hidden2>
    <is_indexed>0</is_indexed>
    <is_keyed>0</is_keyed>
    <is_multi_valued>0</is_multi_valued>
    <is_required>0</is_required>
    <label xml:lang="en">ML Name</label>
    <owned_by_id keyed_name="Super User" type="Identity">6B14D33C4A7D41C188CCF2BC15BD01A3</owned_by_id>
    <range_inclusive>0</range_inclusive>
    <readonly>0</readonly>
    <sort_order>21</sort_order>
    <source_id keyed_name="Item Characteristic" type="ItemType" name="Item Characteristic">87CC08361EE94B52B7AA7E7A886DC25E</source_id>
    <stored_length>128</stored_length>
    <track_history>0</track_history>
    <name>label</name>
   </Item>
   <Item type="Property" id="F1D9704C2674464582527DA46CD31B53" action="add">
    <column_alignment>left</column_alignment>
    <column_width>80</column_width>
    <data_type>integer</data_type>
    <default_value xml:lang="en" />
    <is_hidden>0</is_hidden>
    <is_hidden2>0</is_hidden2>
    <is_indexed>0</is_indexed>
    <is_keyed>0</is_keyed>
    <is_multi_valued>0</is_multi_valued>
    <is_required>0</is_required>
    <label xml:lang="en">Numeric Length</label>
    <owned_by_id keyed_name="Super User" type="Identity">6B14D33C4A7D41C188CCF2BC15BD01A3</owned_by_id>
    <range_inclusive>0</range_inclusive>
    <readonly>0</readonly>
    <sort_order>205</sort_order>
    <source_id keyed_name="Item Characteristic" type="ItemType" name="Item Characteristic">87CC08361EE94B52B7AA7E7A886DC25E</source_id>
    <track_history>0</track_history>
    <name>max_numeric_length</name>
   </Item>
   <Item type="Property" id="E1584698EDD14823B2E44B98196402FC" action="add">
    <column_alignment>left</column_alignment>
    <data_type>integer</data_type>
    <default_value xml:lang="en" />
    <is_hidden>0</is_hidden>
    <is_hidden2>0</is_hidden2>
    <is_indexed>0</is_indexed>
    <is_keyed>0</is_keyed>
    <is_multi_valued>0</is_multi_valued>
    <is_required>0</is_required>
    <label xml:lang="en">Max Text Length</label>
    <owned_by_id keyed_name="Super User" type="Identity">6B14D33C4A7D41C188CCF2BC15BD01A3</owned_by_id>
    <range_inclusive>0</range_inclusive>
    <readonly>0</readonly>
    <sort_order>101</sort_order>
    <source_id keyed_name="Item Characteristic" type="ItemType" name="Item Characteristic">87CC08361EE94B52B7AA7E7A886DC25E</source_id>
    <track_history>0</track_history>
    <name>max_text_length</name>
   </Item>
   <Item type="Property" id="57E3064A636B4ECFA7093DE52A7BAF8B" action="add">
    <column_alignment>left</column_alignment>
    <column_width>80</column_width>
    <data_type>integer</data_type>
    <default_value xml:lang="en" />
    <is_hidden>0</is_hidden>
    <is_hidden2>0</is_hidden2>
    <is_indexed>0</is_indexed>
    <is_keyed>0</is_keyed>
    <is_multi_valued>0</is_multi_valued>
    <is_required>0</is_required>
    <label xml:lang="en">Decimal Precision</label>
    <owned_by_id keyed_name="Super User" type="Identity">6B14D33C4A7D41C188CCF2BC15BD01A3</owned_by_id>
    <range_inclusive>0</range_inclusive>
    <readonly>0</readonly>
    <sort_order>206</sort_order>
    <source_id keyed_name="Item Characteristic" type="ItemType" name="Item Characteristic">87CC08361EE94B52B7AA7E7A886DC25E</source_id>
    <track_history>0</track_history>
    <name>value_decimal_precision</name>
   </Item>
   <Item type="Property" id="9BE7859FD6E347E19CD64142FBCF9393" action="add">
    <column_alignment>left</column_alignment>
    <column_width>80</column_width>
    <data_source keyed_name="Characteristic Units">AB51F3EE48734A74A89E2E061F35F1EC</data_source>
    <data_type>list</data_type>
    <is_hidden>0</is_hidden>
    <is_hidden2>0</is_hidden2>
    <is_indexed>0</is_indexed>
    <is_keyed>0</is_keyed>
    <is_multi_valued>0</is_multi_valued>
    <is_required>0</is_required>
    <label xml:lang="en">Unit</label>
    <owned_by_id keyed_name="Super User" type="Identity">6B14D33C4A7D41C188CCF2BC15BD01A3</owned_by_id>
    <range_inclusive>0</range_inclusive>
    <readonly>0</readonly>
    <sort_order>203</sort_order>
    <source_id keyed_name="Item Characteristic" type="ItemType" name="Item Characteristic">87CC08361EE94B52B7AA7E7A886DC25E</source_id>
    <stored_length>256</stored_length>
    <track_history>0</track_history>
    <name>value_unit_of_measure</name>
   </Item>
   <Item type="View" id="3FB8A618150D4DCB9DF158E85D67813D" action="add">
    <client>js</client>
    <owned_by_id keyed_name="Super User" type="Identity">6B14D33C4A7D41C188CCF2BC15BD01A3</owned_by_id>
    <related_id keyed_name="Item Characteristic" type="Form">38C7A4247F2648518576309EAA6FEDB1</related_id>
    <role keyed_name="World" type="Identity">
     <Item type="Identity" action="get" select="id">
      <name>World</name>
     </Item>
    </role>
    <show_ssvc>0</show_ssvc>
    <sort_order>128</sort_order>
    <source_id keyed_name="Item Characteristic" type="ItemType" name="Item Characteristic">87CC08361EE94B52B7AA7E7A886DC25E</source_id>
    <type>default</type>
   </Item>
   <Item type="Server Event" id="DA1C6083EC6B4015B20E434DB74B43D9" action="add">
    <event_version>version_1</event_version>
    <is_required>0</is_required>
    <owned_by_id keyed_name="Super User" type="Identity">6B14D33C4A7D41C188CCF2BC15BD01A3</owned_by_id>
    <related_id keyed_name="validateReqValuesSet" type="Method">
     <Item type="Method" action="get" select="id">
      <name>validateReqValuesSet</name>
     </Item>
    </related_id>
    <server_event>onBeforeAdd</server_event>
    <sort_order>256</sort_order>
    <source_id keyed_name="Item Characteristic" type="ItemType" name="Item Characteristic">87CC08361EE94B52B7AA7E7A886DC25E</source_id>
   </Item>
   <Item type="Server Event" id="61C2A6AECB374607AFEB6DBD1999E31E" action="add">
    <event_version>version_1</event_version>
    <is_required>0</is_required>
    <owned_by_id keyed_name="Super User" type="Identity">6B14D33C4A7D41C188CCF2BC15BD01A3</owned_by_id>
    <related_id keyed_name="validateReqValuesSet" type="Method">
     <Item type="Method" action="get" select="id">
      <name>validateReqValuesSet</name>
     </Item>
    </related_id>
    <server_event>onBeforeUpdate</server_event>
    <sort_order>128</sort_order>
    <source_id keyed_name="Item Characteristic" type="ItemType" name="Item Characteristic">87CC08361EE94B52B7AA7E7A886DC25E</source_id>
   </Item>
   <Item type="TOC Access" id="6ABF6E63379445A1A68827296D42A935" action="add">
    <owned_by_id keyed_name="Super User" type="Identity">6B14D33C4A7D41C188CCF2BC15BD01A3</owned_by_id>
    <related_id keyed_name="Administrators" type="Identity">2618D6F5A90949BAA7E920D1B04C7EE1</related_id>
    <sort_order>128</sort_order>
    <source_id keyed_name="Item Characteristic" type="ItemType" name="Item Characteristic">87CC08361EE94B52B7AA7E7A886DC25E</source_id>
    <category>Administration/Item Classifications</category>
   </Item>
   <Item type="Can Add" id="5F695AC3BBB4439AAB7083A008373C1A" action="add">
    <can_add>1</can_add>
    <owned_by_id keyed_name="Super User" type="Identity">6B14D33C4A7D41C188CCF2BC15BD01A3</owned_by_id>
    <related_id keyed_name="World" type="Identity">
     <Item type="Identity" action="get" select="id">
      <name>World</name>
     </Item>
    </related_id>
    <sort_order>128</sort_order>
    <source_id keyed_name="Item Characteristic" type="ItemType" name="Item Characteristic">87CC08361EE94B52B7AA7E7A886DC25E</source_id>
   </Item>
   <Item type="Allowed Permission" id="ED030755E38644C98BAE1173855E7A7E" action="add">
    <is_default>1</is_default>
    <owned_by_id keyed_name="Super User" type="Identity">6B14D33C4A7D41C188CCF2BC15BD01A3</owned_by_id>
    <related_id keyed_name="Default Access" type="Permission">9122CD065CF04141B8EFE263FC80BEA4</related_id>
    <sort_order>128</sort_order>
    <source_id keyed_name="Item Characteristic" type="ItemType" name="Item Characteristic">87CC08361EE94B52B7AA7E7A886DC25E</source_id>
   </Item>
  </Relationships>
 </Item>
 <Item type="ItemType" id="87CC08361EE94B52B7AA7E7A886DC25E" action="edit">
  <Relationships>
   <Item type="Property" id="87C07E5CEED046458460C625BFB011A0" action="add">
    <column_alignment>left</column_alignment>
    <column_width>200</column_width>
    <data_type>string</data_type>
    <is_hidden>0</is_hidden>
    <is_hidden2>0</is_hidden2>
    <is_indexed>0</is_indexed>
    <is_keyed>1</is_keyed>
    <is_multi_valued>0</is_multi_valued>
    <is_required>1</is_required>
    <keyed_name_order>2</keyed_name_order>
    <label xml:lang="en">Name</label>
    <owned_by_id keyed_name="Super User" type="Identity">6B14D33C4A7D41C188CCF2BC15BD01A3</owned_by_id>
    <range_inclusive>0</range_inclusive>
    <readonly>0</readonly>
    <sort_order>20</sort_order>
    <source_id keyed_name="Item Characteristic" type="ItemType" name="Item Characteristic">87CC08361EE94B52B7AA7E7A886DC25E</source_id>
    <stored_length>64</stored_length>
    <track_history>0</track_history>
    <name>name</name>
   </Item>
  </Relationships>
 </Item>
</AML>