﻿<AML>
 <Item type="List" id="AB51F3EE48734A74A89E2E061F35F1EC" action="add">
  <owned_by_id keyed_name="Innovator Admin" type="Identity">DBA5D86402BF43D5976854B8B48FCDD1</owned_by_id>
  <name>Characteristic Units</name>
  <Relationships>
   <Item type="Value" id="44626508EC45446B9F75377EA78FCCFC" action="add">
    <owned_by_id keyed_name="Innovator Admin" type="Identity">DBA5D86402BF43D5976854B8B48FCDD1</owned_by_id>
    <sort_order>1</sort_order>
    <source_id keyed_name="Characteristic Units" type="List">AB51F3EE48734A74A89E2E061F35F1EC</source_id>
    <value>A</value>
   </Item>
   <Item type="Value" id="EF22A9C00AF145C7A9B8649361892DA9" action="add">
    <owned_by_id keyed_name="Innovator Admin" type="Identity">DBA5D86402BF43D5976854B8B48FCDD1</owned_by_id>
    <sort_order>10</sort_order>
    <source_id keyed_name="Characteristic Units" type="List">AB51F3EE48734A74A89E2E061F35F1EC</source_id>
    <value>Ah</value>
   </Item>
   <Item type="Value" id="5BEAC53D78C742A2AA54CB1B52CF1839" action="add">
    <owned_by_id keyed_name="Innovator Admin" type="Identity">DBA5D86402BF43D5976854B8B48FCDD1</owned_by_id>
    <sort_order>20</sort_order>
    <source_id keyed_name="Characteristic Units" type="List">AB51F3EE48734A74A89E2E061F35F1EC</source_id>
    <value>Hz</value>
   </Item>
   <Item type="Value" id="D068D81D955F461E804ADB62023C75EE" action="add">
    <label xml:lang="en">M</label>
    <owned_by_id keyed_name="Innovator Admin" type="Identity">DBA5D86402BF43D5976854B8B48FCDD1</owned_by_id>
    <sort_order>128</sort_order>
    <source_id keyed_name="Characteristic Units" type="List">AB51F3EE48734A74A89E2E061F35F1EC</source_id>
    <value>m</value>
   </Item>
   <Item type="Value" id="76C2E9DCA8564CAEBD4E00E1EDE55C3D" action="add">
    <label xml:lang="en">MM</label>
    <owned_by_id keyed_name="Innovator Admin" type="Identity">DBA5D86402BF43D5976854B8B48FCDD1</owned_by_id>
    <sort_order>130</sort_order>
    <source_id keyed_name="Characteristic Units" type="List">AB51F3EE48734A74A89E2E061F35F1EC</source_id>
    <value>mm</value>
   </Item>
   <Item type="Value" id="2CF2488D7A3A44A698044E3B54694484" action="add">
    <owned_by_id keyed_name="Innovator Admin" type="Identity">DBA5D86402BF43D5976854B8B48FCDD1</owned_by_id>
    <sort_order>135</sort_order>
    <source_id keyed_name="Characteristic Units" type="List">AB51F3EE48734A74A89E2E061F35F1EC</source_id>
    <value>µm</value>
   </Item>
   <Item type="Value" id="92D249A3891149338ACCD019F9B76533" action="add">
    <owned_by_id keyed_name="Innovator Admin" type="Identity">DBA5D86402BF43D5976854B8B48FCDD1</owned_by_id>
    <sort_order>140</sort_order>
    <source_id keyed_name="Characteristic Units" type="List">AB51F3EE48734A74A89E2E061F35F1EC</source_id>
    <value>nm</value>
   </Item>
   <Item type="Value" id="9D1BAECBAF634E74AE838C0DD56B82CA" action="add">
    <owned_by_id keyed_name="Innovator Admin" type="Identity">DBA5D86402BF43D5976854B8B48FCDD1</owned_by_id>
    <sort_order>150</sort_order>
    <source_id keyed_name="Characteristic Units" type="List">AB51F3EE48734A74A89E2E061F35F1EC</source_id>
    <value>mH</value>
   </Item>
   <Item type="Value" id="AD30643B685F490089A1EF04120A3096" action="add">
    <owned_by_id keyed_name="Innovator Admin" type="Identity">DBA5D86402BF43D5976854B8B48FCDD1</owned_by_id>
    <sort_order>170</sort_order>
    <source_id keyed_name="Characteristic Units" type="List">AB51F3EE48734A74A89E2E061F35F1EC</source_id>
    <value>mcd</value>
   </Item>
   <Item type="Value" id="0FD134F6633B4C00A6773F15D91F7B04" action="add">
    <label xml:lang="en">KG</label>
    <owned_by_id keyed_name="Innovator Admin" type="Identity">DBA5D86402BF43D5976854B8B48FCDD1</owned_by_id>
    <sort_order>256</sort_order>
    <source_id keyed_name="Characteristic Units" type="List">AB51F3EE48734A74A89E2E061F35F1EC</source_id>
    <value>kg</value>
   </Item>
   <Item type="Value" id="2F0D5C0FD2534A778CDD4B06E2E757F2" action="add">
    <owned_by_id keyed_name="Innovator Admin" type="Identity">DBA5D86402BF43D5976854B8B48FCDD1</owned_by_id>
    <sort_order>258</sort_order>
    <source_id keyed_name="Characteristic Units" type="List">AB51F3EE48734A74A89E2E061F35F1EC</source_id>
    <value>Ohm</value>
   </Item>
   <Item type="Value" id="2E197311C09944A7BFA3D41FB413B7C3" action="add">
    <owned_by_id keyed_name="Innovator Admin" type="Identity">DBA5D86402BF43D5976854B8B48FCDD1</owned_by_id>
    <sort_order>390</sort_order>
    <source_id keyed_name="Characteristic Units" type="List">AB51F3EE48734A74A89E2E061F35F1EC</source_id>
    <value>ml</value>
   </Item>
   <Item type="Value" id="CA6BCF4B681946DD82AB3D2E799F894D" action="add">
    <label xml:lang="en">L</label>
    <owned_by_id keyed_name="Innovator Admin" type="Identity">DBA5D86402BF43D5976854B8B48FCDD1</owned_by_id>
    <sort_order>512</sort_order>
    <source_id keyed_name="Characteristic Units" type="List">AB51F3EE48734A74A89E2E061F35F1EC</source_id>
    <value>L</value>
   </Item>
   <Item type="Value" id="39C3D5F1A8B747AF8FFD73C94D1334E7" action="add">
    <owned_by_id keyed_name="Innovator Admin" type="Identity">DBA5D86402BF43D5976854B8B48FCDD1</owned_by_id>
    <sort_order>520</sort_order>
    <source_id keyed_name="Characteristic Units" type="List">AB51F3EE48734A74A89E2E061F35F1EC</source_id>
    <value>ns</value>
   </Item>
   <Item type="Value" id="08E3A47431AE4E0EBE9E1C4822716F1C" action="add">
    <owned_by_id keyed_name="Innovator Admin" type="Identity">DBA5D86402BF43D5976854B8B48FCDD1</owned_by_id>
    <sort_order>599</sort_order>
    <source_id keyed_name="Characteristic Units" type="List">AB51F3EE48734A74A89E2E061F35F1EC</source_id>
    <value>F</value>
   </Item>
   <Item type="Value" id="D4294F78C8D94747878EB80A23AB24A1" action="add">
    <owned_by_id keyed_name="Innovator Admin" type="Identity">DBA5D86402BF43D5976854B8B48FCDD1</owned_by_id>
    <sort_order>600</sort_order>
    <source_id keyed_name="Characteristic Units" type="List">AB51F3EE48734A74A89E2E061F35F1EC</source_id>
    <value>µF</value>
   </Item>
   <Item type="Value" id="FECEA3ACC811474280F580D0C8D475E8" action="add">
    <owned_by_id keyed_name="Innovator Admin" type="Identity">DBA5D86402BF43D5976854B8B48FCDD1</owned_by_id>
    <sort_order>601</sort_order>
    <source_id keyed_name="Characteristic Units" type="List">AB51F3EE48734A74A89E2E061F35F1EC</source_id>
    <value>pF</value>
   </Item>
   <Item type="Value" id="96AD5DEAAEE74246AFF84EB0CB90C1F7" action="add">
    <owned_by_id keyed_name="Innovator Admin" type="Identity">DBA5D86402BF43D5976854B8B48FCDD1</owned_by_id>
    <sort_order>602</sort_order>
    <source_id keyed_name="Characteristic Units" type="List">AB51F3EE48734A74A89E2E061F35F1EC</source_id>
    <value>ppm</value>
   </Item>
   <Item type="Value" id="9FCCCC83584C4989AA00EB7CB87927D8" action="add">
    <label xml:lang="en">V</label>
    <owned_by_id keyed_name="Innovator Admin" type="Identity">DBA5D86402BF43D5976854B8B48FCDD1</owned_by_id>
    <sort_order>640</sort_order>
    <source_id keyed_name="Characteristic Units" type="List">AB51F3EE48734A74A89E2E061F35F1EC</source_id>
    <value>V</value>
   </Item>
   <Item type="Value" id="C7925FFBFD1E4311AB39CAC45FBFB39D" action="add">
    <owned_by_id keyed_name="Innovator Admin" type="Identity">DBA5D86402BF43D5976854B8B48FCDD1</owned_by_id>
    <sort_order>641</sort_order>
    <source_id keyed_name="Characteristic Units" type="List">AB51F3EE48734A74A89E2E061F35F1EC</source_id>
    <value>VA</value>
   </Item>
   <Item type="Value" id="EB1155ED14AA4A0591726F959709CA04" action="add">
    <owned_by_id keyed_name="Innovator Admin" type="Identity">DBA5D86402BF43D5976854B8B48FCDD1</owned_by_id>
    <sort_order>645</sort_order>
    <source_id keyed_name="Characteristic Units" type="List">AB51F3EE48734A74A89E2E061F35F1EC</source_id>
    <value>W</value>
   </Item>
   <Item type="Value" id="45713F5D70B34BB4A0772D483FAE84AF" action="add">
    <label xml:lang="en">KG</label>
    <owned_by_id keyed_name="Innovator Admin" type="Identity">DBA5D86402BF43D5976854B8B48FCDD1</owned_by_id>
    <sort_order>773</sort_order>
    <source_id keyed_name="Characteristic Units" type="List">AB51F3EE48734A74A89E2E061F35F1EC</source_id>
    <value>kg</value>
   </Item>
   <Item type="Value" id="6DD9226ED2D14025954EEB6400B6439B" action="add">
    <label xml:lang="en">KM</label>
    <owned_by_id keyed_name="Innovator Admin" type="Identity">DBA5D86402BF43D5976854B8B48FCDD1</owned_by_id>
    <sort_order>901</sort_order>
    <source_id keyed_name="Characteristic Units" type="List">AB51F3EE48734A74A89E2E061F35F1EC</source_id>
    <value>km</value>
   </Item>
   <Item type="Value" id="D1D0437A5AEA47F68CFF541443E79D5C" action="add">
    <label xml:lang="en">EA</label>
    <owned_by_id keyed_name="Innovator Admin" type="Identity">DBA5D86402BF43D5976854B8B48FCDD1</owned_by_id>
    <sort_order>1029</sort_order>
    <source_id keyed_name="Characteristic Units" type="List">AB51F3EE48734A74A89E2E061F35F1EC</source_id>
    <value>EA</value>
   </Item>
  </Relationships>
 </Item>
</AML>