﻿<AML>
 <Item type="Method" id="16522FB3A03643B79A49A7E948A856B0" action="add">
  <classification>/*</classification>
  <execution_allowed_to keyed_name="World" type="Identity">A73B655731924CD0B027E4F4D5FCC0A9</execution_allowed_to>
  <method_code><![CDATA[// Get relationItem
var pathStr = parent.thisItem.getProperty("item_class_path") + parent.thisItem.getProperty("name") + "/" ;
var col = gridApplet.getHeaderIndex("Item Class Path");
gridApplet.setCellValue(relationshipID, col, pathStr);
var relItem = parent.thisItem.getItemsByXpath("//Item[@id='" + relationshipID + "']");
relItem.setProperty("item_class_path", pathStr);
relItem = relItem.apply();

]]></method_code>
  <method_type>JavaScript</method_type>
  <name>setClassPath</name>
 </Item>
</AML>