﻿<AML>
 <Item type="Method" id="B3DB04CA021640C38E9D937E9F1A0277" action="add">
  <classification>/*</classification>
  <execution_allowed_to keyed_name="World" type="Identity">A73B655731924CD0B027E4F4D5FCC0A9</execution_allowed_to>
  <method_code><![CDATA[string sourceId = this.getProperty("source_id");
string relatedId = this.getProperty("related_id");

Item parent = this.newItem("Item Class", "get");
parent.setID(sourceId);
parent = parent.apply();

Item child = this.newItem("Item Class", "get");
child.setID(relatedId);
child = child.apply();

string classPath = parent.getProperty("item_class_path") + "/" + child.getProperty("name");
string sql = string.Format("UPDATE ITEM_CLASS SET [ITEM_CLASS_PATH]='{0}' WHERE [ID]='{1}'",classPath, relatedId);
this.getInnovator().applySQL(sql);
return this;]]></method_code>
  <method_type>C#</method_type>
  <name>SetItemClassPath</name>
 </Item>
</AML>