﻿<AML>
 <Item type="Method" id="3293C2F74EE64DC79CBE483F47517A0A" action="add">
  <comments></comments>
  <execution_allowed_to keyed_name="World" type="Identity">A73B655731924CD0B027E4F4D5FCC0A9</execution_allowed_to>
  <method_code><![CDATA[//include functions from code tree
var includeScript = document.createElement('script');
includeScript.src = "../javascript/include.aspx?classes=Dependencies";
document.head.appendChild(includeScript);

var characteristicList;

window.initItemClassParamsGrid = function(gridElementId) {
    var arasRelease="Aras10";

	itemClassParamsGridInstance = new ItemClassParamsGrid(arasRelease);
    itemClassParamsGridInstance.loadHTML_DojoGridIntoElement(gridElementId);
};

window.initSearchResultsGrid = function(gridElementId) {
    var arasRelease="Aras10";

	searchResultsGrid = new SearchResultsGrid(arasRelease);
    searchResultsGrid.loadHTML_DojoGridIntoElement(gridElementId);
};

ItemClassParamsGrid = function ItemClassParamsGridFunc(arasRelease) {
    this.arasRelease = arasRelease;
    this.initialized = false;
};

ItemClassParamsGrid.prototype = new BaseGrid();

ItemClassParamsGrid.prototype.initialize = function ItemClassParamsGrid_Initialize() {
	var paramxml = '';
	paramxml += '<table font="' + "Microsoft Sans Serif-8" + '" ';
	paramxml += 'backgroundColor="white" sel_bgColor="steelbue" sel_TextColor="white" delim ="|" editable="true" ' +
	' draw_grid="true" multiselect="false" enableHtml="false" bgInvert="true" column_draggable="false" >';

	// column headings
	paramxml += '<thead>';
	paramxml += '<th>Characteristic Class</th>';
	paramxml += '<th>Name</th>';
	paramxml += '<th>Type</th>';
	paramxml += '<th>Unit</th>';
	paramxml += '<th>Value</th>';
	paramxml += '</thead>';

	this.colCharClass = 0;
	this.NameCol = 1;
	this.TypeCol = 2;
	this.UnitCol = 3;
	this.ValueCol = 4;
	
	paramxml += '<columns>';
	paramxml += '<column width="220" align="left" order="0" edit="noedit"> </column>';
	paramxml += '<column width="220" align="left" order="1" edit="noedit"> </column>';
	paramxml += '<column width="80" align="left" order="2" edit="noedit"> </column>';
	paramxml += '<column width="80" align="left" order="3" edit="noedit"> </column>';
	paramxml += '<column width="200" align="left" order="4" edit="noedit"> </column>';
	paramxml += '</columns>';

	paramxml += '<menu>';
	paramxml += '<emptytag/>';
	paramxml += '</menu>';
	paramxml += '</table>';

	this.grid.InitXML(paramxml);

    this.initialized = true;
};

ItemClassParamsGrid.prototype.UpdateCharacteristicList = function(itemClassId, isShowAllCharacteristics) {
	// returns number of characteristic rows added to grid
	// get characteristics by calling a server-side method
	var getUpToRoot = isShowAllCharacteristics ? "1" : "0";
	this.grid.RemoveAllRows();
	
	var amlCmd = new Item("Item Class Characteristic","ItemCharacteristicGetOfClassUp");
	//debugger;
	amlCmd.setAttribute("itemClassId", itemClassId);
	amlCmd.setAttribute("getUpToRoot", getUpToRoot);
	amlCmd = amlCmd.apply();
	
	var numOfCharsRows = amlCmd.getItemCount();
	if (numOfCharsRows <= 0) {return 0;}

	characteristicList = amlCmd;
	var parameterRows = "";
		
	for (i = 0; i < numOfCharsRows; i++) {
		
		parameterRows += characteristicList.getItemByIndex(i).getProperty("related_id") + "|";
		var labelVal = characteristicList.getItemByIndex(i).getPropertyItem("source_id").getProperty("label","");
		if (labelVal === "") {labelVal = characteristicList.getItemByIndex(i).getPropertyItem("source_id").getProperty("name","--");}
		parameterRows += labelVal + "|";
		labelVal = characteristicList.getItemByIndex(i).getPropertyItem("related_id").getProperty("label");
		if (labelVal === "") {labelVal = characteristicList.getItemByIndex(i).getPropertyItem("related_id").getProperty("name","--");}
		parameterRows += labelVal + "|";
		parameterRows += characteristicList.getItemByIndex(i).getPropertyItem("related_id").getProperty("characteristic_value_type") + "|";
		var unit = characteristicList.getItemByIndex(i).getPropertyItem("related_id").getProperty("value_unit_of_measure");
		if (unit === undefined) {
			parameterRows += ",";
		} else {
			parameterRows += unit + ",";
		}
	}
	// Remove last comma
	parameterRows = parameterRows.slice(0, parameterRows.length-1);
	// Update the characteristic parameters grid
	this.AddParameterRowsToGrid(parameterRows);

	for (i = 0; i < numOfCharsRows; i++) {
		
		var characteristicType = characteristicList.getItemByIndex(i).getPropertyItem("related_id").getProperty("characteristic_value_type");
		if (characteristicType == "List") {
			var characteristicId = characteristicList.getItemByIndex(i).getProperty("related_id");
			var q = top.aras.newIOMItem("","");
			q.LoadAML("<Item type='Item Characteristic List Value' action='get' select='value,label' ><source_id>" + characteristicId + "</source_id></Item>");
			var listValuesItems = q.apply();
			if (listValuesItems.isError()||listValuesItems.getItemCount()<1 ) {
				top.aras.AlertError("Allowed Values for '" + relItm.getProperty("keyed_name","") + "' not found.");
				return;
			}

			// Create arrays for the list values (ids) and labels (names)
			var nameArray = new Array(" ");
			var idArray = new Array(" ");
			for (var k=0; k<listValuesItems.getItemCount(); k++) {
			  idArray.push(listValuesItems.getItemByIndex(k).getProperty("value"));
			  nameArray.push(listValuesItems.getItemByIndex(k).getProperty("label","")); 
			}
				
			//## this.grid.cells(characteristicId, this.ValueCol).setEditType(2);
			//## this.grid.cells(characteristicId, this.ValueCol).setCombo(nameArray.join("|"), idArray.join("|"));
		}
	}
    return numOfCharsRows;
};

ItemClassParamsGrid.prototype.AddParameterRowsToGrid = function(paramList) {
	var params = paramList.split(",");
	
	for (i=0; i < params.length; i++) {
	    //first element in params is 32Char id - do not display it.
		var id = params[i].substring(0, params[i].indexOf("|"));
		var cellsVal = params[i].substring(params[i].indexOf("|")+1, params[i].length);
		this.grid.addRow(id, cellsVal, id);
		this.grid.cells(id, this.ValueCol).setBgColor("#E0FFFF");
	}
};

ItemClassParamsGrid.prototype.GetSearchParameters = function() {
	var rowCount = this.grid.getRowCount();
	if (rowCount <= 0) {alert('No search parameters set !');return 0;}
	var params = new Array();

	//var ids = this.grid.GetAllItemIds(",").split(",");
	for (q=0; q < rowCount; q++) {
		   //var rowId = ids[q];
		   var rowId = this.grid.getRowId(q);
			
			var type =  this.grid.cells(rowId, this.TypeCol).getValue();
			var unit =  this.grid.cells(rowId, this.UnitCol).getValue();
			var paramValue = this.grid.cells(rowId, this.ValueCol).getValue();
			
			// Validate parameter 
			//if (paramValue === "" || ContainsOnlyWildcardVals(paramValue) ) {
			if (paramValue === "") {
				// Parameter is not considered
			} else if ( ValidateSearchParam(rowId, type, paramValue) ) {
				params.push([rowId, paramValue, type, unit ]);
			} else {
				alert('Search parameter "' + this.grid.cells(rowId, this.NameCol).getValue() +'"'+ 'value is not valid');
				return 0;
			}
	}

	
	return params;
};

ItemClassParamsGrid.prototype.ClearSearchValues = function() {
	var rowCount = this.grid.getRowCount();
	if (rowCount <= 0) {return 0;}
	for (q=0; q < rowCount; q++) {
		   //var rowId = ids[q];
		   var rowId = this.grid.getRowId(q);
			
		   this.grid.cells(rowId, this.ValueCol).setValue("");
	}
};

ContainsOnlyWildcardVals = function(strParam) {
	for (paramCtr = 0;paramCtr < strParam.length; paramCtr++) {
		if (strParam[paramCtr] != "*") {
			return false;
		}
	}
	return true;
};

ValidateSearchParam = function(charId, type, value) {
	var result = top.aras.applyMethod("ValidateCharacteristicSrchParam", "<type>" + type + "</type><param>" + value.replace("<", "&gt;") + "</param>");
	if (result == "<Result>valid</Result>") {
		return true;
	} else {
		return false;
	}
};

SearchResultsGrid = function SearchResultsGridFunc(arasRelease) {
    this.arasRelease = arasRelease;
    this.initialized = false;

 this.icons = {};
	this.icons["locked"] = 					"../images/Icons/GridIcons/locked.gif";
	this.icons["locked_else"] = 			"../images/Icons/GridIcons/locked_else.gif";
	this.icons["item_chk0"] = 				"../images/Icons/GridIcons/item_chk0.gif";
	this.icons["item_chk1"] = 				"../images/Icons/GridIcons/item_chk1.gif";
	this.icons["newerItemGen"] = 			"../images/Icons/GridIcons/newerItemGen.gif";

	this.constants = {
		fileItemTypeName: 		"File"
	};
};

SearchResultsGrid.prototype = new BaseGrid();

SearchResultsGrid.prototype.initialize = function SearchResultsGrid_Initialize() {
  if (!this.columnHeadingsAndLayout) {return;}

  var xml = '';
	xml += '<table font="' + "Microsoft Sans Serif-8" + '" ';
	xml += 'backgroundColor="white" sel_bgColor="steelbue" sel_TextColor="white" delim ="|" editable="false" ' +
	' draw_grid="true" multiselect="false" enableHtml="false" bgInvert="true" column_draggable="false" >';

	xml += '<thead>';
	for(var columnIndex = 0; columnIndex < this.columnHeadingsAndLayout.length; columnIndex++) {
	  var colTitle;
	  if (this.columnHeadingsAndLayout[columnIndex].Title) {
	    colTitle = this.columnHeadingsAndLayout[columnIndex].Title;
	  }
	  else {
	    colTitle = this.getColumnLabelByName(this.columnHeadingsAndLayout[columnIndex].PropItemType, this.columnHeadingsAndLayout[columnIndex].PropName);
	  }
	  xml += ' <th align="c">' + colTitle + '</th>';
	}
	xml += '';
	xml += '</thead>';

	xml += '<columns>';
	for(columnIndex = 0; columnIndex < this.columnHeadingsAndLayout.length; columnIndex++) {
		xml += ' <column width="' + this.columnHeadingsAndLayout[columnIndex].Width + '" align="' + this.columnHeadingsAndLayout[columnIndex].Align + '" edit="' + 
				this.columnHeadingsAndLayout[columnIndex].EditType + '" order="' + columnIndex + '" colname="' + this.columnHeadingsAndLayout[columnIndex].Name + '" />';
	}	
	xml += '';
	xml += '</columns>';

	xml += '<menu>';
	xml += '<emptytag/>';
	xml += '</menu>';
	xml += '</table>';

	this.grid.InitXML(xml);
    this.initialized = true;
};

// ======= Draw Search grid contents =======
SearchResultsGrid.prototype.Draw = function SearchResultsGrid_Draw(itemType, itemIds, selectProperties) {
// itemIds = comma separated list of item ids
// selectProperties = comma separated list of property names

	this.grid.removeAllRows();
 	this.GridRowUserData = {};
	this.defaultMenu = this.initDefaultMenu();	
 
	//retrieve resulting Parts with relationship Part Characteristic Value
	var amlQuery = "<Item type='"+itemType+"' action='get' select='"+selectProperties+"' >";
	amlQuery += " <Relationships>";
	amlQuery += "   <Item type='Part Item Characteristic Value' action='get' select='id, display_value,item_characteristic_id,item_characteristic_value_type,item_characteristic_value_unit' >";
	amlQuery += "   </Item>";
	amlQuery += " </Relationships>";
	amlQuery += "</Item>";
	
	amlQueryItem = new Item("","");
	amlQueryItem.loadAML(amlQuery);
	  
	amlQueryItem.setAttribute("where","Part.config_id in (select Part.config_id from Part where Part.id in ("+itemIds+"))");
	  
	amlQueryItem = amlQueryItem.apply();
	
	for (partIndex = 0; partIndex < amlQueryItem.getItemCount(); partIndex++) {
		var currentPartItem = amlQueryItem.getItemByIndex(partIndex);

		resultItemId = currentPartItem.getProperty("id");
		var charValueItems = currentPartItem.getRelationships("Part Item Characteristic Value");

		// fill basic columns with data
		var data = {itemNode: currentPartItem, relationshipNode: null};
		var colHeadings = fn_getResultsGridTableColumnHeadingsAndLayout(); // of basic columns
		var row = new RowClass(this,data,colHeadings,fn_getResultsGridTableDataColumnDef());
		var newRowID = currentPartItem.getID();

		this.grid.addRow(newRowID, row.getValues(), newRowID);
		row.bind(newRowID,null,"Part",newRowID);

		// Add Part Item characteristic Value items to the search results grid	
		for (j=0; j < charValueItems.getItemCount(); j++) {
			var itemCharId = charValueItems.getItemByIndex(j).getProperty("item_characteristic_id");
			var displayValue = charValueItems.getItemByIndex(j).getProperty("display_value","");
			// add unit in () for Number values
			if (displayValue !== "")
			{
			 if (charValueItems.getItemByIndex(j).getProperty("item_characteristic_value_type","") === "Number")
			 {
			  var valUnit = charValueItems.getItemByIndex(j).getProperty("item_characteristic_value_unit","");
			  if (valUnit !== "" ) {displayValue += " (" +valUnit+ ")";}
			 }

			 // find the column of this characteristic
			 var colName = itemClassParamsGridInstance.grid.cells(itemCharId, itemClassParamsGridInstance.NameCol).getValue();
			 var colIndex = -1;
			 colHeadings = this.columnHeadingsAndLayout;
			 for (var h=0; h < colHeadings.length && colIndex < 0; h++){
			   if (colHeadings[h].Title === colName) {colIndex = colHeadings[h].Name;}
			 }
			 if (colIndex >= 0 ) {
			   this.grid.cells(resultItemId, colIndex).setValue(displayValue);
			 }
			}
		  }
	    
	    }
 
};

SearchResultsGrid.prototype.UpdateColumnInfo = function SearchResultsGrid_UpdateColumnInfo() {

  // define basic colums
  var columnHeadingsAndLayout = fn_getResultsGridTableColumnHeadingsAndLayout();
  var columnDataList = fn_getResultsGridTableDataColumnDef();
  var baseColsCount = columnHeadingsAndLayout.length;
  var colWidth,colAlign,colName,colId;

    // traverse characteristic list - to add variable columns
	for (var i = 0; i < characteristicList.getItemCount(); i++) {
		colName = characteristicList.getItemByIndex(i).getPropertyItem("related_id").getProperty("label","");
		colId = characteristicList.getItemByIndex(i).getPropertyItem("related_id").getProperty("name","");
		if (colName === "") {colName = characteristicList.getItemByIndex(i).getPropertyItem("related_id").getProperty("name","");}
		var charType = characteristicList.getItemByIndex(i).getPropertyItem("related_id").getProperty("characteristic_value_type");
		
		// Add column
		colName = fn_trimString(colName);
		
		switch(charType)
		{
		  case "Text":
		   colWidth = "200";
		   colAlign = "l";
		   break;

		  case "Number":
		   colWidth = "100";
		   colAlign = "r";
		   break;

		  default:
		   colWidth = "100";
		   colAlign = "c";
		   break;
		}
		var idx = baseColsCount + i;
        columnHeadingsAndLayout[idx] = {Name: idx, Title: colName, Width: colWidth, Align: colAlign, EditType: "noedit"};
	}

	this.columnHeadingsAndLayout = columnHeadingsAndLayout;
	this.columnDataList = columnDataList;

	// Update column header information
	this.initialize();
};

SearchResultsGrid.prototype.getGridRowUserData = function SearchResultsGrid_getGridRowUserData(rowId, dataName) {
  if (!rowId || rowId === "") {return;}
  var retValue = "";
  switch(dataName)
  {
    case "gridData_rowItemType":
	  return this.GridRowUserData[rowId].itemType;
	  
    case "gridData_rowItemID":
    case "gridData_rowItemId":
	  return this.GridRowUserData[rowId].itemId;
  }
};
//-----------  BEGIN Grid's custom grid handlers
SearchResultsGrid.prototype.onGridMenuClick = function SearchResultsGrid_onGridMenuClick(menuChoice) {
  var menuItem = this.defaultMenu[parseInt(menuChoice, 10)];
  
  // call additional menu action handler
  fn_onResultsGridMenuClickAction(this,menuItem.name);
};

SearchResultsGrid.prototype.onGridClick = function SearchResultsGrid_onGridClick(eArg) {
	if (!this.initialized) {return;}
};

SearchResultsGrid.prototype.onGridDoubleClick = function SearchResultsGrid_onGridDoubleClick(eArg) {
  var rowId = eArg.rowId;

  var rowItemType = this.getGridRowUserData(rowId,"gridData_rowItemType");
  var rowItemId = this.getGridRowUserData(rowId,"gridData_rowItemID");
  eArg = {selectedId: rowId, rowItemType: rowItemType, rowItemId: rowItemId};

  fn_onOpenRowItem(this, eArg);
};

SearchResultsGrid.prototype.onGridLinkClick = function SearchResultsGrid_onGridLinkClick(eArg) {
    var data = eArg.linkData.replace(/'/g,"");
    var linkInfo = data.split(",");
    var rowId = linkInfo[2];
	if (linkInfo[1] === "{OpenRowItem}") {  
	  eArg = {selectedId: rowId, rowItemType: this.getGridRowUserData(rowId,"gridData_rowItemType"), rowItemId: this.getGridRowUserData(rowId,"gridData_rowItemId")};
	  fn_onOpenRowItem(this, eArg);
	}
	
	 //assumes only 1 link per row that links to the row's data item
  //  this.clickedGridLinkValue = strLink; 
};

SearchResultsGrid.prototype.onGridMenuInit = function SearchResultsGrid_onGridMenuInit(eArg) {
	//reset menu items, enable all
	for (var i = 0; i < this.defaultMenu.length; i++) {
		if (!this.defaultMenu[i].separator) {
			eArg.menuItems.push({
				label: this.defaultMenu[i].label,
				enabled: true,
				handler: this.defaultMenu[i].handler
			});
		} else {
			eArg.menuItems.push(this.defaultMenu[i]);
		}
	}
	return true;
};

SearchResultsGrid.prototype.initDefaultMenu = function SearchResultsGrid_initDefaultMenu() {
	var defaultMenu = [];
//	defaultMenu.push({separator: true });

    defaultMenu.push({name: "view_item", label: "View Item"});
    defaultMenu.push({name: "where_used", label: "Where Used"});
	
	return defaultMenu;
};

//------ BEGIN: local action handlers for menu or toolbar clicks
fn_onResultsGridMenuClickAction = function (gridCtxt, actionId) {
   var selectedId = gridCtxt.grid.getSelectedId(); //selected grid row
   var rowItemType = gridCtxt.getGridRowUserData(selectedId,"gridData_rowItemType");
   var rowItemId = gridCtxt.getGridRowUserData(selectedId,"gridData_rowItemID");
   
   //var checkMsg = fn_ValidateActionRequest(gridCtxt, actionId, rowItemType, selectedId);
   //if (checkMsg !== "") {top.aras.AlertError(checkMsg);return;}

   var eArg = {selectedId: selectedId, rowItemType: rowItemType, rowItemId: rowItemId};

	switch(actionId)
	{
	  case "view_item":
	     fn_onOpenRowItem(gridCtxt, eArg);
	  	 break;
	  case "where_used":
	     Dependencies.View(rowItemType, rowItemId, true); // true = where used
	  	 break;
	 }
};
//-----------------
fn_onOpenRowItem = function (gridCtxt, eArg, checkForItemType) {
  var itemId = eArg.rowItemId;
  var itemType = eArg.rowItemType;
  if (itemId === "") {return;}

  if (top.aras.uiFindWindowEx(itemId)){return;}
  top.aras.uiShowItem(itemType, itemId);
};

//-----------  END Grid's custom grid handlers

fn_GetLastElementOfClassPath = function(classPath) {
  var lastElement = classPath;
  var lastPos = lastElement.indexOf("/");
  if (lastPos === 0) { lastElement = lastElement.substring(lastPos+1,lastElement.length);}
  lastPos = lastElement.lastIndexOf("/");
  if (lastPos >= 0) {return lastElement.substring(lastPos+1,lastElement.length);}
  else {return classPath;}
};

// remove multiple, leading or trailing spaces 
fn_trimString = function(s)
{
  s = s.replace(/(^\s*)|(\s*$)/gi,"");
  s = s.replace(/[ ]{2,}/gi," ");
  s = s.replace(/\n /,"\n");
  return s;
};


// =======  Definition of grid header and columns layout =======
fn_getResultsGridTableColumnHeadingsAndLayout = function () {
  // PARAMETERS ARE:
	// Name: name of column, must be the same in all column definitions !!!
	// Title: if Title = undefined,  PropItemType and PropName must be set
	// PropItemType:
  	// PropName:
	// Width: in pixel
	// Align: l,r,c
	// EditType: noedit=disables edit on entire column, FIELD=text input, COMBO=drop down list
	// FilterEdit: same values as EditType. controls if cell in input_row can be edited

	// display order of columns left to right in order listed !!!
	var columnList = [
	{Name: "NUMBER",		PropItemType: "Part",PropName: "item_number",	Width: "200",	Align: "l",	EditType: "noedit",FilterEdit: "FIELD"},
	{Name: "REV", 			PropItemType: "Part",PropName: "major_rev",		Width: "40",	Align: "c",	EditType: "noedit"},
	{Name: "GEN",			PropItemType: "Part",PropName: "generation",	Width: "40",	Align: "c",	EditType: "noedit"},
	{Name: "STATE", 		PropItemType: "Part",PropName: "state",			Width: "80",	Align: "c",	EditType: "noedit"},
	{Name: "ITEM_CLASS",	PropItemType: "Part",PropName: "item_class_id",	Width: "150",	Align: "l",	EditType: "noedit"}
	];
	
	return columnList;
};

fn_getResultsGridTableDataColumnDef = function () {
  // COLUMN VALUE PARAMETERS ARE:
	// Class: optional - if missing "DefaultCellClass" will be used. Listed class can overwrite default cell functions,like UI formatting,if used.
	// PropItemType: optional
	// PropName: required, if Class is missing.
	// isRelProp: set to "false", if property value can be retrieved from item; set to "true", if property value can be retrieved from relationship  (if missing, it is set to "false")
	// CellBg: optional - set to a valid color value (i.e. "#ff0000") - if set to keyword "{propCSS}", the background color set in property's CSS will be used.
	// CellStaticValue: optional - if set to a text, it this text will be displayed instead of the property's value 
	// CellLinkKey: optional, CellLinkItemType must be set. 	if set to keyword {OpenRowItem}, the registered type and id of the row will be opened.
    //															if set to keyword {FilesOfRelatedItem}, the files attached to rowItem (i.e. Document will be shown (more rules TBD)
	// isEditable: optional (default= false), set to "true" to allow edits (grid must be set to editable, as well)

    // Index must match a columnName of HeadingsAndLayout !!! 
	var columnList = [];
	columnList["NUMBER"] =		{PropItemType: "Part",		PropName: "item_number+name",	CellLinkKey:"{OpenRowItem}"};
	columnList["REV"] =			{PropItemType: "Part",		PropName: "major_rev"};
	columnList["GEN"] =			{PropItemType: "Part",		PropName: "generation"};
	columnList["STATE"] =		{PropItemType: "Part",		PropName: "state",			CellBg: "{propCSS}"};
	columnList["ITEM_CLASS"] =	{PropItemType: "Part",		PropName: "item_class_id",	CellValueType: "keyed_name"};

	return columnList;
};
]]></method_code>
  <method_type>JavaScript</method_type>
  <name>Classification Search Grids</name>
 </Item>
</AML>