﻿<AML>
 <Item type="Method" id="F58E230660BF4275B681364B8D186757" action="add">
  <execution_allowed_to keyed_name="World" type="Identity">A73B655731924CD0B027E4F4D5FCC0A9</execution_allowed_to>
  <method_code><![CDATA[// Notes
// -----
//	CurrentItemClass, resultsGrid, parametersGrid, searchBtn should be defined
//	in the main window


// Global Variables
// ================
var itemClassId = null;
var isOptionMatchClass = false;
var isShowAllCharacteristics = false;
var parametersList;
var statusMsgsId = null;

window.selectItemClass = function() {
  if (statusMsgsId) {top.aras.clearStatusMessage(statusMsgsId);}

  var dialogName = "ItemClassTreeDialog";
	var q = new Item("Form", "get");
	q.setAttribute("select", "id");
	q.setProperty("name", dialogName);
	r = q.apply();

	q = new Item("Variable", "get");
	q.setProperty("name","Part Item Class Hierarchy");
	q = q.apply();
	var topClassName=q.getProperty("value","");

	q = new Item("Item Class", "get");
	q.setProperty("name", topClassName); // read from system variable
	q.setAttribute("select", "id,name");
	var argsItem = q.apply();

	var param = new Object();
	param.title  = "Select Item Class"; // to be shown in the blue bar at top of window
	param.formId = r.getItemByIndex(0).getID(); // the id of the Form to be used
	param.item = argsItem;
	param.aras = top.aras; // the aras object
	param.structRelType = "Item Class Hierarchy";
	// get the value returned by ShowFormAsDialog.html
	// from a modal dialog, setting window attributes
	var res = showModalDialog("ShowFormAsADialog.html", param, "status:0;help:0;resizable:1;scroll:0;dialogHeight:350px;dialogWidth:750px;");

	if (res !== undefined) {		
		itemClassId = res;

		var selectedItemClass = new Item("Item Class","get");
		selectedItemClass.setProperty("id", itemClassId);
		selectedItemClass = selectedItemClass.apply();
		
		if (selectedItemClass.getItemCount() > 0) {
	        //write class name to field on form
			var className = selectedItemClass.getProperty("label","");
			if (className === "") {className = selectedItemClass.getProperty("name","");}
            document.getElementsByName("currClass")[0].getElementsByTagName("input")[0].value=className;
			
			// Update characteristicList
			itemClassParamsGridInstance.UpdateCharacteristicList(itemClassId,isShowAllCharacteristics);
		}
	}
};

window.RunSearch = function() {
	if (statusMsgsId) {top.aras.clearStatusMessage(statusMsgsId);}
	if (itemClassId === "" || itemClassId === null) {
		alert("Select an item class");
		return;
	}
    statusMsgsId = top.aras.showStatusMessage("page_status", "Search in Progress...");
    var resCount = ApplySearch();
	if (statusMsgsId) {top.aras.clearStatusMessage(statusMsgsId);}
	if (resCount <=0)
	{
	  if (statusMsgsId) {top.aras.clearStatusMessage(statusMsgsId);}
	  statusMsgsId = top.aras.showStatusMessage("page_status", "0 items found !");
	}
};

window.ClearSearch = function() {
  // preset fields
  if (statusMsgsId) {top.aras.clearStatusMessage(statusMsgsId);}
  isOptionMatchClass = false;

  itemClassParamsGridInstance.ClearSearchValues();
  searchResultsGrid.UpdateColumnInfo();
};

window.ShowAllCharacteristicsChange = function() {
  if (statusMsgsId) {top.aras.clearStatusMessage(statusMsgsId);}
  if (!itemClassId) {return;}
  
  //read checkbox value
  isShowAllCharacteristics=document.getElementsByName("isShowAllCharacteristics")[0].getElementsByTagName("input")[0].checked;
  if (itemClassParamsGridInstance.UpdateCharacteristicList(itemClassId,isShowAllCharacteristics) > 0)
	{searchResultsGrid.UpdateColumnInfo();} 
};

ApplySearch = function() {
    searchResultsGrid.UpdateColumnInfo();
    var searchResult = new Array();
	var resultItemId;
	var parametersList = itemClassParamsGridInstance.GetSearchParameters();

	//read checkbox value of OptionMatchClass
    isOptionMatchClass=document.getElementsByName("isOptionMatchClass")[0].getElementsByTagName("input")[0].checked;
	
	if (parametersList.length !== 0) {
		var amlQuery = '<Item type="Part Item Characteristic Value" action="get" select="source_id(keyed_name),id,sort_order,item_characteristic_id,display_value,item_characteristic_value_type,item_characteristic_value_unit">';

		// Construct the query with conditions from parameters grid
		
		if (isOptionMatchClass === true)
		{
		  // set condition that source item (part) has same item_class_id as selected
		  amlQuery += "<source_id><Item type='Part' action='get' select='id'>";
		  amlQuery += "<item_class_id>"+itemClassId+"</item_class_id>";	
		  amlQuery += "</Item></source_id>";		
		}
		
		// Verify that characteristic value corresponds to a Part with the selected item class id
		amlQuery += "<or>";
		for (paramIndex = 0; paramIndex < parametersList.length; paramIndex++) {
			var characteristicId = parametersList[paramIndex][0];
			var type = parametersList[paramIndex][2];
			var paramTextVal;
			amlQuery += "<and>";
			amlQuery += "<item_characteristic_id>" + characteristicId + "</item_characteristic_id>";

			switch (type) {
				case "Number":
					var isRange = true;
					var isCondition = false;
					// strip all spaces and split range values, if range char '-' exists
					paramTextVal = parametersList[paramIndex][1].replace(/ /g,"");
					if (!ContainsOnlyWildcardVals(paramTextVal)) {
					  var rangeValues = paramTextVal.split("-");
					
					  if (rangeValues.length == 1) {
					    var cond = "";
					    var pos = -1;
					    if (rangeValues[0].indexOf("<=") === 0) {cond = "le";pos=2;}
					    if (rangeValues[0].indexOf(">=") === 0) {cond = "ge";pos=2;}
					    if (cond === "" && rangeValues[0].indexOf("<") === 0) {cond = "lt";pos=1;}
					    if (cond === "" && rangeValues[0].indexOf(">") === 0) {cond = "gt";pos=1;}
					
						amlQuery += '<min_value condition="'+cond+'">' + rangeValues[0].substring(pos) + '</min_value>';
						
						isRange = false;
						isCondition = true;
					  } 
					
					  if (isRange) {
						amlQuery += '<or>';
						amlQuery += '<and>';
						amlQuery += '<min_value condition="ge">' + rangeValues[0] + '</min_value>';
						amlQuery += '<max_value condition="le">' + rangeValues[1] + '</max_value>';
						amlQuery += '</and>';
						amlQuery += '<and>';
						amlQuery += '<min_value condition="between">' + rangeValues[0] + ' and ' + rangeValues[1] +'</min_value>';
						amlQuery += '<max_value condition="is">null</max_value>';
						amlQuery += '</and>';
						amlQuery += '</or>';
					  } else if (!isCondition) {
						amlQuery += '<min_value condition="eq">' + rangeValues[0] + '</min_value>';
					  }
					}
					break;
				case "Text":
					paramTextVal = parametersList[paramIndex][1].replace(/\*/g,"%"); // use only '%' for wildcard
					paramTextVal = paramTextVal;
					amlQuery += '<display_value condition="like">' + paramTextVal + '</display_value>';
				    break;
				case "List":
					paramTextVal = parametersList[paramIndex][1];
					if (!ContainsOnlyWildcardVals(paramTextVal)) {
					  paramTextVal = parametersList[paramIndex][1];
					  amlQuery += '<display_value condition="like">' + paramTextVal + '</display_value>';
					}
					break;
			}
			
			amlQuery += '</and>';
		}		
		
		// Close query tags
		amlQuery += '</or></Item>';
		
		amlQueryItem = new Item("","");
		amlQueryItem.loadAML(amlQuery);
		var resultingPartCharacteristics = amlQueryItem.apply();
		
		// Count the number of characteristic values found per part item
	    var sepChar = "";
		foundResultItemIds = "";
		for (queryIndex=0; queryIndex < resultingPartCharacteristics.getItemCount(); queryIndex++) {
	      resultItemId = resultingPartCharacteristics.getItemByIndex(queryIndex).getProperty("source_id");
          if (foundResultItemIds.indexOf(resultItemId) >=0) {
          	searchResult[resultItemId] += 1;
          }
          else {
          	searchResult[resultItemId] = 1; // init counter
            foundResultItemIds += sepChar+"'"+resultItemId+"'";
            sepChar = ",";
          }
		}
	    sepChar = "";
		foundResultItemIds = "";
        for (resultItemId in searchResult) {
          // search result post conditions
          // 'and' condition of given parameter values: number of characteristic values on part must match number of parameter values  
          // 'or' condition of given parameter values: number of characteristic values on part must > 0
		  // if (searchResult[resultItemId] > 0) {  //### --> improvement idea: allow 'or' and 'and' logic - input on search form
		  if (searchResult[resultItemId] == parametersList.length) {
	        foundResultItemIds += sepChar+"'"+resultItemId+"'";
	        sepChar = ",";
	      }
	    }

	} else {
		foundResultItemIds = "";
	}

	if (foundResultItemIds !== "") {
	
	  searchResultsGrid.Draw("Part",foundResultItemIds,"item_number,name,state,major_rev,generation,item_class_path,item_class_path_label,item_class_id(keyed_name)");
	  return foundResultItemIds.split(",").length;	
    }
    return 0;
};
]]></method_code>
  <method_type>JavaScript</method_type>
  <name>Classification Search Funcs</name>
 </Item>
</AML>