﻿<AML>
 <Item type="Method" id="BE3CD6583766432E92004650F1B05992" action="add">
  <execution_allowed_to keyed_name="World" type="Identity">A73B655731924CD0B027E4F4D5FCC0A9</execution_allowed_to>
  <method_code><![CDATA[myCCO = CCO;
    return Main();
}

private Aras.Server.Core.CallContext myCCO;

private Item mergeCharacteristic(IDictionary<string, Item> dict, Item characteristic, Item part, string sortOrder, string classId) 
{
	Item characteristicValue = null;
	if (dict.ContainsKey(characteristic.getID())) 
	{ // update
		characteristicValue = dict[characteristic.getID()];
		characteristicValue.setAction("update");
	} 
	else 
	{ // add
		characteristicValue = this.newItem("Part Item Characteristic Value", "add");
	}

	// Common values - update and add actions
	characteristicValue.setProperty("sort_order", sortOrder);
	characteristicValue.setProperty("item_characteristic_class_id", classId);
	
	// Set default value for all possible value types
	if (characteristic.getProperty("characteristic_value_type")=="Number")
	{
		characteristicValue.setProperty("min_value", characteristic.getProperty("default_min_value"));
		characteristicValue.setProperty("max_value", characteristic.getProperty("default_max_value"));
	}
	else 
		if (characteristic.getProperty("characteristic_value_type")=="Text")
		{
			characteristicValue.setProperty("text_value", characteristic.getProperty("default_text_value"));
			characteristicValue.setProperty("display_value", characteristic.getProperty("default_text_value"));
		}

	if (characteristicValue.getAction() == "add") 
	{
		characteristicValue.setProperty("source_id", part.getID());
		characteristicValue.setProperty("item_characteristic_id", characteristic.getID());
	} 
	
	Item result = characteristicValue.apply();
	
	if (result.isError()) 
	{
		return result;
	}

	return this.getInnovator().newResult("Merge OK");
} 

public Item Main()
{
//System.Diagnostics.Debugger.Break();
string itemClassId = this.getProperty("item_class_id");
Dictionary<string, Item> currentCharacValuesDic = new Dictionary<string, Item>();

// Get current Characteristic values from Part instance
Item currentCharacValues = this.newItem("Part Item Characteristic Value","get");
currentCharacValues.setProperty("source_id", this.getID());
currentCharacValues = currentCharacValues.apply();

if (!currentCharacValues.isEmpty()) 
{
	for (int i = 0; i<currentCharacValues.getItemCount(); i++)
	{
		// By default old characteristic values are deleted
		currentCharacValues.getItemByIndex(i).setAction("delete");
		// Keep old characteristic values in a dictionary
		currentCharacValuesDic.Add(currentCharacValues.getItemByIndex(i).getProperty("item_characteristic_id"),currentCharacValues.getItemByIndex(i));
	}
}

// Get Characteristics from direct related Class
Item relationships = this.newItem("Item Class Characteristic", "get");
Item characteristic = this.newItem("Item Characteristic","get");
characteristic.setAttribute("select","default_min_value,default_max_value,default_text_value, display_value, characteristic_value_type");
relationships.setProperty("source_id", itemClassId);
relationships.setRelatedItem(characteristic);
relationships = relationships.apply();

if (relationships.getItemCount() > 0) 
{
	//System.Diagnostics.Debugger.Break();
	for (int i = 0; i < relationships.getItemCount(); i++)
	{
		characteristic = relationships.getItemByIndex(i).getRelatedItem();
		Item result = mergeCharacteristic(currentCharacValuesDic, characteristic, this, relationships.getItemByIndex(i).getProperty("sort_order"), relationships.getItemByIndex(i).getProperty("source_id"));
	}
}

Item parentRelationship = this.newItem("Item Class Hierarchy","get");
parentRelationship.setProperty("related_id", itemClassId);
parentRelationship = parentRelationship.apply();

if (parentRelationship.getItemCount() > 1) 
{
	return this.getInnovator().newError("More than one parent in hierarchy relationship");
}

string parentId = "";
bool hasParent = false;

if ( parentRelationship.getItemCount() == 1) 
{
	parentId = parentRelationship.getProperty("source_id");
	hasParent = true;
}

while (hasParent) 
{
	// Get Characteristics
	Item characteristicRels = this.newItem("Item Class Characteristic", "get");
	Item characteristicList = this.newItem("Item Characteristic","get");
	characteristicRels.setProperty("source_id", parentId);
	characteristicRels.setRelatedItem(characteristicList);
	characteristicRels = characteristicRels.apply();

	// add characteristic values
	for (int i = 0; i < characteristicRels.getItemCount(); i++)
	{
		characteristic = characteristicRels.getItemByIndex(i).getRelatedItem();
		Item result = mergeCharacteristic(currentCharacValuesDic, characteristic, this, characteristicRels.getItemByIndex(i).getProperty("sort_order"),characteristicRels.getItemByIndex(i).getProperty("source_id"));
	}	

	// Check if parent has parent
	parentRelationship = this.newItem("Item Class Hierarchy","get");
	parentRelationship.setProperty("related_id", parentId);
	parentRelationship = parentRelationship.apply();

	if (parentRelationship.getItemCount() == 0) 
	{
		hasParent = false;
	}
	else
		if (parentRelationship.getItemCount() == 1) 
		{
			parentId = parentRelationship.getProperty("source_id");
		} 
		else 
		{
			return this.getInnovator().newError("More than one parent in hierarchy relationship");
		}
}

	// apply updates to old existing characteristic values
	if (!currentCharacValues.isEmpty()) 
	{
		for (int i = 0; i < currentCharacValues.getItemCount(); i++) 
		{
			currentCharacValues.getItemByIndex(i).apply();
		}
	}

	var res = this.newItem("Part Item Characteristic Value","get");
	res.setProperty("source_id", this.getID());
	return res.apply();]]></method_code>
  <method_type>C#</method_type>
  <name>ItemCharacteristicAddToPart</name>
 </Item>
</AML>