﻿<AML>
 <Item type="Method" id="AE7BB7679D1C4D5B9C6E4DD72311A1D6" action="add">
  <execution_allowed_to keyed_name="World" type="Identity">A73B655731924CD0B027E4F4D5FCC0A9</execution_allowed_to>
  <method_code><![CDATA[//*/ Client side Method: treeGrid1 misc. function
// 
// load with --> onLoad Event on Form: "Item Folder_PurchaseGrid"
// works together with 'Base TreeGrid' - must be loaded first

// global variable "treeGridInstance"   must be declared in grid's html field on the form !!!
// global variable "innovator"  must be declared in grid's html field on the form !!!
// global variable "I18Ncntx"   must be declared in grid's html field on the form !!!

var isStartedFromTab = (top.relationships && typeof(top.relationships) !== undefined);

window.initTreeGrid = function() {
    // assumes html field on form with id="arasRelease" is defined
    var el = document.getElementById("arasRelease"); 
    var arasRelease = "";
    if (el) {arasRelease = el.innerHTML;}
	
	treeGridInstance = new ItemClassStructureTreeGrid(arasRelease);
	if (arasRelease === "Aras9") {
	  treeGridInstance.loadGridDefinitionHTML("treeGrid1","toolbar1","treeGridInstance");  //3rd arg must be name of global variable !!!
	}
	else {
	  treeGridInstance.loadDojoGridDefinitionHTML();
	}
};

ItemClassStructureTreeGrid = function ItemClassStructureTreeGridFunc(arasRelease) {
    this.arasRelease = arasRelease;
    this.initialized = false;

	var thisItem = document.thisItem;
 
  
  if (typeof(thisItem) === undefined || thisItem === "") {
	return;
  }
  	
    this.topClassItemId = undefined;
    this.topClassItem = null;
	this.inputRowTdVals = null;

	if (isStartedFromTab) 
	{
		this.rootItem = document.thisItem; //context if started from tab
		this.rootItemType = document.thisItem.GetType();
		thisItem = document.thisItem;
		this.StructRelType = "Item Class Hierarchy";
	}
	else
	{ // Item must be passed as a parameter
		var param = top.dialogArguments;
		this.rootItem = param.item;
		this.rootItemType = this.rootItem.GetType();
		document.thisItem = this.rootItem;
		this.StructRelType = param.structRelType;
	}

	if (typeof(thisItem) === undefined || thisItem === "") {
		return;
	}
    this.topClassItem = this.rootItem;
    this.topClassItemId = document.thisItem.getAttribute("id","");
  	
    this.hasInputRow = false;
    this.IsExpandOnStart = false;
	this.numberOfGridColumns=-1; //init
	this.lockIconColumnNo = 2; // TODO ## detect index of column Name "LOCK" 

	this.constants = {
		itemClassHierarchyRelName: 		"Item Class Hierarchy"
	};

	this.icons = {};
	this.iconsOpen = {};

	this.icons["Item Class"] = 				fn_GetSmallIconFormatOfItemType("Item Class");
	this.iconsOpen["Item Class"] = 		this.icons["Item Class"];

    this.icons["File"] = 					"../images/icons/GridIcons/has_files.gif";
	this.icons["is_shared"] = 				"../images/icons/GridIcons/is_shared.gif";
	this.icons["locked"] = 					"../images/Icons/GridIcons/locked.gif";
	this.icons["locked_else"] = 			"../images/Icons/GridIcons/locked_else.gif";
	this.icons["item_chk0"] = 				"../images/Icons/GridIcons/item_chk0.gif";
	this.icons["item_chk1"] = 				"../images/Icons/GridIcons/item_chk1.gif";
	
};

ItemClassStructureTreeGrid.prototype = new BaseTreeGrid();

ItemClassStructureTreeGrid.prototype.isEditable = function ItemClassStructureTreeGrid_isEditable() {
    //conditions when grid should be editable
	var node = document.thisItem.node;
	return top.aras.isLockedByUser(node);
//	return top.aras.isTempEx(node) || ((!state || state === "Preliminary" || state === "In Work") && top.aras.isLockedByUser(node));
};

ItemClassStructureTreeGrid.prototype.onBeforeInitialize = function ItemClassStructureTreeGrid_onBeforeInitialize() {
	
};

ItemClassStructureTreeGrid.prototype.initialize = function ItemClassStructureTreeGrid_Initialize() {
    this.currentUserIsOwner = fn_IsCurrUserMemberOfIdentityId(this.rootItem.getProperty("owned_by_id",""));	
	this.onBeforeInitialize();
	
    this.toolbarXmlUrl = top.aras.getI18NXMLResource("MultiLevelBomToolbar.xml", "../Solutions/PLM/");

	this.toolbar.loadXml(this.toolbarXmlUrl);
	this.toolbar.show();

//debugger;
 
    //register column layouts of different row types
	this.columnHeadingsAndLayout = fn_getGridTableColumnHeadingsAndLayout(true);
	this.numberOfGridColumns = this.columnHeadingsAndLayout.length;
	this.itemClassColumnList = fn_getGridTableColumnDefOfItemClassRows();

	this.itemClassSelectProperties = "name,locked_by_id,item_class_path";
	this.itemClassHierarchySelectProperties = "sort_order";
	
	//Build empty grid XML
	var xml = '' +
	'<table font="Microsoft Sans Serif-8" backgroundColor="white" sel_bgColor="steelbue" sel_TextColor="white" delim ="|" editable="true" ' +
	' draw_grid="true" multiselect="false" enableHtml="false" enterAsTab="false" bgInvert="true" expandroot="true" expandall="false" treelines="1" column_draggable="false" >' +
	' <thead>';
	for(var columnIndex = 0; columnIndex < this.columnHeadingsAndLayout.length; columnIndex++) {
	  var colTitle;
	  if (this.columnHeadingsAndLayout[columnIndex].Title) {
	    colTitle = this.columnHeadingsAndLayout[columnIndex].Title;
	  }
	  else {
	    colTitle = this.getColumnLabelByName(this.columnHeadingsAndLayout[columnIndex].PropItemType, this.columnHeadingsAndLayout[columnIndex].PropName);
	  }
	  xml += ' <th align="c">' + colTitle + '</th>';
	}
	xml += '' +
	' </thead>' +
	' <columns>';	
	for(columnIndex = 0; columnIndex < this.columnHeadingsAndLayout.length; columnIndex++) {
		xml += ' <column width="' + this.columnHeadingsAndLayout[columnIndex].Width + '" align="' + this.columnHeadingsAndLayout[columnIndex].Align + '" edit="' + 
				this.columnHeadingsAndLayout[columnIndex].EditType + '" order="' + columnIndex + '" colname="' + this.columnHeadingsAndLayout[columnIndex].Name + '" />';
	}	
	xml += '' +
	' </columns>' +
	'<menu><emptytag/></menu>';

	if (this.hasInputRow) {
      xml += '<inputrow>';
	  for(columnIndex = 0; columnIndex < this.columnHeadingsAndLayout.length; columnIndex++) {
		xml += '  <td edit="FIELD" bgColor="#BDDEF7"/>';
	  }
      xml += '</inputrow>';
	}

	xml += '</table>';
	this.gridEmptyTable_xml = xml;
	this.gridFullContent_xml = undefined;

	this.initialized = true;

	if (this.arasRelease === "Aras9") {
 	  this.grid.clear();
	  this.grid.InitXml(xml);
	}
	else {
	  this.grid.InitXml(xml);
	}

	// now load data into grid	
	this.gridRefresh(true); 
};

//==== helper function to wrap missing old grid method
ItemClassStructureTreeGrid.prototype.gridRowExists = function ItemClassStructureTreeGrid_gridRowExists(rowId) {
  if (this.arasRelease === "Aras9") {
    return this.grid.isItemExists(rowId);
  }
  else {
    var idx = this.grid.getRowIndex(rowId);
	return (idx >= 0);
  }
};

ItemClassStructureTreeGrid.prototype.gridSetCellValue = function ItemClassStructureTreeGrid_gridSetCellValue(rowId,col,value) {
  if (this.arasRelease === "Aras9") {
	  this.grid.setCellValue(rowId,col,value);
  }
  else {
	  var cell = this.grid.cells(rowId, col);
	  this.grid.cells(rowId, col).setValue(value);
  }
};
//--- Rola added
ItemClassStructureTreeGrid.prototype.getGridRowUserData = function ItemClassStructureTreeGrid_getGridRowUserData(rowId, dataName) {
  if (!rowId || rowId === "") {return;}
  var retValue = "";
  switch(dataName)
  {
    case "gridData_rowItemType":
	  return this.GridRowUserData[rowId].itemType;
	  
    case "gridData_rowItemID":
    case "gridData_rowItemId":
	  return this.GridRowUserData[rowId].itemId;
  }
};
//--- Rola added
ItemClassStructureTreeGrid.prototype.setGridRowUserData = function ItemClassStructureTreeGrid_setGridRowUserData(rowId, dataName, dataValue) {
  if (!rowId || rowId === "") {return;}
  switch(dataName)
  {
  case "gridData_rowItemType":
  	this.GridRowUserData[rowId] = {
	  itemType: dataValue
	};
    break;
  case "gridData_rowItemId":
  	this.GridRowUserData[rowId] = {
	  itemId: dataValue
	};
    break;
  }
};

// ======= Custom functions to get and populate grid with data =======
ItemClassStructureTreeGrid.prototype.GetFullItemClassHierarchy = function ItemClassStructureTreeGrid_GetDataSource(topItemId) {
var aml = '<Item type="Item Class" action="GetItemRepeatConfig" select="id,config_id,generation,';
  aml += this.itemClassSelectProperties + '" id="'; aml+= topItemId + '">' +
' <Relationships>' +
'  <Item type="Item Class Hierarchy" repeatProp="related_id" repeatTimes="0" select="';
       aml += this.itemClassHierarchySelectProperties + ',related_id" orderBy="sort_order" >' +
'   <related_id>' +
'    <Item type="Item Class" action="get" select="id,config_id,generation,';
       aml += this.itemClassSelectProperties + '" >';
aml+='</Item>' +
'   </related_id>' +
'  </Item>' +
'  </Relationships>' +
'</Item>';

  var resItem = top.aras.newIOMItem("","");
  resItem.loadAML(aml);
  resItem = resItem.apply();
  return resItem;
};

// ======= Draw grid contents =======
ItemClassStructureTreeGrid.prototype.Draw = function ItemClassStructureTreeGrid_Draw(forceGetRelationships) {
	this.grid.removeAllRows();
    this.hasInputRow = false;
	if (this.topClassItemId === "") {return;} //no root folder specified - do nothing

	if (this.hasInputRow) {this.grid.showInputRow(true);}
	
	this.GridRowUserData = {};
	this.defaultMenu = this.initDefaultMenu();	

	fn_enableToolbarControls(this.toolbar, false);

//debugger;	
	
    this.fullItemClassHierarchyAML = this.GetFullItemClassHierarchy(this.topClassItemId);
	
	if (this.fullItemClassHierarchyAML.getItemCount() === 0) {return;} // do nothing 

	var rootClassItem = this.fullItemClassHierarchyAML.getItemByIndex(0);
	var rowID = this.DrawItemClassRow(rootClassItem, null, null, null);

//debugger;	
	var parents = {};
	
	this.DrawItemClassChildren(rootClassItem, rootClassItem.getID(), rowID, parents);
	this.grid.openItem(rowID); //Root Item

	fn_enableToolbarControls(this.toolbar, true);

};

ItemClassStructureTreeGrid.prototype.DrawItemClassChildren = function ItemClassStructureTreeGrid_DrawItemClassChildren(parentItem, parentItemId, parent_row_id, parents) {
	parents[parentItemId] = true;
	var structRels = parentItem.getRelationships("Item Class Hierarchy");

	for(var i = 0; i < structRels.getItemCount(); i++) {
	    var structRel = structRels.getItemByIndex(i);
		var rootClassItem = structRel.getRelatedItem();
		var childPartId = structRel.getProperty("related_id");

		if (rootClassItem.getAttribute("typeId","") !== "") {
		  var rowID = this.DrawItemClassRow(rootClassItem, structRel, parentItemId, parent_row_id);
		  if (parents[childPartId] !== true) {
			this.DrawItemClassChildren(rootClassItem, childPartId, rowID, parents);
		  }
		}
	}
	delete parents[parentItemId];
};

ItemClassStructureTreeGrid.prototype.DrawItemClassRow = function ItemClassStructureTreeGrid_DrawItemClassRow(itemNode, relationshipNode, parentItemId, parentRowId) {
	var data = {itemNode: itemNode, relationshipNode: relationshipNode, parentRowId: parentRowId};
	var row = new RowClass(this,data,this.columnHeadingsAndLayout,this.itemClassColumnList);
	
	var itemID = itemNode.getID();
	var	itemClassType = "Item Class";
	var icon = this.icons["Item Class"];
	var iconOpen = this.iconsOpen["Item Class"];
	
	var newRowID;
	if (parentRowId) {newRowID=parentItemId+"-"+itemID;}
	else {newRowID="ROOT-"+itemID;}

	if(!parentRowId) {
		this.grid.insertRoot(newRowID, row.getValues(), newRowID, icon, iconOpen);
	} else {
		this.grid.insertNewChild(parentRowId, newRowID, row.getValues(), newRowID, icon, iconOpen);
	}
	
	row.bind(newRowID,null,itemClassType,itemID);
	
	return newRowID;
};

ItemClassStructureTreeGrid.prototype.gridRefresh = function ItemClassStructureTreeGrid_gridRefresh(forceGetRelationships) {
	forceGetRelationships = !!forceGetRelationships;

	this.setToolbarItemEnable("refresh", false);
	this.grid.setPaintEnabled(false);
	var self = this;

  if (this.arasRelease === "Aras9") {

	this.grid.style.visibility = 'hidden';

	setTimeout(function(){
		try {
			var gridState = self.GetGridState();
			self.Draw(forceGetRelationships);
			self.SetGridState(gridState);
		} finally {
			self.grid.style.visibility = '';
			self.grid.setPaintEnabled(true);
			self.toolbarRefresh();
		}
	} ,50);
  }

  else {  
	document.getElementById(this.grid.connectId).style.visibility = 'hidden';
	document.getElementById('loadingInProgress').style.visibility = 'visible';

	setTimeout(function(){
		try {
			var gridState = self.GetGridState();
			self.Draw(forceGetRelationships);
			setTimeout(function()
			{
				self.SetGridState(gridState);
				if (typeof self.IsExpandOnStart === "boolean") {
					if (self.IsExpandOnStart) {self.grid.expandAll();}
					else {self.grid.collapseAll();}
					delete self.IsExpandOnStart;
				}
			},0);
		} finally {
			document.getElementById('loadingInProgress').style.visibility = 'hidden';
			document.getElementById(self.grid.connectId).style.visibility = 'visible';
			self.grid.setPaintEnabled(true);
			self.toolbarRefresh();
		}
	} ,0);
  }	
	
};

ItemClassStructureTreeGrid.prototype.refreshGridWithTimout = function ItemClassStructureTreeGrid_refreshGridWithTimout(forceGetRelationships) {
	forceGetRelationships = !!forceGetRelationships;

	//If Refresh will be called multiple times per one execution scope then postponned call of Refresh_Impl will be canceled and initiated new call
	//That is mean that Refresh_Impl will be called once.
	if(this.Refresh_Impl_timeout) {
		clearTimeout(this.Refresh_Impl_timeout);
		delete this.Refresh_Impl_timeout;
	}
	var self = this;
	//Need setTimeout because during handling OnPopulated event document.thisItem contain old item and it will be refreshed after OnPopulated event
	this.Refresh_Impl_timeout = setTimeout(function () {
		self.gridRefresh(forceGetRelationships);
	}, 0);
};


ItemClassStructureTreeGrid.prototype.toolbarRefresh = function ItemClassStructureTreeGrid_toolbarRefresh() {
	this.setToolbarItemEnable("expandall", true);
	this.setToolbarItemEnable("collapseall", true);
	this.setToolbarItemEnable("refresh", true);

	this.toolbar.showLabels((top.aras.getVariable('ShowLabels') === 'true'));
};

ItemClassStructureTreeGrid.prototype.onGridMenuInit = function ItemClassStructureTreeGrid_onGridMenuInit(eArg) {
		//reset menu items, enable all
		for (var i = 0; i < this.defaultMenu.length; i++) {
			if (!this.defaultMenu[i].separator) {
				eArg.menuItems.push({
					label: this.defaultMenu[i].label,
					enabled: true,
					handler: this.defaultMenu[i].handler
				});
			} else {
				eArg.menuItems.push(this.defaultMenu[i]);
			}
		}
		return true;
};

ItemClassStructureTreeGrid.prototype.onToolbarClick = function ItemClassStructureTreeGrid_onToolbarClick(eArg) {
	if (!this.initialized) {return;}
	var id = eArg.id;

    // add toolbar actions here ...	
	switch(id)
	{
		case "expandall":
			this.expandAll(true);
			break;
		case "collapseall":
			this.expandAll(false);
			break;
		case "refresh":
			this.gridRefresh(false);
			break;
	}
	
	// call additional toolbar action handler
	fn_onToolbarAndMenuClickLocalAction(this,id,"toolbar");
};

ItemClassStructureTreeGrid.prototype.onToolbarChange = function ItemClassStructureTreeGrid_onToolbarChange(eArg) {
return;
};

//-----------  BEGIN Grid's custom grid handlers
ItemClassStructureTreeGrid.prototype.onGridMenuClick = function ItemClassStructureTreeGrid_onGridMenuClick(menuChoice) {
  var menuItem = this.defaultMenu[parseInt(menuChoice, 10)];
  
  // call additional menu action handler
  fn_onToolbarAndMenuClickLocalAction(this,menuItem.name,"menu");
};

ItemClassStructureTreeGrid.prototype.onGridClick = function ItemClassStructureTreeGrid_onGridClick(eArg) {
	if (!this.initialized) {return;}
};

ItemClassStructureTreeGrid.prototype.onGridDoubleClick = function ItemClassStructureTreeGrid_onGridDoubleClick(eArg) {
  var rowId = eArg.rowId;

  var rowItemType = this.getGridRowUserData(rowId,"gridData_rowItemType");
  var rowItemId = this.getGridRowUserData(rowId,"gridData_rowItemID");
  eArg = {selectedId: rowId, rowItemType: rowItemType, rowItemId: rowItemId};

  fn_onOpenRowItem(this, eArg);
};

//-----------  END Grid's custom grid handlers


//------ Definition of default grid context menu
ItemClassStructureTreeGrid.prototype.initDefaultMenu = function ItemClassStructureTreeGrid_initDefaultMenu() {
	var defaultMenu = [];
    defaultMenu.push({name: "view_item", label: "View Item"});

	return defaultMenu;
};

//------ BEGIN: local action handlers for menu or toolbar clicks
fn_onToolbarAndMenuClickLocalAction = function (folderGridCtxt, actionId, actionSource) {
   var selectedId = folderGridCtxt.grid.getSelectedId(); //selected grid row
   if (actionSource === "menu") {
    if (!selectedId || typeof(selectedId) == "undefined" || selectedId === "" || selectedId === "NOTHING_MSG") {
       return;
	 }
   }

   var rowItemType = folderGridCtxt.getGridRowUserData(selectedId,"gridData_rowItemType");
   var rowItemId = folderGridCtxt.getGridRowUserData(selectedId,"gridData_rowItemID");
   
   var checkMsg = fn_ValidateActionRequest(folderGridCtxt, actionId, rowItemType, selectedId);
   if (checkMsg !== "") {top.aras.AlertError(checkMsg);return;}

   //debugger;
   var eArg = {selectedId: selectedId, rowItemType: rowItemType, rowItemId: rowItemId};

   actionId = actionSource + "." + actionId;
   // NOTE: toolbar actions: expand, collapse, refresh are covered by default handler
	switch(actionId)
	{
	  case "toolbar.open_row_item":
	  case "menu.view_item":
	     fn_onOpenRowItem(folderGridCtxt, eArg);
	  	 break;

//	  case "menu.xx":
//	  	 break;
	}
};
//-----------------
fn_onOpenRowItem = function (folderGridCtxt, eArg, checkForItemType) {
  //debugger;
  var itemId = eArg.rowItemId;
  var itemType = eArg.rowItemType;

    if (isStartedFromTab) {
	top.aras.uiShowItem(itemType, itemId);
  } else {

	//## old top.setReturnValue(itemId);
    top.returnValue = itemId;
	top.close();
  }
};
//------ END: local action handlers for menu or toolbar clicks

//------ BEGIN: validation functions
fn_checkRowItemIsLocked = function (folderGridCtxt, selectedId, itemType, itemId, gridLockColumn) {
  // return error msg or "" if lockStatus OK.
  var lockStatus = fn_GetLockedStatusOfItemFromServer(itemType, itemId);
  // update grid in case lock status got change by someone else
  folderGridCtxt.gridSetCellValue(selectedId,gridLockColumn,fn_GetLockedCellFormatByStatusCode(folderGridCtxt,lockStatus));

  if (lockStatus === 1) {return "";}  
  if (lockStatus === 0) {return top.aras.getResource("ItemFolders", "itemtreeGridInstance.message.folder_row_must_be_locked_for_action");}
  
  return top.aras.getResource("ItemFolders", "itemtreeGridInstance.message.folder_row_locked_by_other_no_permission_action");
};

//--------------
fn_ValidateActionRequest = function (folderGridCtxt, actionId, itemType, rowId) {
  // run various checks specific to action
  //debugger;
  
  switch (actionId)
  {
    case "view_folder":
      if (itemType !== "Item Folder")
       {return top.aras.getResource("ItemFolders", "itemtreeGridInstance.message.action_not_allowed_on_rows_of_type_x") + itemType + " !";}
      break;
  }

  // success
  return "";
};
//------ END: validation functions

//-----------------
fn_SetBackgroundColorInRow = function (gridCtrl, row_id, startCell, endCell, colorCode, upToRoot) {
  if (!upToRoot || upToRoot === undefined) {upToRoot = false;}
  fn_SetBackgroundColorOfCellsInRow(gridCtrl, row_id, startCell, endCell, colorCode);
  // include one parent level
  var parent_row_id = gridCtrl.getParentId(row_id);
  if (parent_row_id && parent_row_id.indexOf("ROOT") < 0) {fn_SetBackgroundColorOfCellsInRow(gridCtrl, parent_row_id, startCell, endCell, colorCode);}

  if (!upToRoot) {return;}
  parent_row_id = gridCtrl.getParentId(parent_row_id);
  while (parent_row_id)
  {
    if (parent_row_id.indexOf("ROOT") < 0)
      {fn_SetBackgroundColorOfCellsInRow(gridCtrl, parent_row_id, startCell, endCell, colorCode);}
    parent_row_id = gridCtrl.getParentId(parent_row_id);
  }
  return;
};
//-------------
fn_enableToolbarControls = function (toolbarCtxt, isOn, msg) {
  if (!msg && msg === undefined) {msg = "Loading";}  

  fn_enableToolbarElement(toolbarCtxt, "expandall", isOn, false);
  fn_enableToolbarElement(toolbarCtxt, "collapseall", isOn, false);
  fn_enableToolbarElement(toolbarCtxt, "refresh", isOn, false);
  fn_enableToolbarElement(toolbarCtxt, "open_row_item", isOn, false);
   
  var val = (top.aras.getVariable('ShowLabels') == 'true');
  toolbarCtxt.showLabels(val);
  //toolbarCtxt.focus();
};

//------ END: local helper functions

// =======  Definition of grid header and columns layout =======
fn_getGridTableColumnHeadingsAndLayout = function (hasVariantColums) {
  // PARAMETERS ARE:
	// Name: name of column, must be the same in all column definitions !!!
	// Title: if Title = undefined,  PropItemType and PropName must be set
	// PropItemType:
  	// PropName:
	// Width: in pixel
	// Align: l,r,c
	// EditType: noedit=disables edit on entire column, FIELD=text input, COMBO=drop down list
	// FilterEdit: same values as EditType. controls if cell in input_row can be edited
	// display order of columns left to right in order listed !!!
	var columnList = [
	{Name: "TREE",	PropItemType: "Item Class",PropName: "name",					Width: "300",	Align: "l",	EditType: "noedit"},
	{Name: "SORT",	PropItemType: "Item Class Hierarchy",PropName: "sort_order",	Width: "60",	Align: "c",	EditType: "noedit"},
	{Name: "LOCK", PropItemType: "Item Class",PropName: "locked_by_id",				Width: "60",	Align: "c",	EditType: "noedit"},
	{Name: "NAME",	PropItemType: "Item Class",PropName: "item_class_path",			Width: "300",	Align: "l",	EditType: "noedit"}
	];
	
    //fn_getGridTableColumnHeadingsAddSalesCols(columnList);  
	return columnList;
};

fn_getGridTableColumnDefOfItemClassRows = function () {
  // COLUMN VALUE PARAMETERS ARE:
	// Class: optional - if missing "DefaultCellClass" will be used. Listed class can overwrite default cell functions,like UI formatting,if used.
	// PropItemType: optional
	// PropName: required, if Class is missing.
	// isRelProp: set to "false", if property value can be retrieved from item; set to "true", if property value can be retrieved from relationship  (if missing, it is set to "false")
	// CellBg: optional - set to a valid color value (i.e. "#ff0000") - if set to keyword "{propCSS}", the background color set in property's CSS will be used.
	// CellStaticValue: optional - if set to a text, it this text will be displayed instead of the property's value 
	// CellLinkKey: optional, CellLinkItemType must be set. 	if set to keyword {OpenRowItem}, the registered type and id of the row will be opened.
    //															if set to keyword {FilesOfRelatedItem}, the files attached to rowItem (i.e. Document will be shown (more rules TBD)
	// isEditable: optional (default= false), set to "true" to allow edits (grid must be set to editable, as well)

    // Index must match a columnName of HeadingsAndLayout !!! 
	var columnList = [];
	columnList["TREE"] =	{PropItemType: "Item Class",			PropName: "name"};
	columnList["SORT"] =	{PropItemType: "Item Class Hierarchy",	PropName: "rel.sort_order"};
	columnList["LOCK"] =	{PropItemType: "Item Class",			PropName: "locked_by_id",		CellValueType: "lock"};
	columnList["NAME"] =	{PropItemType: "Item Class",			PropName: "item_class_path"};

	return columnList;
};

]]></method_code>
  <method_type>JavaScript</method_type>
  <name>ItemClassTreeDialog Func</name>
 </Item>
</AML>