﻿<AML>
 <Item type="Method" id="D887DA2EFBD340F0AE95D8C3CBEF83CF" action="add">
  <execution_allowed_to keyed_name="World" type="Identity">A73B655731924CD0B027E4F4D5FCC0A9</execution_allowed_to>
  <method_code><![CDATA[// Disable edit on all properties except display_value
if (propertyName != "display_value") {
currSelCell.setEditable(false);
} else {
currSelCell.setEditable(true);
}]]></method_code>
  <method_type>JavaScript</method_type>
  <name>OnEditCharacteristicValueCells</name>
 </Item>
</AML>