﻿<AML>
 <Item type="Method" id="7FC26175A4D44A84A53E8CDD99820B92" action="add">
  <execution_allowed_to keyed_name="World" type="Identity">A73B655731924CD0B027E4F4D5FCC0A9</execution_allowed_to>
  <method_code><![CDATA[Aras.IOM.Innovator inn  = this.getInnovator();
string type = this.getProperty("characteristic_value_type");

if (type == "" || type == null) {
	return inn.newError("Select a Value Type.");
}

switch (type) {
	case "Number":
		if (this.getProperty("value_decimal_precision") == null ||this.getProperty("value_decimal_precision") == "") 
		{
			return inn.newError("Decimal Precision is missing. For integer values the precision should be set to 0.");
		}

		if (this.getProperty("max_numeric_length") == null || this.getProperty("max_numeric_length") == "") 
		{
			return inn.newError("and the Max Numeric Length"); 
		}
		break;
	case "List":
		this.setProperty("allowed_min_value","");
		this.setProperty("allowed_max_value","");
		this.setProperty("value_decimal_precision","");
		this.setProperty("default_min_value","");
		this.setProperty("default_max_value","");
		this.setProperty("max_text_length","");
		break;
		
	case "Text":
	string textLength = this.getProperty("max_text_length");
		if ( textLength == null) 
		{
			return inn.newError("Max Text Length setting is missing");
		}
		
		this.setProperty("allowed_min_value","");
		this.setProperty("allowed_max_value","");
		this.setProperty("value_decimal_precision","");
		this.setProperty("allowed_min_value","");
		this.setProperty("allowed_max_value","");
		break;
	default:
		break;
}

return this;]]></method_code>
  <method_type>C#</method_type>
  <name>validateReqValuesSet</name>
 </Item>
</AML>