﻿<AML>
 <Item type="ItemType" id="4F1AC04A2B484F3ABA4E20DB63808A88" action="add">
  <name>Part</name>
  <Relationships>
   <Item type="Item Action" id="0BFB25DD3103418CA3EFF61FD7F03325" action="add">
    <related_id keyed_name="Item Characteristic Add To Part" type="Action">B4FD7E0C9760497AA8245BC6E6D114F7</related_id>
    <sort_order>1</sort_order>
    <source_id keyed_name="Part" type="ItemType" name="Part">4F1AC04A2B484F3ABA4E20DB63808A88</source_id>
   </Item>
   <Item type="Property" id="DF4C81803B9445E0B3B232D65B3B1631" action="add">
    <column_alignment>left</column_alignment>
    <column_width>80</column_width>
    <data_source keyed_name="Item Class" type="ItemType" name="Item Class">F40D94A0E3B74376961645EE76D5D8E3</data_source>
    <data_type>item</data_type>
    <is_hidden>0</is_hidden>
    <is_hidden2>0</is_hidden2>
    <is_indexed>0</is_indexed>
    <is_keyed>0</is_keyed>
    <is_multi_valued>0</is_multi_valued>
    <is_required>0</is_required>
    <item_behavior>float</item_behavior>
    <label xml:lang="en">Item Class</label>
    <name>item_class_id</name>
    <range_inclusive>0</range_inclusive>
    <readonly>0</readonly>
    <sort_order>1000</sort_order>
    <source_id keyed_name="Part" type="ItemType" name="Part">4F1AC04A2B484F3ABA4E20DB63808A88</source_id>
    <track_history>0</track_history>
   </Item>
   <Item type="Property" id="8096E6B29CB94DC3B7BE5B0B31FDE565" action="add">
    <column_alignment>left</column_alignment>
    <data_source>
     <Item type="Property" action="get" select="id">
      <name>item_class_id</name>
      <source_id>4F1AC04A2B484F3ABA4E20DB63808A88</source_id>
     </Item>
    </data_source>
    <data_type>foreign</data_type>
    <foreign_property>
     <Item type="Property" action="get" select="id">
      <keyed_name>item_class_path</keyed_name>
      <source_id>
       <Item type="ItemType" action="get" select="id">
        <name>Item Class</name>
       </Item>
      </source_id>
     </Item>
    </foreign_property>
    <is_hidden>0</is_hidden>
    <is_hidden2>0</is_hidden2>
    <is_indexed>0</is_indexed>
    <is_keyed>0</is_keyed>
    <is_multi_valued>0</is_multi_valued>
    <is_required>0</is_required>
    <label xml:lang="en">Class Path</label>
    <name>item_class_path</name>
    <range_inclusive>0</range_inclusive>
    <readonly>0</readonly>
    <sort_order>98456</sort_order>
    <source_id keyed_name="Part" type="ItemType" name="Part">4F1AC04A2B484F3ABA4E20DB63808A88</source_id>
    <track_history>0</track_history>
   </Item>

   <Item type="Property" action="edit" where="source_id='4F1AC04A2B484F3ABA4E20DB63808A88' and name='generation'">
    <label xml:lang="en">Gen</label>
    <name>generation</name>
    <source_id keyed_name="Part" type="ItemType" name="Part">4F1AC04A2B484F3ABA4E20DB63808A88</source_id>
   </Item>
  
   </Relationships>
 </Item>
</AML>