﻿<AML>
<Item type="fgc_Configuration" typeId="362FB8A676BC4A50B430FA6FA79EAD3F" id="9048D3E919EB4881B8782F5EB963803D"><classification is_null="1"/><config_id keyed_name="Classification Search Parameter Grid 1" type="fgc_Configuration">9048D3E919EB4881B8782F5EB963803D</config_id><created_by_id keyed_name="Innovator Admin" type="User">30B991F927274FA3829655F50C99472E</created_by_id><created_on>2015-02-24T16:12:06</created_on><css is_null="1"/><current_state keyed_name="Released" type="Life Cycle State" name="Released">ED76795A698342309491A099FEEA2BA2</current_state><description is_null="1"/><effective_date>2015-02-24T17:49:03</effective_date><grid_item_type>Item Class Characteristic</grid_item_type><id keyed_name="Classification Search Parameter Grid 1" type="fgc_Configuration">9048D3E919EB4881B8782F5EB963803D</id><is_current>1</is_current><is_released>1</is_released><item_released_condition is_null="1"/><item_select_properties>id,config_id,generation,major_rev,state,current_state(label),is_released,is_current,modified_by_id(keyed_name),owned_by_id(keyed_name),managed_by_id(keyed_name),name,label,description,required_at_stage,is_config_relevant,inheritance_type,value_unit,value</item_select_properties><keyed_name>Classification Search Parameter Grid 1</keyed_name><locked_by_id is_null="1"/><major_rev>A</major_rev><managed_by_id is_null="1"/><minor_rev is_null="1"/><modified_by_id keyed_name="Innovator Admin" type="User">30B991F927274FA3829655F50C99472E</modified_by_id><modified_on>2015-03-10T04:19:01</modified_on><new_version>1</new_version><not_lockable>0</not_lockable><owned_by_id keyed_name="Innovator Admin" type="Identity">DBA5D86402BF43D5976854B8B48FCDD1</owned_by_id><permission_id keyed_name="Default Access" type="Permission" origPermission="9122CD065CF04141B8EFE263FC80BEA4">9122CD065CF04141B8EFE263FC80BEA4</permission_id><release_date>2015-02-24T17:49:03</release_date><state>Released</state><superseded_date is_null="1"/><team_id is_null="1"/><toolbar_id>chars_toolbar</toolbar_id><name>Classification Search Parameter Grid</name><generation>1</generation><Relationships><Item type="fgc_Constant" typeId="C244DA7A70264D8C8980DAC3A9985335" id="0FD568B8D6DE4E0182CB135FB75B5ABC"><constant_type>Text</constant_type><description>must match definition on tab "Columns"</description><grouping>Custom Beahviouor</grouping><id keyed_name="0FD568B8D6DE4E0182CB135FB75B5ABC" type="fgc_Constant">0FD568B8D6DE4E0182CB135FB75B5ABC</id><name>columnNameOfValueUnit</name><sort_order>1280</sort_order><source_id keyed_name="Classification Search Parameter Grid 1" type="fgc_Configuration">9048D3E919EB4881B8782F5EB963803D</source_id><value xml:lang="en">UNIT</value></Item><Item type="fgc_Constant" typeId="C244DA7A70264D8C8980DAC3A9985335" id="446A12CDCF5C40E1A9972AF75B854A66"><constant_type>Text</constant_type><description>must match definition on tab "Columns"</description><grouping>Custom Beahviouor</grouping><id keyed_name="446A12CDCF5C40E1A9972AF75B854A66" type="fgc_Constant">446A12CDCF5C40E1A9972AF75B854A66</id><name>columnNameOfCharType</name><sort_order>1152</sort_order><source_id keyed_name="Classification Search Parameter Grid 1" type="fgc_Configuration">9048D3E919EB4881B8782F5EB963803D</source_id><value xml:lang="en">CHAR_TYPE</value></Item><Item type="fgc_Constant" typeId="C244DA7A70264D8C8980DAC3A9985335" id="6431485853F84139828321937723ED75"><constant_type>Text</constant_type><description>must match definition on tab "Columns"</description><grouping>Custom Beahviouor</grouping><id keyed_name="6431485853F84139828321937723ED75" type="fgc_Constant">6431485853F84139828321937723ED75</id><name>columnNameOfCharName</name><sort_order>1408</sort_order><source_id keyed_name="Classification Search Parameter Grid 1" type="fgc_Configuration">9048D3E919EB4881B8782F5EB963803D</source_id><value xml:lang="en">LABEL</value></Item><Item type="fgc_Constant" typeId="C244DA7A70264D8C8980DAC3A9985335" id="B7FC0C1B15C04405A55B7F453A460621"><constant_type>Text</constant_type><description>must match definition on tab "Columns"</description><grouping>Custom Beahviouor</grouping><id keyed_name="B7FC0C1B15C04405A55B7F453A460621" type="fgc_Constant">B7FC0C1B15C04405A55B7F453A460621</id><name>columnNameOfValue</name><sort_order>1024</sort_order><source_id keyed_name="Classification Search Parameter Grid 1" type="fgc_Configuration">9048D3E919EB4881B8782F5EB963803D</source_id><value xml:lang="en">VALUE</value></Item><Item type="fgc_Constant" typeId="C244DA7A70264D8C8980DAC3A9985335" id="33B4A9501F15487DA8F30B1C94AC72B5"><constant_type>Boolean</constant_type><description is_null="1"/><grouping>Grid Behaviour</grouping><id keyed_name="33B4A9501F15487DA8F30B1C94AC72B5" type="fgc_Constant">33B4A9501F15487DA8F30B1C94AC72B5</id><name>columnsDragable</name><sort_order>512</sort_order><source_id keyed_name="Classification Search Parameter Grid 1" type="fgc_Configuration">9048D3E919EB4881B8782F5EB963803D</source_id><value xml:lang="en">false</value></Item><Item type="fgc_Constant" typeId="C244DA7A70264D8C8980DAC3A9985335" id="B9B90E2789C64C94A1AFA0FC62F08A3A"><constant_type>Boolean</constant_type><description is_null="1"/><grouping>Grid Behaviour</grouping><id keyed_name="B9B90E2789C64C94A1AFA0FC62F08A3A" type="fgc_Constant">B9B90E2789C64C94A1AFA0FC62F08A3A</id><name>hasInputRow</name><sort_order>640</sort_order><source_id keyed_name="Classification Search Parameter Grid 1" type="fgc_Configuration">9048D3E919EB4881B8782F5EB963803D</source_id><value xml:lang="en">false</value></Item><Item type="fgc_Constant" typeId="C244DA7A70264D8C8980DAC3A9985335" id="D0553013C1F84589AE6B5C81B8B5945E"><constant_type>Boolean</constant_type><description is_null="1"/><grouping>Grid Behaviour</grouping><id keyed_name="D0553013C1F84589AE6B5C81B8B5945E" type="fgc_Constant">D0553013C1F84589AE6B5C81B8B5945E</id><name>allowMultiSelect</name><sort_order>2176</sort_order><source_id keyed_name="Classification Search Parameter Grid 1" type="fgc_Configuration">9048D3E919EB4881B8782F5EB963803D</source_id><value xml:lang="en">false</value></Item><Item type="fgc_Constant" typeId="C244DA7A70264D8C8980DAC3A9985335" id="D4A07CC0B1BB404782D68A6B0963D49F"><constant_type>Boolean</constant_type><description is_null="1"/><grouping>Grid Behaviour</grouping><id keyed_name="D4A07CC0B1BB404782D68A6B0963D49F" type="fgc_Constant">D4A07CC0B1BB404782D68A6B0963D49F</id><name>gridIsEditable</name><sort_order>2048</sort_order><source_id keyed_name="Classification Search Parameter Grid 1" type="fgc_Configuration">9048D3E919EB4881B8782F5EB963803D</source_id><value xml:lang="en">false</value></Item><Item type="fgc_Constant" typeId="C244DA7A70264D8C8980DAC3A9985335" id="FF22929800594115AD30D509ACA2A300"><constant_type>Boolean</constant_type><description is_null="1"/><grouping>Grid Behaviour</grouping><id keyed_name="FF22929800594115AD30D509ACA2A300" type="fgc_Constant">FF22929800594115AD30D509ACA2A300</id><name>enableHtm</name><sort_order>2304</sort_order><source_id keyed_name="Classification Search Parameter Grid 1" type="fgc_Configuration">9048D3E919EB4881B8782F5EB963803D</source_id><value xml:lang="en">false</value></Item><Item type="fgc_Constant" typeId="C244DA7A70264D8C8980DAC3A9985335" id="498A7A78F7F64046ADF9C0B207DDFBF0"><constant_type>Color</constant_type><description is_null="1"/><grouping>Grid Style</grouping><id keyed_name="498A7A78F7F64046ADF9C0B207DDFBF0" type="fgc_Constant">498A7A78F7F64046ADF9C0B207DDFBF0</id><name>gridSelectorBgColor</name><sort_order>256</sort_order><source_id keyed_name="Classification Search Parameter Grid 1" type="fgc_Configuration">9048D3E919EB4881B8782F5EB963803D</source_id><value xml:lang="en">steelblue</value></Item><Item type="fgc_Constant" typeId="C244DA7A70264D8C8980DAC3A9985335" id="5A4F346134784A5B8C3A5497D9BE8FF2"><constant_type>Text</constant_type><description is_null="1"/><grouping>Grid Style</grouping><id keyed_name="5A4F346134784A5B8C3A5497D9BE8FF2" type="fgc_Constant">5A4F346134784A5B8C3A5497D9BE8FF2</id><name>gridFont</name><sort_order>128</sort_order><source_id keyed_name="Classification Search Parameter Grid 1" type="fgc_Configuration">9048D3E919EB4881B8782F5EB963803D</source_id><value xml:lang="en">Microsoft Sans Serif-8</value></Item><Item type="fgc_Constant" typeId="C244DA7A70264D8C8980DAC3A9985335" id="82854718546248959BA8110BCE571158"><constant_type>Color</constant_type><description is_null="1"/><grouping>Grid Style</grouping><id keyed_name="82854718546248959BA8110BCE571158" type="fgc_Constant">82854718546248959BA8110BCE571158</id><name>gridSelectorTextColor</name><sort_order>384</sort_order><source_id keyed_name="Classification Search Parameter Grid 1" type="fgc_Configuration">9048D3E919EB4881B8782F5EB963803D</source_id><value xml:lang="en">steelblue</value></Item><Item type="fgc_Constant" typeId="C244DA7A70264D8C8980DAC3A9985335" id="AB288CD0BD174838AF1CF58E8F03755D"><constant_type>Color</constant_type><description is_null="1"/><grouping>Grid Style</grouping><id keyed_name="AB288CD0BD174838AF1CF58E8F03755D" type="fgc_Constant">AB288CD0BD174838AF1CF58E8F03755D</id><name>gridBgColor</name><sort_order>768</sort_order><source_id keyed_name="Classification Search Parameter Grid 1" type="fgc_Configuration">9048D3E919EB4881B8782F5EB963803D</source_id><value xml:lang="en">white</value></Item><Item type="fgc_Constant" typeId="C244DA7A70264D8C8980DAC3A9985335" id="D823955A7C774BA4A8E6B98DA992F3AC"><constant_type>color</constant_type><description is_null="1"/><grouping>Grid Style</grouping><id keyed_name="D823955A7C774BA4A8E6B98DA992F3AC" type="fgc_Constant">D823955A7C774BA4A8E6B98DA992F3AC</id><name>InputRowBgColor</name><sort_order>896</sort_order><source_id keyed_name="Classification Search Parameter Grid 1" type="fgc_Configuration">9048D3E919EB4881B8782F5EB963803D</source_id><value xml:lang="en">LightCyan</value></Item><Item type="fgc_Toolbar Element" typeId="42FE71D769E14FC2BFD6964A538E0883" id="C866513B535A482A84F77072CE85E09F"><behavior>float</behavior><classification is_null="1"/><config_id keyed_name="button chars_view_item" type="fgc_Toolbar Element">C866513B535A482A84F77072CE85E09F</config_id><created_by_id keyed_name="Innovator Admin" type="User">30B991F927274FA3829655F50C99472E</created_by_id><created_on>2015-02-25T20:19:53</created_on><css is_null="1"/><current_state is_null="1"/><element_disabled>0</element_disabled><element_image>../images/ViewItem.svg</element_image><element_label xml:lang="en"></element_label><element_size is_null="1"/><element_style is_null="1"/><element_text xml:lang="en">Open Item</element_text><element_tooltip>Open Item</element_tooltip><generation>1</generation><id keyed_name="button chars_view_item" type="fgc_Toolbar Element">C866513B535A482A84F77072CE85E09F</id><is_current>1</is_current><is_released>0</is_released><keyed_name>button chars_view_item</keyed_name><locked_by_id is_null="1"/><major_rev>A</major_rev><managed_by_id is_null="1"/><minor_rev is_null="1"/><modified_by_id keyed_name="Innovator Admin" type="User">30B991F927274FA3829655F50C99472E</modified_by_id><modified_on>2015-02-25T20:21:22</modified_on><new_version>1</new_version><not_lockable>0</not_lockable><owned_by_id keyed_name="Innovator Admin" type="Identity">DBA5D86402BF43D5976854B8B48FCDD1</owned_by_id><permission_id keyed_name="Default Access" type="Permission" origPermission="9122CD065CF04141B8EFE263FC80BEA4">9122CD065CF04141B8EFE263FC80BEA4</permission_id><related_id is_null="1"/><sort_order>10</sort_order><source_id keyed_name="Classification Search Parameter Grid 1" type="fgc_Configuration">9048D3E919EB4881B8782F5EB963803D</source_id><state is_null="1"/><team_id is_null="1"/><element_type>button</element_type><element_id>chars_view_item</element_id></Item><Item type="fgc_Toolbar Element" typeId="42FE71D769E14FC2BFD6964A538E0883" id="882903DCEC3E479E9778309955C5CEEC"><behavior>float</behavior><classification is_null="1"/><config_id keyed_name="separator chars_sep2" type="fgc_Toolbar Element">882903DCEC3E479E9778309955C5CEEC</config_id><created_by_id keyed_name="Innovator Admin" type="User">30B991F927274FA3829655F50C99472E</created_by_id><created_on>2015-02-25T20:19:53</created_on><css is_null="1"/><current_state is_null="1"/><element_disabled>0</element_disabled><element_image is_null="1"/><element_label is_null="1" xml:lang="en"/><element_size is_null="1"/><element_style is_null="1"/><element_text is_null="1" xml:lang="en"/><element_tooltip is_null="1"/><generation>1</generation><id keyed_name="separator chars_sep2" type="fgc_Toolbar Element">882903DCEC3E479E9778309955C5CEEC</id><is_current>1</is_current><is_released>0</is_released><keyed_name>separator chars_sep2</keyed_name><locked_by_id is_null="1"/><major_rev>A</major_rev><managed_by_id is_null="1"/><minor_rev is_null="1"/><modified_by_id keyed_name="Innovator Admin" type="User">30B991F927274FA3829655F50C99472E</modified_by_id><modified_on>2015-02-25T20:21:22</modified_on><new_version>1</new_version><not_lockable>0</not_lockable><owned_by_id keyed_name="Innovator Admin" type="Identity">DBA5D86402BF43D5976854B8B48FCDD1</owned_by_id><permission_id keyed_name="Default Access" type="Permission" origPermission="9122CD065CF04141B8EFE263FC80BEA4">9122CD065CF04141B8EFE263FC80BEA4</permission_id><related_id is_null="1"/><sort_order>15</sort_order><source_id keyed_name="Classification Search Parameter Grid 1" type="fgc_Configuration">9048D3E919EB4881B8782F5EB963803D</source_id><state is_null="1"/><team_id is_null="1"/><element_type>separator</element_type><element_id>chars_sep2</element_id></Item><Item type="fgc_Toolbar Element" typeId="42FE71D769E14FC2BFD6964A538E0883" id="DAC15E383D7442C98BF9D9CF18525F4F"><behavior>float</behavior><classification is_null="1"/><config_id keyed_name="choice chars_filter" type="fgc_Toolbar Element">DAC15E383D7442C98BF9D9CF18525F4F</config_id><created_by_id keyed_name="Innovator Admin" type="User">30B991F927274FA3829655F50C99472E</created_by_id><created_on>2015-02-24T16:12:06</created_on><css is_null="1"/><current_state is_null="1"/><element_disabled>0</element_disabled><element_image is_null="1"/><element_label xml:lang="en">Show Characteristics:</element_label><element_size is_null="1"/><element_style is_null="1"/><element_text xml:lang="en"></element_text><element_tooltip>Show Characteristics</element_tooltip><generation>1</generation><id keyed_name="choice chars_filter" type="fgc_Toolbar Element">DAC15E383D7442C98BF9D9CF18525F4F</id><is_current>1</is_current><is_released>0</is_released><keyed_name>choice chars_filter</keyed_name><locked_by_id is_null="1"/><major_rev>A</major_rev><managed_by_id is_null="1"/><minor_rev is_null="1"/><modified_by_id keyed_name="Innovator Admin" type="User">30B991F927274FA3829655F50C99472E</modified_by_id><modified_on>2015-03-03T04:24:34</modified_on><new_version>1</new_version><not_lockable>0</not_lockable><owned_by_id keyed_name="Innovator Admin" type="Identity">DBA5D86402BF43D5976854B8B48FCDD1</owned_by_id><permission_id keyed_name="Default Access" type="Permission" origPermission="9122CD065CF04141B8EFE263FC80BEA4">9122CD065CF04141B8EFE263FC80BEA4</permission_id><related_id is_null="1"/><sort_order>40</sort_order><source_id keyed_name="Classification Search Parameter Grid 1" type="fgc_Configuration">9048D3E919EB4881B8782F5EB963803D</source_id><state is_null="1"/><team_id is_null="1"/><element_type>choice</element_type><element_id>chars_filter</element_id><Relationships><Item type="fgc_Toolbar Element Choice" typeId="EFB60354D53E4324A4CB0F3C348576EC" id="3304CB4CAAB74CD48936C11E8991F6BC"><behavior>float</behavior><choice_text_value xml:lang="en">All</choice_text_value><classification is_null="1"/><config_id keyed_name="chars_filter_show_all" type="fgc_Toolbar Element Choice">3304CB4CAAB74CD48936C11E8991F6BC</config_id><created_by_id keyed_name="Innovator Admin" type="User">30B991F927274FA3829655F50C99472E</created_by_id><created_on>2015-02-24T16:12:06</created_on><css is_null="1"/><current_state is_null="1"/><generation>1</generation><id keyed_name="chars_filter_show_all" type="fgc_Toolbar Element Choice">3304CB4CAAB74CD48936C11E8991F6BC</id><is_current>1</is_current><is_released>0</is_released><keyed_name>chars_filter_show_all</keyed_name><locked_by_id is_null="1"/><major_rev>A</major_rev><managed_by_id is_null="1"/><minor_rev is_null="1"/><modified_by_id keyed_name="Innovator Admin" type="User">30B991F927274FA3829655F50C99472E</modified_by_id><modified_on>2015-03-03T04:24:31</modified_on><new_version>1</new_version><not_lockable>0</not_lockable><owned_by_id is_null="1"/><permission_id keyed_name="Default Access" type="Permission" origPermission="9122CD065CF04141B8EFE263FC80BEA4">9122CD065CF04141B8EFE263FC80BEA4</permission_id><related_id is_null="1"/><sort_order>10</sort_order><source_id keyed_name="choice chars_filter" type="fgc_Toolbar Element">DAC15E383D7442C98BF9D9CF18525F4F</source_id><state is_null="1"/><team_id is_null="1"/><choice_id>chars_filter_show_all</choice_id></Item><Item type="fgc_Toolbar Element Choice" typeId="EFB60354D53E4324A4CB0F3C348576EC" id="9432E709037F42C99712639B9F6D3C69"><behavior>float</behavior><choice_text_value xml:lang="en">of selected Item Class</choice_text_value><classification is_null="1"/><config_id keyed_name="chars_filter_item_class" type="fgc_Toolbar Element Choice">9432E709037F42C99712639B9F6D3C69</config_id><created_by_id keyed_name="Innovator Admin" type="User">30B991F927274FA3829655F50C99472E</created_by_id><created_on>2015-02-24T16:12:06</created_on><css is_null="1"/><current_state is_null="1"/><generation>1</generation><id keyed_name="chars_filter_item_class" type="fgc_Toolbar Element Choice">9432E709037F42C99712639B9F6D3C69</id><is_current>1</is_current><is_released>0</is_released><keyed_name>chars_filter_item_class</keyed_name><locked_by_id is_null="1"/><major_rev>A</major_rev><managed_by_id is_null="1"/><minor_rev is_null="1"/><modified_by_id keyed_name="Innovator Admin" type="User">30B991F927274FA3829655F50C99472E</modified_by_id><modified_on>2015-03-03T04:24:31</modified_on><new_version>1</new_version><not_lockable>0</not_lockable><owned_by_id is_null="1"/><permission_id keyed_name="Default Access" type="Permission" origPermission="9122CD065CF04141B8EFE263FC80BEA4">9122CD065CF04141B8EFE263FC80BEA4</permission_id><related_id is_null="1"/><sort_order>20</sort_order><source_id keyed_name="choice chars_filter" type="fgc_Toolbar Element">DAC15E383D7442C98BF9D9CF18525F4F</source_id><state is_null="1"/><team_id is_null="1"/><choice_id>chars_filter_item_class</choice_id></Item></Relationships></Item><Item type="fgc_ColumnDef" typeId="D65D72A88C05433F81585B2AA4B176B4" id="A6B6CCA92B864879A1F3FA59C6EF542A"><behavior>float</behavior><classification is_null="1"/><col_align>l</col_align><col_edit_type>NOEDIT</col_edit_type><col_filter_edit_type>NOEDIT</col_filter_edit_type><col_heading_align>c</col_heading_align><col_heading_label xml:lang="en">Class Path</col_heading_label><col_width>200</col_width><config_id keyed_name="CLASSPATH" type="fgc_ColumnDef">A6B6CCA92B864879A1F3FA59C6EF542A</config_id><created_by_id keyed_name="Innovator Admin" type="User">30B991F927274FA3829655F50C99472E</created_by_id><created_on>2015-02-24T16:12:06</created_on><css is_null="1"/><current_state is_null="1"/><generation>1</generation><id keyed_name="CLASSPATH" type="fgc_ColumnDef">A6B6CCA92B864879A1F3FA59C6EF542A</id><is_current>1</is_current><is_lock_column>0</is_lock_column><is_released>0</is_released><keyed_name>CLASSPATH</keyed_name><locked_by_id is_null="1"/><major_rev>A</major_rev><managed_by_id is_null="1"/><minor_rev is_null="1"/><modified_by_id keyed_name="Innovator Admin" type="User">30B991F927274FA3829655F50C99472E</modified_by_id><modified_on>2015-03-02T07:22:51</modified_on><new_version>1</new_version><not_lockable>0</not_lockable><owned_by_id keyed_name="Innovator Admin" type="Identity">DBA5D86402BF43D5976854B8B48FCDD1</owned_by_id><permission_id keyed_name="Default Access" type="Permission" origPermission="9122CD065CF04141B8EFE263FC80BEA4">9122CD065CF04141B8EFE263FC80BEA4</permission_id><related_id is_null="1"/><sort_order>10</sort_order><source_id keyed_name="Classification Search Parameter Grid 1" type="fgc_Configuration">9048D3E919EB4881B8782F5EB963803D</source_id><state is_null="1"/><team_id is_null="1"/><col_name>CLASSPATH</col_name></Item><Item type="fgc_ColumnDef" typeId="D65D72A88C05433F81585B2AA4B176B4" id="07317B9900AB449090B19A0F30C2FB9D"><behavior>float</behavior><classification is_null="1"/><col_align>l</col_align><col_edit_type>NOEDIT</col_edit_type><col_filter_edit_type>NOEDIT</col_filter_edit_type><col_heading_align>c</col_heading_align><col_heading_label xml:lang="en">Characteristic</col_heading_label><col_width>150</col_width><config_id keyed_name="LABEL" type="fgc_ColumnDef">07317B9900AB449090B19A0F30C2FB9D</config_id><created_by_id keyed_name="Innovator Admin" type="User">30B991F927274FA3829655F50C99472E</created_by_id><created_on>2015-02-24T16:12:06</created_on><css is_null="1"/><current_state is_null="1"/><generation>1</generation><id keyed_name="LABEL" type="fgc_ColumnDef">07317B9900AB449090B19A0F30C2FB9D</id><is_current>1</is_current><is_lock_column>0</is_lock_column><is_released>0</is_released><keyed_name>LABEL</keyed_name><locked_by_id is_null="1"/><major_rev>A</major_rev><managed_by_id is_null="1"/><minor_rev is_null="1"/><modified_by_id keyed_name="Innovator Admin" type="User">30B991F927274FA3829655F50C99472E</modified_by_id><modified_on>2015-03-02T07:22:51</modified_on><new_version>1</new_version><not_lockable>0</not_lockable><owned_by_id keyed_name="Innovator Admin" type="Identity">DBA5D86402BF43D5976854B8B48FCDD1</owned_by_id><permission_id keyed_name="Default Access" type="Permission" origPermission="9122CD065CF04141B8EFE263FC80BEA4">9122CD065CF04141B8EFE263FC80BEA4</permission_id><related_id is_null="1"/><sort_order>20</sort_order><source_id keyed_name="Classification Search Parameter Grid 1" type="fgc_Configuration">9048D3E919EB4881B8782F5EB963803D</source_id><state is_null="1"/><team_id is_null="1"/><col_name>LABEL</col_name></Item><Item type="fgc_ColumnDef" typeId="D65D72A88C05433F81585B2AA4B176B4" id="E1961327FA0140509798B1BF50B719D5"><behavior>float</behavior><classification is_null="1"/><col_align>c</col_align><col_edit_type>NOEDIT</col_edit_type><col_filter_edit_type>NOEDIT</col_filter_edit_type><col_heading_align>c</col_heading_align><col_heading_label xml:lang="en">Description</col_heading_label><col_width>150</col_width><config_id keyed_name="DESCR" type="fgc_ColumnDef">E1961327FA0140509798B1BF50B719D5</config_id><created_by_id keyed_name="Innovator Admin" type="User">30B991F927274FA3829655F50C99472E</created_by_id><created_on>2015-02-24T16:12:06</created_on><css is_null="1"/><current_state is_null="1"/><generation>1</generation><id keyed_name="DESCR" type="fgc_ColumnDef">E1961327FA0140509798B1BF50B719D5</id><is_current>1</is_current><is_lock_column>0</is_lock_column><is_released>0</is_released><keyed_name>DESCR</keyed_name><locked_by_id is_null="1"/><major_rev>A</major_rev><managed_by_id is_null="1"/><minor_rev is_null="1"/><modified_by_id keyed_name="Innovator Admin" type="User">30B991F927274FA3829655F50C99472E</modified_by_id><modified_on>2015-02-26T18:24:37</modified_on><new_version>1</new_version><not_lockable>0</not_lockable><owned_by_id keyed_name="Innovator Admin" type="Identity">DBA5D86402BF43D5976854B8B48FCDD1</owned_by_id><permission_id keyed_name="Default Access" type="Permission" origPermission="9122CD065CF04141B8EFE263FC80BEA4">9122CD065CF04141B8EFE263FC80BEA4</permission_id><related_id is_null="1"/><sort_order>28</sort_order><source_id keyed_name="Classification Search Parameter Grid 1" type="fgc_Configuration">9048D3E919EB4881B8782F5EB963803D</source_id><state is_null="1"/><team_id is_null="1"/><col_name>DESCR</col_name></Item><Item type="fgc_ColumnDef" typeId="D65D72A88C05433F81585B2AA4B176B4" id="C771AEE409DC496E9A5DE1571C1C85A1"><behavior>float</behavior><classification is_null="1"/><col_align>l</col_align><col_edit_type>NOEDIT</col_edit_type><col_filter_edit_type>NOEDIT</col_filter_edit_type><col_heading_align>c</col_heading_align><col_heading_label xml:lang="en">Type</col_heading_label><col_width>80</col_width><config_id keyed_name="CHAR_TYPE" type="fgc_ColumnDef">C771AEE409DC496E9A5DE1571C1C85A1</config_id><created_by_id keyed_name="Innovator Admin" type="User">30B991F927274FA3829655F50C99472E</created_by_id><created_on>2015-02-24T16:12:06</created_on><css is_null="1"/><current_state is_null="1"/><generation>1</generation><id keyed_name="CHAR_TYPE" type="fgc_ColumnDef">C771AEE409DC496E9A5DE1571C1C85A1</id><is_current>1</is_current><is_lock_column>0</is_lock_column><is_released>0</is_released><keyed_name>CHAR_TYPE</keyed_name><locked_by_id is_null="1"/><major_rev>A</major_rev><managed_by_id is_null="1"/><minor_rev is_null="1"/><modified_by_id keyed_name="Innovator Admin" type="User">30B991F927274FA3829655F50C99472E</modified_by_id><modified_on>2015-02-24T17:20:53</modified_on><new_version>1</new_version><not_lockable>0</not_lockable><owned_by_id keyed_name="Innovator Admin" type="Identity">DBA5D86402BF43D5976854B8B48FCDD1</owned_by_id><permission_id keyed_name="Default Access" type="Permission" origPermission="9122CD065CF04141B8EFE263FC80BEA4">9122CD065CF04141B8EFE263FC80BEA4</permission_id><related_id is_null="1"/><sort_order>30</sort_order><source_id keyed_name="Classification Search Parameter Grid 1" type="fgc_Configuration">9048D3E919EB4881B8782F5EB963803D</source_id><state is_null="1"/><team_id is_null="1"/><col_name>CHAR_TYPE</col_name></Item><Item type="fgc_ColumnDef" typeId="D65D72A88C05433F81585B2AA4B176B4" id="DE653FBEC0A34873A1D84DD5FBB4FFEB"><behavior>float</behavior><classification is_null="1"/><col_align>c</col_align><col_edit_type>NOEDIT</col_edit_type><col_filter_edit_type>NOEDIT</col_filter_edit_type><col_heading_align>c</col_heading_align><col_heading_label xml:lang="en">Unit</col_heading_label><col_width>80</col_width><config_id keyed_name="UNIT" type="fgc_ColumnDef">DE653FBEC0A34873A1D84DD5FBB4FFEB</config_id><created_by_id keyed_name="Innovator Admin" type="User">30B991F927274FA3829655F50C99472E</created_by_id><created_on>2015-03-02T07:22:51</created_on><css is_null="1"/><current_state is_null="1"/><generation>1</generation><id keyed_name="UNIT" type="fgc_ColumnDef">DE653FBEC0A34873A1D84DD5FBB4FFEB</id><is_current>1</is_current><is_lock_column>0</is_lock_column><is_released>0</is_released><keyed_name>UNIT</keyed_name><locked_by_id is_null="1"/><major_rev>A</major_rev><managed_by_id is_null="1"/><minor_rev is_null="1"/><modified_by_id keyed_name="Innovator Admin" type="User">30B991F927274FA3829655F50C99472E</modified_by_id><modified_on>2015-03-02T07:22:51</modified_on><new_version>1</new_version><not_lockable>0</not_lockable><owned_by_id keyed_name="Innovator Admin" type="Identity">DBA5D86402BF43D5976854B8B48FCDD1</owned_by_id><permission_id keyed_name="Default Access" type="Permission" origPermission="9122CD065CF04141B8EFE263FC80BEA4">9122CD065CF04141B8EFE263FC80BEA4</permission_id><related_id is_null="1"/><sort_order>35</sort_order><source_id keyed_name="Classification Search Parameter Grid 1" type="fgc_Configuration">9048D3E919EB4881B8782F5EB963803D</source_id><state is_null="1"/><team_id is_null="1"/><col_name>UNIT</col_name></Item><Item type="fgc_ColumnDef" typeId="D65D72A88C05433F81585B2AA4B176B4" id="7C07F7956320478C82CB29FB306905CF"><behavior>float</behavior><classification is_null="1"/><col_align>l</col_align><col_edit_type>FIELD</col_edit_type><col_filter_edit_type>NOEDIT</col_filter_edit_type><col_heading_align>c</col_heading_align><col_heading_label xml:lang="en">Value</col_heading_label><col_width>200</col_width><config_id keyed_name="VALUE" type="fgc_ColumnDef">7C07F7956320478C82CB29FB306905CF</config_id><created_by_id keyed_name="Innovator Admin" type="User">30B991F927274FA3829655F50C99472E</created_by_id><created_on>2015-02-24T16:12:06</created_on><css is_null="1"/><current_state is_null="1"/><generation>1</generation><id keyed_name="VALUE" type="fgc_ColumnDef">7C07F7956320478C82CB29FB306905CF</id><is_current>1</is_current><is_lock_column>0</is_lock_column><is_released>0</is_released><keyed_name>VALUE</keyed_name><locked_by_id is_null="1"/><major_rev>A</major_rev><managed_by_id is_null="1"/><minor_rev is_null="1"/><modified_by_id keyed_name="Innovator Admin" type="User">30B991F927274FA3829655F50C99472E</modified_by_id><modified_on>2015-02-26T18:24:37</modified_on><new_version>1</new_version><not_lockable>0</not_lockable><owned_by_id keyed_name="Innovator Admin" type="Identity">DBA5D86402BF43D5976854B8B48FCDD1</owned_by_id><permission_id keyed_name="Default Access" type="Permission" origPermission="9122CD065CF04141B8EFE263FC80BEA4">9122CD065CF04141B8EFE263FC80BEA4</permission_id><related_id is_null="1"/><sort_order>40</sort_order><source_id keyed_name="Classification Search Parameter Grid 1" type="fgc_Configuration">9048D3E919EB4881B8782F5EB963803D</source_id><state is_null="1"/><team_id is_null="1"/><col_name>VALUE</col_name></Item><Item type="fgc_MenuAction" typeId="02F1625D84CF445B84601C2A7E55BCD4" id="41A73357D5E64190B262236BBAA94141"><behavior>float</behavior><classification is_null="1"/><config_id keyed_name="41A73357D5E64190B262236BBAA94141" type="fgc_MenuAction">41A73357D5E64190B262236BBAA94141</config_id><created_by_id keyed_name="Innovator Admin" type="User">30B991F927274FA3829655F50C99472E</created_by_id><created_on>2015-02-24T16:12:06</created_on><css is_null="1"/><current_state is_null="1"/><execute_this_action is_null="1"/><generation>1</generation><id keyed_name="41A73357D5E64190B262236BBAA94141" type="fgc_MenuAction">41A73357D5E64190B262236BBAA94141</id><if_effectivity_mode is_null="1"/><if_grid_is_editable is_null="1"/><if_is_owner_manager_of_row_item is_null="1"/><if_is_owner_of_context_item is_null="1"/><if_is_owner_of_row_item is_null="1"/><if_row_item_is_current is_null="1"/><if_row_item_is_locked is_null="1"/><if_row_item_is_released is_null="1"/><if_started_from_tab is_null="1"/><is_current>1</is_current><is_released>0</is_released><is_separator>0</is_separator><keyed_name>41A73357D5E64190B262236BBAA94141</keyed_name><label xml:lang="en">View Item</label><locked_by_id is_null="1"/><major_rev>A</major_rev><managed_by_id is_null="1"/><minor_rev is_null="1"/><modified_by_id keyed_name="Innovator Admin" type="User">30B991F927274FA3829655F50C99472E</modified_by_id><modified_on>2015-02-24T16:12:06</modified_on><name>view_item</name><new_version>1</new_version><not_lockable>0</not_lockable><owned_by_id keyed_name="Innovator Admin" type="Identity">DBA5D86402BF43D5976854B8B48FCDD1</owned_by_id><permission_id keyed_name="Default Access" type="Permission" origPermission="9122CD065CF04141B8EFE263FC80BEA4">9122CD065CF04141B8EFE263FC80BEA4</permission_id><related_id is_null="1"/><sort_order>128</sort_order><source_id keyed_name="Classification Search Parameter Grid 1" type="fgc_Configuration">9048D3E919EB4881B8782F5EB963803D</source_id><state is_null="1"/><team_id is_null="1"/></Item><Item type="fgc_Item Prop MappingDef" typeId="7179707242CF4288B56DD5BD929F6431" id="09854FD3E66647E6A5674C2BBF818402"><behavior>float</behavior><cell_bg_color is_null="1"/><cell_is_editable>0</cell_is_editable><cell_link_item_type is_null="1"/><cell_link_key is_null="1"/><cell_static_value is_null="1" xml:lang="en"/><cell_text_color is_null="1"/><cell_value_type is_null="1"/><<Item action="merge" type=" is_null="1"/><classification is_null="1"/><config_id keyed_name="CLASSPATH item_class_path" type="fgc_Item Prop MappingDef">09854FD3E66647E6A5674C2BBF818402</config_id><created_by_id keyed_name="Innovator Admin" type="User">30B991F927274FA3829655F50C99472E</created_by_id><created_on>2015-02-24T16:12:06</created_on><css is_null="1"/><current_state is_null="1"/><generation>1</generation><id keyed_name="CLASSPATH item_class_path" type="fgc_Item Prop MappingDef">09854FD3E66647E6A5674C2BBF818402</id><is_current>1</is_current><is_rel_property>0</is_rel_property><is_released>0</is_released><keyed_name>CLASSPATH item_class_path</keyed_name><locked_by_id is_null="1"/><major_rev>A</major_rev><managed_by_id is_null="1"/><minor_rev is_null="1"/><modified_by_id keyed_name="Innovator Admin" type="User">30B991F927274FA3829655F50C99472E</modified_by_id><modified_on>2015-03-03T04:53:16</modified_on><new_version>1</new_version><not_lockable>0</not_lockable><owned_by_id keyed_name="Innovator Admin" type="Identity">DBA5D86402BF43D5976854B8B48FCDD1</owned_by_id><permission_id keyed_name="Default Access" type="Permission" origPermission="9122CD065CF04141B8EFE263FC80BEA4">9122CD065CF04141B8EFE263FC80BEA4</permission_id><related_id is_null="1"/><sort_order>10</sort_order><source_id keyed_name="Classification Search Parameter Grid 1" type="fgc_Configuration">9048D3E919EB4881B8782F5EB963803D</source_id><state is_null="1"/><team_id is_null="1"/><col_name>CLASSPATH</col_name><mapped_property>item_class_path</mapped_property></Item><Item type="fgc_Item Prop MappingDef" typeId="7179707242CF4288B56DD5BD929F6431" id="114158EFD9834850A2D34ECF061FA0B4"><behavior>float</behavior><cell_bg_color is_null="1"/><cell_is_editable>0</cell_is_editable><cell_link_item_type is_null="1"/><cell_link_key is_null="1"/><cell_static_value is_null="1" xml:lang="en"/><cell_text_color is_null="1"/><cell_value_type is_null="1"/><<Item action="merge" type=" is_null="1"/><classification is_null="1"/><config_id keyed_name="LABEL label" type="fgc_Item Prop MappingDef">114158EFD9834850A2D34ECF061FA0B4</config_id><created_by_id keyed_name="Innovator Admin" type="User">30B991F927274FA3829655F50C99472E</created_by_id><created_on>2015-02-24T16:12:06</created_on><css is_null="1"/><current_state is_null="1"/><generation>1</generation><id keyed_name="LABEL label" type="fgc_Item Prop MappingDef">114158EFD9834850A2D34ECF061FA0B4</id><is_current>1</is_current><is_rel_property>0</is_rel_property><is_released>0</is_released><keyed_name>LABEL label</keyed_name><locked_by_id is_null="1"/><major_rev>A</major_rev><managed_by_id is_null="1"/><minor_rev is_null="1"/><modified_by_id keyed_name="Innovator Admin" type="User">30B991F927274FA3829655F50C99472E</modified_by_id><modified_on>2015-02-25T15:37:06</modified_on><new_version>1</new_version><not_lockable>0</not_lockable><owned_by_id keyed_name="Innovator Admin" type="Identity">DBA5D86402BF43D5976854B8B48FCDD1</owned_by_id><permission_id keyed_name="Default Access" type="Permission" origPermission="9122CD065CF04141B8EFE263FC80BEA4">9122CD065CF04141B8EFE263FC80BEA4</permission_id><related_id is_null="1"/><sort_order>20</sort_order><source_id keyed_name="Classification Search Parameter Grid 1" type="fgc_Configuration">9048D3E919EB4881B8782F5EB963803D</source_id><state is_null="1"/><team_id is_null="1"/><col_name>LABEL</col_name><mapped_property>label</mapped_property></Item><Item type="fgc_Item Prop MappingDef" typeId="7179707242CF4288B56DD5BD929F6431" id="388A4EC4920249C988E4C605A44E95FE"><behavior>float</behavior><cell_bg_color is_null="1"/><cell_is_editable>0</cell_is_editable><cell_link_item_type is_null="1"/><cell_link_key is_null="1"/><cell_static_value is_null="1" xml:lang="en"/><cell_text_color is_null="1"/><cell_value_type is_null="1"/><<Item action="merge" type=" is_null="1"/><classification is_null="1"/><config_id keyed_name="DESCR description" type="fgc_Item Prop MappingDef">388A4EC4920249C988E4C605A44E95FE</config_id><created_by_id keyed_name="Innovator Admin" type="User">30B991F927274FA3829655F50C99472E</created_by_id><created_on>2015-02-24T16:12:06</created_on><css is_null="1"/><current_state is_null="1"/><generation>1</generation><id keyed_name="DESCR description" type="fgc_Item Prop MappingDef">388A4EC4920249C988E4C605A44E95FE</id><is_current>1</is_current><is_rel_property>0</is_rel_property><is_released>0</is_released><keyed_name>DESCR description</keyed_name><locked_by_id is_null="1"/><major_rev>A</major_rev><managed_by_id is_null="1"/><minor_rev is_null="1"/><modified_by_id keyed_name="Innovator Admin" type="User">30B991F927274FA3829655F50C99472E</modified_by_id><modified_on>2015-03-03T04:53:16</modified_on><new_version>1</new_version><not_lockable>0</not_lockable><owned_by_id keyed_name="Innovator Admin" type="Identity">DBA5D86402BF43D5976854B8B48FCDD1</owned_by_id><permission_id keyed_name="Default Access" type="Permission" origPermission="9122CD065CF04141B8EFE263FC80BEA4">9122CD065CF04141B8EFE263FC80BEA4</permission_id><related_id is_null="1"/><sort_order>28</sort_order><source_id keyed_name="Classification Search Parameter Grid 1" type="fgc_Configuration">9048D3E919EB4881B8782F5EB963803D</source_id><state is_null="1"/><team_id is_null="1"/><col_name>DESCR</col_name><mapped_property>description</mapped_property></Item><Item type="fgc_Item Prop MappingDef" typeId="7179707242CF4288B56DD5BD929F6431" id="366FBB4BB8BC41A3AA4F037FD75FD139"><behavior>float</behavior><cell_bg_color is_null="1"/><cell_is_editable>0</cell_is_editable><cell_link_item_type is_null="1"/><cell_link_key is_null="1"/><cell_static_value is_null="1" xml:lang="en"/><cell_text_color is_null="1"/><cell_value_type is_null="1"/><<Item action="merge" type=" is_null="1"/><classification is_null="1"/><config_id keyed_name="CHAR_TYPE characteristic_value_type" type="fgc_Item Prop MappingDef">366FBB4BB8BC41A3AA4F037FD75FD139</config_id><created_by_id keyed_name="Innovator Admin" type="User">30B991F927274FA3829655F50C99472E</created_by_id><created_on>2015-02-24T16:12:06</created_on><css is_null="1"/><current_state is_null="1"/><generation>1</generation><id keyed_name="CHAR_TYPE characteristic_value_type" type="fgc_Item Prop MappingDef">366FBB4BB8BC41A3AA4F037FD75FD139</id><is_current>1</is_current><is_rel_property>0</is_rel_property><is_released>0</is_released><keyed_name>CHAR_TYPE characteristic_value_type</keyed_name><locked_by_id is_null="1"/><major_rev>A</major_rev><managed_by_id is_null="1"/><minor_rev is_null="1"/><modified_by_id keyed_name="Innovator Admin" type="User">30B991F927274FA3829655F50C99472E</modified_by_id><modified_on>2015-02-25T16:35:53</modified_on><new_version>1</new_version><not_lockable>0</not_lockable><owned_by_id keyed_name="Innovator Admin" type="Identity">DBA5D86402BF43D5976854B8B48FCDD1</owned_by_id><permission_id keyed_name="Default Access" type="Permission" origPermission="9122CD065CF04141B8EFE263FC80BEA4">9122CD065CF04141B8EFE263FC80BEA4</permission_id><related_id is_null="1"/><sort_order>30</sort_order><source_id keyed_name="Classification Search Parameter Grid 1" type="fgc_Configuration">9048D3E919EB4881B8782F5EB963803D</source_id><state is_null="1"/><team_id is_null="1"/><col_name>CHAR_TYPE</col_name><mapped_property>characteristic_value_type</mapped_property></Item><Item type="fgc_Item Prop MappingDef" typeId="7179707242CF4288B56DD5BD929F6431" id="2F3BA1AA21564BBFA4AD9498DD83E8A1"><behavior>float</behavior><cell_bg_color is_null="1"/><cell_is_editable>0</cell_is_editable><cell_link_item_type is_null="1"/><cell_link_key is_null="1"/><cell_static_value xml:lang="en"></cell_static_value><cell_text_color is_null="1"/><cell_value_type is_null="1"/><<Item action="merge" type=" is_null="1"/><classification is_null="1"/><config_id keyed_name="UNIT value_unit_of_measure" type="fgc_Item Prop MappingDef">2F3BA1AA21564BBFA4AD9498DD83E8A1</config_id><created_by_id keyed_name="Innovator Admin" type="User">30B991F927274FA3829655F50C99472E</created_by_id><created_on>2015-03-02T07:24:10</created_on><css is_null="1"/><current_state is_null="1"/><generation>1</generation><id keyed_name="UNIT value_unit_of_measure" type="fgc_Item Prop MappingDef">2F3BA1AA21564BBFA4AD9498DD83E8A1</id><is_current>1</is_current><is_rel_property>0</is_rel_property><is_released>0</is_released><keyed_name>UNIT value_unit_of_measure</keyed_name><locked_by_id is_null="1"/><major_rev>A</major_rev><managed_by_id is_null="1"/><minor_rev is_null="1"/><modified_by_id keyed_name="Innovator Admin" type="User">30B991F927274FA3829655F50C99472E</modified_by_id><modified_on>2015-03-02T07:24:10</modified_on><new_version>1</new_version><not_lockable>0</not_lockable><owned_by_id keyed_name="Innovator Admin" type="Identity">DBA5D86402BF43D5976854B8B48FCDD1</owned_by_id><permission_id keyed_name="Default Access" type="Permission" origPermission="9122CD065CF04141B8EFE263FC80BEA4">9122CD065CF04141B8EFE263FC80BEA4</permission_id><related_id is_null="1"/><sort_order>35</sort_order><source_id keyed_name="Classification Search Parameter Grid 1" type="fgc_Configuration">9048D3E919EB4881B8782F5EB963803D</source_id><state is_null="1"/><team_id is_null="1"/><col_name>UNIT</col_name><mapped_property>value_unit_of_measure</mapped_property></Item><Item type="fgc_Item Prop MappingDef" typeId="7179707242CF4288B56DD5BD929F6431" id="B23C26C6E6094C63A279E505E3EBFA09"><behavior>float</behavior><cell_bg_color is_null="1"/><cell_is_editable>1</cell_is_editable><cell_link_item_type is_null="1"/><cell_link_key is_null="1"/><cell_static_value is_null="1" xml:lang="en"/><cell_text_color is_null="1"/><cell_value_type is_null="1"/><<Item action="merge" type=" is_null="1"/><classification is_null="1"/><config_id keyed_name="VALUE value" type="fgc_Item Prop MappingDef">B23C26C6E6094C63A279E505E3EBFA09</config_id><created_by_id keyed_name="Innovator Admin" type="User">30B991F927274FA3829655F50C99472E</created_by_id><created_on>2015-02-24T16:12:06</created_on><css is_null="1"/><current_state is_null="1"/><generation>1</generation><id keyed_name="VALUE value" type="fgc_Item Prop MappingDef">B23C26C6E6094C63A279E505E3EBFA09</id><is_current>1</is_current><is_rel_property>0</is_rel_property><is_released>0</is_released><keyed_name>VALUE value</keyed_name><locked_by_id is_null="1"/><major_rev>A</major_rev><managed_by_id is_null="1"/><minor_rev is_null="1"/><modified_by_id keyed_name="Innovator Admin" type="User">30B991F927274FA3829655F50C99472E</modified_by_id><modified_on>2015-02-26T18:17:30</modified_on><new_version>1</new_version><not_lockable>0</not_lockable><owned_by_id keyed_name="Innovator Admin" type="Identity">DBA5D86402BF43D5976854B8B48FCDD1</owned_by_id><permission_id keyed_name="Default Access" type="Permission" origPermission="9122CD065CF04141B8EFE263FC80BEA4">9122CD065CF04141B8EFE263FC80BEA4</permission_id><related_id is_null="1"/><sort_order>40</sort_order><source_id keyed_name="Classification Search Parameter Grid 1" type="fgc_Configuration">9048D3E919EB4881B8782F5EB963803D</source_id><state is_null="1"/><team_id is_null="1"/><col_name>VALUE</col_name><mapped_property>value</mapped_property></Item></Relationships></Item>
</AML>