﻿<AML>
<Item type="fgc_Configuration" typeId="362FB8A676BC4A50B430FA6FA79EAD3F" id="E6B10B64AABE4DA7842D34982C8783D7"><classification is_null="1"/><config_id keyed_name="Classification PartSearch Results Grid 1" type="fgc_Configuration">E6B10B64AABE4DA7842D34982C8783D7</config_id><created_by_id keyed_name="Innovator Admin" type="User">30B991F927274FA3829655F50C99472E</created_by_id><created_on>2015-02-24T18:05:42</created_on><css is_null="1"/><current_state keyed_name="Released" type="Life Cycle State" name="Released">ED76795A698342309491A099FEEA2BA2</current_state><description>Only base columns are defined - more columns for characteristics values are generated dynamically</description><effective_date>2015-02-24T18:07:38</effective_date><grid_item_type>Part</grid_item_type><id keyed_name="Classification PartSearch Results Grid 1" type="fgc_Configuration">E6B10B64AABE4DA7842D34982C8783D7</id><is_current>1</is_current><is_released>1</is_released><item_released_condition is_null="1"/><item_select_properties>id,config_id,generation,major_rev,state,current_state(label),is_released,is_current,modified_by_id(keyed_name),locked_by_id(keyed_name),owned_by_id(keyed_name),managed_by_id(keyed_name),item_number,name,description,classification,</item_select_properties><keyed_name>Classification PartSearch Results Grid 1</keyed_name><locked_by_id is_null="1"/><major_rev>A</major_rev><managed_by_id is_null="1"/><minor_rev is_null="1"/><modified_by_id keyed_name="Innovator Admin" type="User">30B991F927274FA3829655F50C99472E</modified_by_id><modified_on>2015-03-10T04:16:37</modified_on><new_version>1</new_version><not_lockable>0</not_lockable><owned_by_id keyed_name="Innovator Admin" type="Identity">DBA5D86402BF43D5976854B8B48FCDD1</owned_by_id><permission_id keyed_name="Default Access" type="Permission" origPermission="9122CD065CF04141B8EFE263FC80BEA4">9122CD065CF04141B8EFE263FC80BEA4</permission_id><release_date>2015-02-24T18:07:38</release_date><state>Released</state><superseded_date is_null="1"/><team_id is_null="1"/><toolbar_id>result_toolbar</toolbar_id><name>Classification PartSearch Results Grid</name><generation>1</generation><Relationships><Item type="fgc_Constant" typeId="C244DA7A70264D8C8980DAC3A9985335" id="1139A0DCD4C5439597A1E7172253D9BE"><constant_type>Boolean</constant_type><description is_null="1"/><grouping>Grid Behaviour</grouping><id keyed_name="1139A0DCD4C5439597A1E7172253D9BE" type="fgc_Constant">1139A0DCD4C5439597A1E7172253D9BE</id><name>enableHtm</name><sort_order>2304</sort_order><source_id keyed_name="Classification PartSearch Results Grid 1" type="fgc_Configuration">E6B10B64AABE4DA7842D34982C8783D7</source_id><value xml:lang="en">false</value></Item><Item type="fgc_Constant" typeId="C244DA7A70264D8C8980DAC3A9985335" id="171BC3E0D6B24C16997F172D61407EF6"><constant_type>Boolean</constant_type><description is_null="1"/><grouping>Grid Behaviour</grouping><id keyed_name="171BC3E0D6B24C16997F172D61407EF6" type="fgc_Constant">171BC3E0D6B24C16997F172D61407EF6</id><name>hasInputRow</name><sort_order>640</sort_order><source_id keyed_name="Classification PartSearch Results Grid 1" type="fgc_Configuration">E6B10B64AABE4DA7842D34982C8783D7</source_id><value xml:lang="en">false</value></Item><Item type="fgc_Constant" typeId="C244DA7A70264D8C8980DAC3A9985335" id="1FEFE2B0952C44C7BBE1A98061854526"><constant_type>Boolean</constant_type><description is_null="1"/><grouping>Grid Behaviour</grouping><id keyed_name="1FEFE2B0952C44C7BBE1A98061854526" type="fgc_Constant">1FEFE2B0952C44C7BBE1A98061854526</id><name>allowMultiSelect</name><sort_order>2176</sort_order><source_id keyed_name="Classification PartSearch Results Grid 1" type="fgc_Configuration">E6B10B64AABE4DA7842D34982C8783D7</source_id><value xml:lang="en">false</value></Item><Item type="fgc_Constant" typeId="C244DA7A70264D8C8980DAC3A9985335" id="D6711E6F5DD54071882BB1369A0244DB"><constant_type>Boolean</constant_type><description is_null="1"/><grouping>Grid Behaviour</grouping><id keyed_name="D6711E6F5DD54071882BB1369A0244DB" type="fgc_Constant">D6711E6F5DD54071882BB1369A0244DB</id><name>gridIsEditable</name><sort_order>2048</sort_order><source_id keyed_name="Classification PartSearch Results Grid 1" type="fgc_Configuration">E6B10B64AABE4DA7842D34982C8783D7</source_id><value xml:lang="en">false</value></Item><Item type="fgc_Constant" typeId="C244DA7A70264D8C8980DAC3A9985335" id="E8500EA730B54415BBE5507FB11EC058"><constant_type>Boolean</constant_type><description is_null="1"/><grouping>Grid Behaviour</grouping><id keyed_name="E8500EA730B54415BBE5507FB11EC058" type="fgc_Constant">E8500EA730B54415BBE5507FB11EC058</id><name>columnsDragable</name><sort_order>512</sort_order><source_id keyed_name="Classification PartSearch Results Grid 1" type="fgc_Configuration">E6B10B64AABE4DA7842D34982C8783D7</source_id><value xml:lang="en">false</value></Item><Item type="fgc_Constant" typeId="C244DA7A70264D8C8980DAC3A9985335" id="98C57C59DD0B46EE8EDCEEEFD8995E80"><constant_type>Color</constant_type><description is_null="1"/><grouping>Grid Style</grouping><id keyed_name="98C57C59DD0B46EE8EDCEEEFD8995E80" type="fgc_Constant">98C57C59DD0B46EE8EDCEEEFD8995E80</id><name>gridBgColor</name><sort_order>768</sort_order><source_id keyed_name="Classification PartSearch Results Grid 1" type="fgc_Configuration">E6B10B64AABE4DA7842D34982C8783D7</source_id><value xml:lang="en">white</value></Item><Item type="fgc_Constant" typeId="C244DA7A70264D8C8980DAC3A9985335" id="ACB06C0AC98244939790272D6CA0E115"><constant_type>Color</constant_type><description is_null="1"/><grouping>Grid Style</grouping><id keyed_name="ACB06C0AC98244939790272D6CA0E115" type="fgc_Constant">ACB06C0AC98244939790272D6CA0E115</id><name>gridSelectorBgColor</name><sort_order>256</sort_order><source_id keyed_name="Classification PartSearch Results Grid 1" type="fgc_Configuration">E6B10B64AABE4DA7842D34982C8783D7</source_id><value xml:lang="en">steelblue</value></Item><Item type="fgc_Constant" typeId="C244DA7A70264D8C8980DAC3A9985335" id="ADC80C8E97DB464CAA5161E4CE7BD519"><constant_type>Color</constant_type><description is_null="1"/><grouping>Grid Style</grouping><id keyed_name="ADC80C8E97DB464CAA5161E4CE7BD519" type="fgc_Constant">ADC80C8E97DB464CAA5161E4CE7BD519</id><name>gridSelectorTextColor</name><sort_order>384</sort_order><source_id keyed_name="Classification PartSearch Results Grid 1" type="fgc_Configuration">E6B10B64AABE4DA7842D34982C8783D7</source_id><value xml:lang="en">steelblue</value></Item><Item type="fgc_Constant" typeId="C244DA7A70264D8C8980DAC3A9985335" id="BA412585E81F4DADB5123E520302E242"><constant_type>Text</constant_type><description is_null="1"/><grouping>Grid Style</grouping><id keyed_name="BA412585E81F4DADB5123E520302E242" type="fgc_Constant">BA412585E81F4DADB5123E520302E242</id><name>gridFont</name><sort_order>128</sort_order><source_id keyed_name="Classification PartSearch Results Grid 1" type="fgc_Configuration">E6B10B64AABE4DA7842D34982C8783D7</source_id><value xml:lang="en">Microsoft Sans Serif-8</value></Item><Item type="fgc_Constant" typeId="C244DA7A70264D8C8980DAC3A9985335" id="362F358CBF054103AA826FB01C8F9F2F"><constant_type>Color</constant_type><description></description><grouping>variable columns</grouping><id keyed_name="362F358CBF054103AA826FB01C8F9F2F" type="fgc_Constant">362F358CBF054103AA826FB01C8F9F2F</id><name>varColumnCellBgColor</name><sort_order>1920</sort_order><source_id keyed_name="Classification PartSearch Results Grid 1" type="fgc_Configuration">E6B10B64AABE4DA7842D34982C8783D7</source_id><value xml:lang="en">WhiteSmoke</value></Item><Item type="fgc_Constant" typeId="C244DA7A70264D8C8980DAC3A9985335" id="3C68FB0635CC4A96B7811FC1334DFEAE"><constant_type>Text</constant_type><description is_null="1"/><grouping>variable columns</grouping><id keyed_name="3C68FB0635CC4A96B7811FC1334DFEAE" type="fgc_Constant">3C68FB0635CC4A96B7811FC1334DFEAE</id><name>varColumnTextWidth</name><sort_order>896</sort_order><source_id keyed_name="Classification PartSearch Results Grid 1" type="fgc_Configuration">E6B10B64AABE4DA7842D34982C8783D7</source_id><value xml:lang="en">200</value></Item><Item type="fgc_Constant" typeId="C244DA7A70264D8C8980DAC3A9985335" id="49B14D384D074EEAA33117DFB6F31C13"><constant_type>Text</constant_type><description is_null="1"/><grouping>variable columns</grouping><id keyed_name="49B14D384D074EEAA33117DFB6F31C13" type="fgc_Constant">49B14D384D074EEAA33117DFB6F31C13</id><name>varColumnDefaultWidth</name><sort_order>1664</sort_order><source_id keyed_name="Classification PartSearch Results Grid 1" type="fgc_Configuration">E6B10B64AABE4DA7842D34982C8783D7</source_id><value xml:lang="en">100</value></Item><Item type="fgc_Constant" typeId="C244DA7A70264D8C8980DAC3A9985335" id="50769469D4B14081A9EDDC2CC5458B81"><constant_type>Text</constant_type><description is_null="1"/><grouping>variable columns</grouping><id keyed_name="50769469D4B14081A9EDDC2CC5458B81" type="fgc_Constant">50769469D4B14081A9EDDC2CC5458B81</id><name>varColumnListWidth</name><sort_order>1408</sort_order><source_id keyed_name="Classification PartSearch Results Grid 1" type="fgc_Configuration">E6B10B64AABE4DA7842D34982C8783D7</source_id><value xml:lang="en">100</value></Item><Item type="fgc_Constant" typeId="C244DA7A70264D8C8980DAC3A9985335" id="772D314EB648450BA5B25748BFE7945C"><constant_type>Text</constant_type><description is_null="1"/><grouping>variable columns</grouping><id keyed_name="772D314EB648450BA5B25748BFE7945C" type="fgc_Constant">772D314EB648450BA5B25748BFE7945C</id><name>varColumnListAlign</name><sort_order>1536</sort_order><source_id keyed_name="Classification PartSearch Results Grid 1" type="fgc_Configuration">E6B10B64AABE4DA7842D34982C8783D7</source_id><value xml:lang="en">c</value></Item><Item type="fgc_Constant" typeId="C244DA7A70264D8C8980DAC3A9985335" id="B4366FC5F3E14ECABDBD43B9AAC8876C"><constant_type>Text</constant_type><description is_null="1"/><grouping>variable columns</grouping><id keyed_name="B4366FC5F3E14ECABDBD43B9AAC8876C" type="fgc_Constant">B4366FC5F3E14ECABDBD43B9AAC8876C</id><name>varColumnNumberWidth</name><sort_order>1152</sort_order><source_id keyed_name="Classification PartSearch Results Grid 1" type="fgc_Configuration">E6B10B64AABE4DA7842D34982C8783D7</source_id><value xml:lang="en">100</value></Item><Item type="fgc_Constant" typeId="C244DA7A70264D8C8980DAC3A9985335" id="BECD0F334BA448D8A0E1D748554C7B33"><constant_type>Text</constant_type><description is_null="1"/><grouping>variable columns</grouping><id keyed_name="BECD0F334BA448D8A0E1D748554C7B33" type="fgc_Constant">BECD0F334BA448D8A0E1D748554C7B33</id><name>varColumnDefaultAlign</name><sort_order>1792</sort_order><source_id keyed_name="Classification PartSearch Results Grid 1" type="fgc_Configuration">E6B10B64AABE4DA7842D34982C8783D7</source_id><value xml:lang="en">c</value></Item><Item type="fgc_Constant" typeId="C244DA7A70264D8C8980DAC3A9985335" id="DBD9A50CF2204188A86F81F48113F26B"><constant_type>Text</constant_type><description is_null="1"/><grouping>variable columns</grouping><id keyed_name="DBD9A50CF2204188A86F81F48113F26B" type="fgc_Constant">DBD9A50CF2204188A86F81F48113F26B</id><name>varColumnTextAlign</name><sort_order>1024</sort_order><source_id keyed_name="Classification PartSearch Results Grid 1" type="fgc_Configuration">E6B10B64AABE4DA7842D34982C8783D7</source_id><value xml:lang="en">l</value></Item><Item type="fgc_Constant" typeId="C244DA7A70264D8C8980DAC3A9985335" id="DD1CA4468C024A8DB863960FB50D4F4D"><constant_type>Text</constant_type><description is_null="1"/><grouping>variable columns</grouping><id keyed_name="DD1CA4468C024A8DB863960FB50D4F4D" type="fgc_Constant">DD1CA4468C024A8DB863960FB50D4F4D</id><name>varColumnNumberAlign</name><sort_order>1280</sort_order><source_id keyed_name="Classification PartSearch Results Grid 1" type="fgc_Configuration">E6B10B64AABE4DA7842D34982C8783D7</source_id><value xml:lang="en">r</value></Item><Item type="fgc_Toolbar Element" typeId="42FE71D769E14FC2BFD6964A538E0883" id="CAE33B910B5E4EFFB9D38ED2D683D3C0"><behavior>float</behavior><classification is_null="1"/><config_id keyed_name="button results_execute_search" type="fgc_Toolbar Element">CAE33B910B5E4EFFB9D38ED2D683D3C0</config_id><created_by_id keyed_name="Innovator Admin" type="User">30B991F927274FA3829655F50C99472E</created_by_id><created_on>2015-02-25T20:10:50</created_on><css is_null="1"/><current_state is_null="1"/><element_disabled>0</element_disabled><element_image>../images/ExecuteSearch.svg</element_image><element_label xml:lang="en"></element_label><element_size is_null="1"/><element_style is_null="1"/><element_text xml:lang="en">Search</element_text><element_tooltip>Execute Search</element_tooltip><generation>1</generation><id keyed_name="button results_execute_search" type="fgc_Toolbar Element">CAE33B910B5E4EFFB9D38ED2D683D3C0</id><is_current>1</is_current><is_released>0</is_released><keyed_name>button results_execute_search</keyed_name><locked_by_id is_null="1"/><major_rev>A</major_rev><managed_by_id is_null="1"/><minor_rev is_null="1"/><modified_by_id keyed_name="Innovator Admin" type="User">30B991F927274FA3829655F50C99472E</modified_by_id><modified_on>2015-02-25T20:17:29</modified_on><new_version>1</new_version><not_lockable>0</not_lockable><owned_by_id keyed_name="Innovator Admin" type="Identity">DBA5D86402BF43D5976854B8B48FCDD1</owned_by_id><permission_id keyed_name="Default Access" type="Permission" origPermission="9122CD065CF04141B8EFE263FC80BEA4">9122CD065CF04141B8EFE263FC80BEA4</permission_id><related_id is_null="1"/><sort_order>10</sort_order><source_id keyed_name="Classification PartSearch Results Grid 1" type="fgc_Configuration">E6B10B64AABE4DA7842D34982C8783D7</source_id><state is_null="1"/><team_id is_null="1"/><element_type>button</element_type><element_id>results_execute_search</element_id></Item><Item type="fgc_Toolbar Element" typeId="42FE71D769E14FC2BFD6964A538E0883" id="41C49620E1F440F2B31AA922F517C778"><behavior>float</behavior><classification is_null="1"/><config_id keyed_name="button results_clear_search" type="fgc_Toolbar Element">41C49620E1F440F2B31AA922F517C778</config_id><created_by_id keyed_name="Innovator Admin" type="User">30B991F927274FA3829655F50C99472E</created_by_id><created_on>2015-02-25T20:10:50</created_on><css is_null="1"/><current_state is_null="1"/><element_disabled>0</element_disabled><element_image>../images/ClearSearchCriteria.svg</element_image><element_label is_null="1" xml:lang="en"/><element_size is_null="1"/><element_style is_null="1"/><element_text xml:lang="en">Clear</element_text><element_tooltip>Clear Search Criteria</element_tooltip><generation>1</generation><id keyed_name="button results_clear_search" type="fgc_Toolbar Element">41C49620E1F440F2B31AA922F517C778</id><is_current>1</is_current><is_released>0</is_released><keyed_name>button results_clear_search</keyed_name><locked_by_id is_null="1"/><major_rev>A</major_rev><managed_by_id is_null="1"/><minor_rev is_null="1"/><modified_by_id keyed_name="Innovator Admin" type="User">30B991F927274FA3829655F50C99472E</modified_by_id><modified_on>2015-02-25T20:17:29</modified_on><new_version>1</new_version><not_lockable>0</not_lockable><owned_by_id keyed_name="Innovator Admin" type="Identity">DBA5D86402BF43D5976854B8B48FCDD1</owned_by_id><permission_id keyed_name="Default Access" type="Permission" origPermission="9122CD065CF04141B8EFE263FC80BEA4">9122CD065CF04141B8EFE263FC80BEA4</permission_id><related_id is_null="1"/><sort_order>20</sort_order><source_id keyed_name="Classification PartSearch Results Grid 1" type="fgc_Configuration">E6B10B64AABE4DA7842D34982C8783D7</source_id><state is_null="1"/><team_id is_null="1"/><element_type>button</element_type><element_id>results_clear_search</element_id></Item><Item type="fgc_Toolbar Element" typeId="42FE71D769E14FC2BFD6964A538E0883" id="B11F6F9CBC414B2F94122F5030BDF66E"><behavior>float</behavior><classification is_null="1"/><config_id keyed_name="separator results_sep1" type="fgc_Toolbar Element">B11F6F9CBC414B2F94122F5030BDF66E</config_id><created_by_id keyed_name="Innovator Admin" type="User">30B991F927274FA3829655F50C99472E</created_by_id><created_on>2015-02-25T20:12:30</created_on><css is_null="1"/><current_state is_null="1"/><element_disabled>0</element_disabled><element_image is_null="1"/><element_label is_null="1" xml:lang="en"/><element_size is_null="1"/><element_style is_null="1"/><element_text is_null="1" xml:lang="en"/><element_tooltip is_null="1"/><generation>1</generation><id keyed_name="separator results_sep1" type="fgc_Toolbar Element">B11F6F9CBC414B2F94122F5030BDF66E</id><is_current>1</is_current><is_released>0</is_released><keyed_name>separator results_sep1</keyed_name><locked_by_id is_null="1"/><major_rev>A</major_rev><managed_by_id is_null="1"/><minor_rev is_null="1"/><modified_by_id keyed_name="Innovator Admin" type="User">30B991F927274FA3829655F50C99472E</modified_by_id><modified_on>2015-02-25T20:12:30</modified_on><new_version>1</new_version><not_lockable>0</not_lockable><owned_by_id keyed_name="Innovator Admin" type="Identity">DBA5D86402BF43D5976854B8B48FCDD1</owned_by_id><permission_id keyed_name="Default Access" type="Permission" origPermission="9122CD065CF04141B8EFE263FC80BEA4">9122CD065CF04141B8EFE263FC80BEA4</permission_id><related_id is_null="1"/><sort_order>25</sort_order><source_id keyed_name="Classification PartSearch Results Grid 1" type="fgc_Configuration">E6B10B64AABE4DA7842D34982C8783D7</source_id><state is_null="1"/><team_id is_null="1"/><element_type>separator</element_type><element_id>results_sep1</element_id></Item><Item type="fgc_Toolbar Element" typeId="42FE71D769E14FC2BFD6964A538E0883" id="51F5B3C900EF4F379602643AA36B0699"><behavior>float</behavior><classification is_null="1"/><config_id keyed_name="button results_view_item" type="fgc_Toolbar Element">51F5B3C900EF4F379602643AA36B0699</config_id><created_by_id keyed_name="Innovator Admin" type="User">30B991F927274FA3829655F50C99472E</created_by_id><created_on>2015-02-24T18:22:25</created_on><css is_null="1"/><current_state is_null="1"/><element_disabled>0</element_disabled><element_image>../images/ViewItem.svg</element_image><element_label xml:lang="en"></element_label><element_size is_null="1"/><element_style is_null="1"/><element_text xml:lang="en">Open Item</element_text><element_tooltip>Open Item</element_tooltip><generation>1</generation><id keyed_name="button results_view_item" type="fgc_Toolbar Element">51F5B3C900EF4F379602643AA36B0699</id><is_current>1</is_current><is_released>0</is_released><keyed_name>button results_view_item</keyed_name><locked_by_id is_null="1"/><major_rev>A</major_rev><managed_by_id is_null="1"/><minor_rev is_null="1"/><modified_by_id keyed_name="Innovator Admin" type="User">30B991F927274FA3829655F50C99472E</modified_by_id><modified_on>2015-02-25T20:12:30</modified_on><new_version>1</new_version><not_lockable>0</not_lockable><owned_by_id keyed_name="Innovator Admin" type="Identity">DBA5D86402BF43D5976854B8B48FCDD1</owned_by_id><permission_id keyed_name="Default Access" type="Permission" origPermission="9122CD065CF04141B8EFE263FC80BEA4">9122CD065CF04141B8EFE263FC80BEA4</permission_id><related_id is_null="1"/><sort_order>33</sort_order><source_id keyed_name="Classification PartSearch Results Grid 1" type="fgc_Configuration">E6B10B64AABE4DA7842D34982C8783D7</source_id><state is_null="1"/><team_id is_null="1"/><element_type>button</element_type><element_id>results_view_item</element_id></Item><Item type="fgc_Toolbar Element" typeId="42FE71D769E14FC2BFD6964A538E0883" id="41254A0DF9474977B7E30DB4274D0C7D"><behavior>float</behavior><classification is_null="1"/><config_id keyed_name="separator results_sep2" type="fgc_Toolbar Element">41254A0DF9474977B7E30DB4274D0C7D</config_id><created_by_id keyed_name="Innovator Admin" type="User">30B991F927274FA3829655F50C99472E</created_by_id><created_on>2015-02-24T18:05:42</created_on><css is_null="1"/><current_state is_null="1"/><element_disabled>0</element_disabled><element_image is_null="1"/><element_label is_null="1" xml:lang="en"/><element_size is_null="1"/><element_style is_null="1"/><element_text is_null="1" xml:lang="en"/><element_tooltip is_null="1"/><generation>1</generation><id keyed_name="separator results_sep2" type="fgc_Toolbar Element">41254A0DF9474977B7E30DB4274D0C7D</id><is_current>1</is_current><is_released>0</is_released><keyed_name>separator results_sep2</keyed_name><locked_by_id is_null="1"/><major_rev>A</major_rev><managed_by_id is_null="1"/><minor_rev is_null="1"/><modified_by_id keyed_name="Innovator Admin" type="User">30B991F927274FA3829655F50C99472E</modified_by_id><modified_on>2015-02-25T20:12:30</modified_on><new_version>1</new_version><not_lockable>0</not_lockable><owned_by_id keyed_name="Innovator Admin" type="Identity">DBA5D86402BF43D5976854B8B48FCDD1</owned_by_id><permission_id keyed_name="Default Access" type="Permission" origPermission="9122CD065CF04141B8EFE263FC80BEA4">9122CD065CF04141B8EFE263FC80BEA4</permission_id><related_id is_null="1"/><sort_order>35</sort_order><source_id keyed_name="Classification PartSearch Results Grid 1" type="fgc_Configuration">E6B10B64AABE4DA7842D34982C8783D7</source_id><state is_null="1"/><team_id is_null="1"/><element_type>separator</element_type><element_id>results_sep2</element_id></Item><Item type="fgc_Toolbar Element" typeId="42FE71D769E14FC2BFD6964A538E0883" id="7A4062311F9B4716801B85E36E353147"><behavior>float</behavior><classification is_null="1"/><config_id keyed_name="choice results_match_class" type="fgc_Toolbar Element">7A4062311F9B4716801B85E36E353147</config_id><created_by_id keyed_name="Innovator Admin" type="User">30B991F927274FA3829655F50C99472E</created_by_id><created_on>2015-02-24T18:05:42</created_on><css is_null="1"/><current_state is_null="1"/><element_disabled>0</element_disabled><element_image is_null="1"/><element_label xml:lang="en">Parts match selected Class:</element_label><element_size is_null="1"/><element_style is_null="1"/><element_text xml:lang="en"></element_text><element_tooltip>Parts match Class</element_tooltip><generation>1</generation><id keyed_name="choice results_match_class" type="fgc_Toolbar Element">7A4062311F9B4716801B85E36E353147</id><is_current>1</is_current><is_released>0</is_released><keyed_name>choice results_match_class</keyed_name><locked_by_id is_null="1"/><major_rev>A</major_rev><managed_by_id is_null="1"/><minor_rev is_null="1"/><modified_by_id keyed_name="Innovator Admin" type="User">30B991F927274FA3829655F50C99472E</modified_by_id><modified_on>2015-03-03T08:31:24</modified_on><new_version>1</new_version><not_lockable>0</not_lockable><owned_by_id keyed_name="Innovator Admin" type="Identity">DBA5D86402BF43D5976854B8B48FCDD1</owned_by_id><permission_id keyed_name="Default Access" type="Permission" origPermission="9122CD065CF04141B8EFE263FC80BEA4">9122CD065CF04141B8EFE263FC80BEA4</permission_id><related_id is_null="1"/><sort_order>40</sort_order><source_id keyed_name="Classification PartSearch Results Grid 1" type="fgc_Configuration">E6B10B64AABE4DA7842D34982C8783D7</source_id><state is_null="1"/><team_id is_null="1"/><element_type>choice</element_type><element_id>results_match_class</element_id><Relationships><Item type="fgc_Toolbar Element Choice" typeId="EFB60354D53E4324A4CB0F3C348576EC" id="AC443EE9B67044369DCE3766EC12E825"><behavior>float</behavior><choice_text_value xml:lang="en">No</choice_text_value><classification is_null="1"/><config_id keyed_name="reults_match_class_no" type="fgc_Toolbar Element Choice">AC443EE9B67044369DCE3766EC12E825</config_id><created_by_id keyed_name="Innovator Admin" type="User">30B991F927274FA3829655F50C99472E</created_by_id><created_on>2015-02-24T18:05:42</created_on><css is_null="1"/><current_state is_null="1"/><generation>1</generation><id keyed_name="reults_match_class_no" type="fgc_Toolbar Element Choice">AC443EE9B67044369DCE3766EC12E825</id><is_current>1</is_current><is_released>0</is_released><keyed_name>reults_match_class_no</keyed_name><locked_by_id is_null="1"/><major_rev>A</major_rev><managed_by_id is_null="1"/><minor_rev is_null="1"/><modified_by_id keyed_name="Innovator Admin" type="User">30B991F927274FA3829655F50C99472E</modified_by_id><modified_on>2015-03-03T04:29:52</modified_on><new_version>1</new_version><not_lockable>0</not_lockable><owned_by_id is_null="1"/><permission_id keyed_name="Default Access" type="Permission" origPermission="9122CD065CF04141B8EFE263FC80BEA4">9122CD065CF04141B8EFE263FC80BEA4</permission_id><related_id is_null="1"/><sort_order>10</sort_order><source_id keyed_name="choice results_match_class" type="fgc_Toolbar Element">7A4062311F9B4716801B85E36E353147</source_id><state is_null="1"/><team_id is_null="1"/><choice_id>reults_match_class_no</choice_id></Item><Item type="fgc_Toolbar Element Choice" typeId="EFB60354D53E4324A4CB0F3C348576EC" id="B9CB7AC885C542F5A7855B1CA383D309"><behavior>float</behavior><choice_text_value xml:lang="en">Yes</choice_text_value><classification is_null="1"/><config_id keyed_name="reults_match_class_yes" type="fgc_Toolbar Element Choice">B9CB7AC885C542F5A7855B1CA383D309</config_id><created_by_id keyed_name="Innovator Admin" type="User">30B991F927274FA3829655F50C99472E</created_by_id><created_on>2015-02-24T18:05:42</created_on><css is_null="1"/><current_state is_null="1"/><generation>1</generation><id keyed_name="reults_match_class_yes" type="fgc_Toolbar Element Choice">B9CB7AC885C542F5A7855B1CA383D309</id><is_current>1</is_current><is_released>0</is_released><keyed_name>reults_match_class_yes</keyed_name><locked_by_id is_null="1"/><major_rev>A</major_rev><managed_by_id is_null="1"/><minor_rev is_null="1"/><modified_by_id keyed_name="Innovator Admin" type="User">30B991F927274FA3829655F50C99472E</modified_by_id><modified_on>2015-03-03T04:29:52</modified_on><new_version>1</new_version><not_lockable>0</not_lockable><owned_by_id is_null="1"/><permission_id keyed_name="Default Access" type="Permission" origPermission="9122CD065CF04141B8EFE263FC80BEA4">9122CD065CF04141B8EFE263FC80BEA4</permission_id><related_id is_null="1"/><sort_order>20</sort_order><source_id keyed_name="choice results_match_class" type="fgc_Toolbar Element">7A4062311F9B4716801B85E36E353147</source_id><state is_null="1"/><team_id is_null="1"/><choice_id>reults_match_class_yes</choice_id></Item></Relationships></Item><Item type="fgc_ColumnDef" typeId="D65D72A88C05433F81585B2AA4B176B4" id="21173FE74CB34439AD276C38ED326283"><behavior>float</behavior><classification is_null="1"/><col_align>c</col_align><col_edit_type>NOEDIT</col_edit_type><col_filter_edit_type>NOEDIT</col_filter_edit_type><col_heading_align>c</col_heading_align><col_heading_label xml:lang="en">.</col_heading_label><col_width>30</col_width><config_id keyed_name="ICON" type="fgc_ColumnDef">21173FE74CB34439AD276C38ED326283</config_id><created_by_id keyed_name="Innovator Admin" type="User">30B991F927274FA3829655F50C99472E</created_by_id><created_on>2015-02-24T18:14:45</created_on><css is_null="1"/><current_state is_null="1"/><generation>1</generation><id keyed_name="ICON" type="fgc_ColumnDef">21173FE74CB34439AD276C38ED326283</id><is_current>1</is_current><is_lock_column>0</is_lock_column><is_released>0</is_released><keyed_name>ICON</keyed_name><locked_by_id is_null="1"/><major_rev>A</major_rev><managed_by_id is_null="1"/><minor_rev is_null="1"/><modified_by_id keyed_name="Innovator Admin" type="User">30B991F927274FA3829655F50C99472E</modified_by_id><modified_on>2015-02-24T18:14:45</modified_on><new_version>1</new_version><not_lockable>0</not_lockable><owned_by_id keyed_name="Innovator Admin" type="Identity">DBA5D86402BF43D5976854B8B48FCDD1</owned_by_id><permission_id keyed_name="Default Access" type="Permission" origPermission="9122CD065CF04141B8EFE263FC80BEA4">9122CD065CF04141B8EFE263FC80BEA4</permission_id><related_id is_null="1"/><sort_order>10</sort_order><source_id keyed_name="Classification PartSearch Results Grid 1" type="fgc_Configuration">E6B10B64AABE4DA7842D34982C8783D7</source_id><state is_null="1"/><team_id is_null="1"/><col_name>ICON</col_name></Item><Item type="fgc_ColumnDef" typeId="D65D72A88C05433F81585B2AA4B176B4" id="B9ADBAD2701A40C58CEAC507F29E1DB4"><behavior>float</behavior><classification is_null="1"/><col_align>l</col_align><col_edit_type>NOEDIT</col_edit_type><col_filter_edit_type>NOEDIT</col_filter_edit_type><col_heading_align>c</col_heading_align><col_heading_label xml:lang="en">Number</col_heading_label><col_width>120</col_width><config_id keyed_name="NUM" type="fgc_ColumnDef">B9ADBAD2701A40C58CEAC507F29E1DB4</config_id><created_by_id keyed_name="Innovator Admin" type="User">30B991F927274FA3829655F50C99472E</created_by_id><created_on>2015-02-24T18:05:42</created_on><css is_null="1"/><current_state is_null="1"/><generation>1</generation><id keyed_name="NUM" type="fgc_ColumnDef">B9ADBAD2701A40C58CEAC507F29E1DB4</id><is_current>1</is_current><is_lock_column>0</is_lock_column><is_released>0</is_released><keyed_name>NUM</keyed_name><locked_by_id is_null="1"/><major_rev>A</major_rev><managed_by_id is_null="1"/><minor_rev is_null="1"/><modified_by_id keyed_name="Innovator Admin" type="User">30B991F927274FA3829655F50C99472E</modified_by_id><modified_on>2015-03-03T04:26:26</modified_on><new_version>1</new_version><not_lockable>0</not_lockable><owned_by_id keyed_name="Innovator Admin" type="Identity">DBA5D86402BF43D5976854B8B48FCDD1</owned_by_id><permission_id keyed_name="Default Access" type="Permission" origPermission="9122CD065CF04141B8EFE263FC80BEA4">9122CD065CF04141B8EFE263FC80BEA4</permission_id><related_id is_null="1"/><sort_order>20</sort_order><source_id keyed_name="Classification PartSearch Results Grid 1" type="fgc_Configuration">E6B10B64AABE4DA7842D34982C8783D7</source_id><state is_null="1"/><team_id is_null="1"/><col_name>NUM</col_name></Item><Item type="fgc_ColumnDef" typeId="D65D72A88C05433F81585B2AA4B176B4" id="591025DD8A1B49789737A3D66283397E"><behavior>float</behavior><classification is_null="1"/><col_align>l</col_align><col_edit_type>NOEDIT</col_edit_type><col_filter_edit_type>NOEDIT</col_filter_edit_type><col_heading_align>c</col_heading_align><col_heading_label xml:lang="en">Name</col_heading_label><col_width>200</col_width><config_id keyed_name="NAME" type="fgc_ColumnDef">591025DD8A1B49789737A3D66283397E</config_id><created_by_id keyed_name="Innovator Admin" type="User">30B991F927274FA3829655F50C99472E</created_by_id><created_on>2015-02-24T18:05:42</created_on><css is_null="1"/><current_state is_null="1"/><generation>1</generation><id keyed_name="NAME" type="fgc_ColumnDef">591025DD8A1B49789737A3D66283397E</id><is_current>1</is_current><is_lock_column>0</is_lock_column><is_released>0</is_released><keyed_name>NAME</keyed_name><locked_by_id is_null="1"/><major_rev>A</major_rev><managed_by_id is_null="1"/><minor_rev is_null="1"/><modified_by_id keyed_name="Innovator Admin" type="User">30B991F927274FA3829655F50C99472E</modified_by_id><modified_on>2015-03-03T04:19:16</modified_on><new_version>1</new_version><not_lockable>0</not_lockable><owned_by_id keyed_name="Innovator Admin" type="Identity">DBA5D86402BF43D5976854B8B48FCDD1</owned_by_id><permission_id keyed_name="Default Access" type="Permission" origPermission="9122CD065CF04141B8EFE263FC80BEA4">9122CD065CF04141B8EFE263FC80BEA4</permission_id><related_id is_null="1"/><sort_order>25</sort_order><source_id keyed_name="Classification PartSearch Results Grid 1" type="fgc_Configuration">E6B10B64AABE4DA7842D34982C8783D7</source_id><state is_null="1"/><team_id is_null="1"/><col_name>NAME</col_name></Item><Item type="fgc_ColumnDef" typeId="D65D72A88C05433F81585B2AA4B176B4" id="2D116B8630DC4B1CBADB766DAC671309"><behavior>float</behavior><classification is_null="1"/><col_align>c</col_align><col_edit_type>NOEDIT</col_edit_type><col_filter_edit_type>NOEDIT</col_filter_edit_type><col_heading_align>c</col_heading_align><col_heading_label xml:lang="en">Rev</col_heading_label><col_width>40</col_width><config_id keyed_name="REV" type="fgc_ColumnDef">2D116B8630DC4B1CBADB766DAC671309</config_id><created_by_id keyed_name="Innovator Admin" type="User">30B991F927274FA3829655F50C99472E</created_by_id><created_on>2015-02-24T18:05:42</created_on><css is_null="1"/><current_state is_null="1"/><generation>1</generation><id keyed_name="REV" type="fgc_ColumnDef">2D116B8630DC4B1CBADB766DAC671309</id><is_current>1</is_current><is_lock_column>0</is_lock_column><is_released>0</is_released><keyed_name>REV</keyed_name><locked_by_id is_null="1"/><major_rev>A</major_rev><managed_by_id is_null="1"/><minor_rev is_null="1"/><modified_by_id keyed_name="Innovator Admin" type="User">30B991F927274FA3829655F50C99472E</modified_by_id><modified_on>2015-03-03T04:19:16</modified_on><new_version>1</new_version><not_lockable>0</not_lockable><owned_by_id keyed_name="Innovator Admin" type="Identity">DBA5D86402BF43D5976854B8B48FCDD1</owned_by_id><permission_id keyed_name="Default Access" type="Permission" origPermission="9122CD065CF04141B8EFE263FC80BEA4">9122CD065CF04141B8EFE263FC80BEA4</permission_id><related_id is_null="1"/><sort_order>28</sort_order><source_id keyed_name="Classification PartSearch Results Grid 1" type="fgc_Configuration">E6B10B64AABE4DA7842D34982C8783D7</source_id><state is_null="1"/><team_id is_null="1"/><col_name>REV</col_name></Item><Item type="fgc_ColumnDef" typeId="D65D72A88C05433F81585B2AA4B176B4" id="C92B10E8257142ADBFFB0C786C195A96"><behavior>float</behavior><classification is_null="1"/><col_align>c</col_align><col_edit_type>NOEDIT</col_edit_type><col_filter_edit_type>NOEDIT</col_filter_edit_type><col_heading_align>c</col_heading_align><col_heading_label xml:lang="en">Gen</col_heading_label><col_width>40</col_width><config_id keyed_name="GEN" type="fgc_ColumnDef">C92B10E8257142ADBFFB0C786C195A96</config_id><created_by_id keyed_name="Innovator Admin" type="User">30B991F927274FA3829655F50C99472E</created_by_id><created_on>2015-02-24T18:05:42</created_on><css is_null="1"/><current_state is_null="1"/><generation>1</generation><id keyed_name="GEN" type="fgc_ColumnDef">C92B10E8257142ADBFFB0C786C195A96</id><is_current>1</is_current><is_lock_column>0</is_lock_column><is_released>0</is_released><keyed_name>GEN</keyed_name><locked_by_id is_null="1"/><major_rev>A</major_rev><managed_by_id is_null="1"/><minor_rev is_null="1"/><modified_by_id keyed_name="Innovator Admin" type="User">30B991F927274FA3829655F50C99472E</modified_by_id><modified_on>2015-03-03T04:19:16</modified_on><new_version>1</new_version><not_lockable>0</not_lockable><owned_by_id keyed_name="Innovator Admin" type="Identity">DBA5D86402BF43D5976854B8B48FCDD1</owned_by_id><permission_id keyed_name="Default Access" type="Permission" origPermission="9122CD065CF04141B8EFE263FC80BEA4">9122CD065CF04141B8EFE263FC80BEA4</permission_id><related_id is_null="1"/><sort_order>30</sort_order><source_id keyed_name="Classification PartSearch Results Grid 1" type="fgc_Configuration">E6B10B64AABE4DA7842D34982C8783D7</source_id><state is_null="1"/><team_id is_null="1"/><col_name>GEN</col_name></Item><Item type="fgc_ColumnDef" typeId="D65D72A88C05433F81585B2AA4B176B4" id="7937CFE5701D4A5A82012C6E1D398C3B"><behavior>float</behavior><classification is_null="1"/><col_align>l</col_align><col_edit_type>NOEDIT</col_edit_type><col_filter_edit_type>NOEDIT</col_filter_edit_type><col_heading_align>c</col_heading_align><col_heading_label xml:lang="en">Status</col_heading_label><col_width>100</col_width><config_id keyed_name="STATUS" type="fgc_ColumnDef">7937CFE5701D4A5A82012C6E1D398C3B</config_id><created_by_id keyed_name="Innovator Admin" type="User">30B991F927274FA3829655F50C99472E</created_by_id><created_on>2015-02-24T18:05:42</created_on><css is_null="1"/><current_state is_null="1"/><generation>1</generation><id keyed_name="STATUS" type="fgc_ColumnDef">7937CFE5701D4A5A82012C6E1D398C3B</id><is_current>1</is_current><is_lock_column>0</is_lock_column><is_released>0</is_released><keyed_name>STATUS</keyed_name><locked_by_id is_null="1"/><major_rev>A</major_rev><managed_by_id is_null="1"/><minor_rev is_null="1"/><modified_by_id keyed_name="Innovator Admin" type="User">30B991F927274FA3829655F50C99472E</modified_by_id><modified_on>2015-03-03T04:19:16</modified_on><new_version>1</new_version><not_lockable>0</not_lockable><owned_by_id keyed_name="Innovator Admin" type="Identity">DBA5D86402BF43D5976854B8B48FCDD1</owned_by_id><permission_id keyed_name="Default Access" type="Permission" origPermission="9122CD065CF04141B8EFE263FC80BEA4">9122CD065CF04141B8EFE263FC80BEA4</permission_id><related_id is_null="1"/><sort_order>40</sort_order><source_id keyed_name="Classification PartSearch Results Grid 1" type="fgc_Configuration">E6B10B64AABE4DA7842D34982C8783D7</source_id><state is_null="1"/><team_id is_null="1"/><col_name>STATUS</col_name></Item><Item type="fgc_ColumnDef" typeId="D65D72A88C05433F81585B2AA4B176B4" id="359B55962A694593B235C3ADE462E046"><behavior>float</behavior><classification is_null="1"/><col_align>c</col_align><col_edit_type>NOEDIT</col_edit_type><col_filter_edit_type>NOEDIT</col_filter_edit_type><col_heading_align>c</col_heading_align><col_heading_label xml:lang="en">Lck</col_heading_label><col_width>25</col_width><config_id keyed_name="LOCK" type="fgc_ColumnDef">359B55962A694593B235C3ADE462E046</config_id><created_by_id keyed_name="Innovator Admin" type="User">30B991F927274FA3829655F50C99472E</created_by_id><created_on>2015-03-03T06:23:15</created_on><css is_null="1"/><current_state is_null="1"/><generation>1</generation><id keyed_name="LOCK" type="fgc_ColumnDef">359B55962A694593B235C3ADE462E046</id><is_current>1</is_current><is_lock_column>1</is_lock_column><is_released>0</is_released><keyed_name>LOCK</keyed_name><locked_by_id is_null="1"/><major_rev>A</major_rev><managed_by_id is_null="1"/><minor_rev is_null="1"/><modified_by_id keyed_name="Innovator Admin" type="User">30B991F927274FA3829655F50C99472E</modified_by_id><modified_on>2015-03-03T06:23:15</modified_on><new_version>1</new_version><not_lockable>0</not_lockable><owned_by_id keyed_name="Innovator Admin" type="Identity">DBA5D86402BF43D5976854B8B48FCDD1</owned_by_id><permission_id keyed_name="Default Access" type="Permission" origPermission="9122CD065CF04141B8EFE263FC80BEA4">9122CD065CF04141B8EFE263FC80BEA4</permission_id><related_id is_null="1"/><sort_order>50</sort_order><source_id keyed_name="Classification PartSearch Results Grid 1" type="fgc_Configuration">E6B10B64AABE4DA7842D34982C8783D7</source_id><state is_null="1"/><team_id is_null="1"/><col_name>LOCK</col_name></Item><Item type="fgc_MenuAction" typeId="02F1625D84CF445B84601C2A7E55BCD4" id="8120891C5D794DA2A657179C41134398"><behavior>float</behavior><classification is_null="1"/><config_id keyed_name="8120891C5D794DA2A657179C41134398" type="fgc_MenuAction">8120891C5D794DA2A657179C41134398</config_id><created_by_id keyed_name="Innovator Admin" type="User">30B991F927274FA3829655F50C99472E</created_by_id><created_on>2015-02-24T18:05:42</created_on><css is_null="1"/><current_state is_null="1"/><execute_this_action is_null="1"/><generation>1</generation><id keyed_name="8120891C5D794DA2A657179C41134398" type="fgc_MenuAction">8120891C5D794DA2A657179C41134398</id><if_effectivity_mode is_null="1"/><if_grid_is_editable is_null="1"/><if_is_owner_manager_of_row_item is_null="1"/><if_is_owner_of_context_item is_null="1"/><if_is_owner_of_row_item is_null="1"/><if_row_item_is_current is_null="1"/><if_row_item_is_locked is_null="1"/><if_row_item_is_released is_null="1"/><if_started_from_tab is_null="1"/><is_current>1</is_current><is_released>0</is_released><is_separator>0</is_separator><keyed_name>8120891C5D794DA2A657179C41134398</keyed_name><label xml:lang="en">View Item</label><locked_by_id is_null="1"/><major_rev>A</major_rev><managed_by_id is_null="1"/><minor_rev is_null="1"/><modified_by_id keyed_name="Innovator Admin" type="User">30B991F927274FA3829655F50C99472E</modified_by_id><modified_on>2015-03-03T07:05:03</modified_on><name>view_item</name><new_version>1</new_version><not_lockable>0</not_lockable><owned_by_id keyed_name="Innovator Admin" type="Identity">DBA5D86402BF43D5976854B8B48FCDD1</owned_by_id><permission_id keyed_name="Default Access" type="Permission" origPermission="9122CD065CF04141B8EFE263FC80BEA4">9122CD065CF04141B8EFE263FC80BEA4</permission_id><related_id is_null="1"/><sort_order>10</sort_order><source_id keyed_name="Classification PartSearch Results Grid 1" type="fgc_Configuration">E6B10B64AABE4DA7842D34982C8783D7</source_id><state is_null="1"/><team_id is_null="1"/></Item><Item type="fgc_MenuAction" typeId="02F1625D84CF445B84601C2A7E55BCD4" id="E012396F2F8F448DA8E041F9703E03F1"><behavior>float</behavior><classification is_null="1"/><config_id keyed_name="E012396F2F8F448DA8E041F9703E03F1" type="fgc_MenuAction">E012396F2F8F448DA8E041F9703E03F1</config_id><created_by_id keyed_name="Innovator Admin" type="User">30B991F927274FA3829655F50C99472E</created_by_id><created_on>2015-03-03T07:05:03</created_on><css is_null="1"/><current_state is_null="1"/><execute_this_action is_null="1"/><generation>1</generation><id keyed_name="E012396F2F8F448DA8E041F9703E03F1" type="fgc_MenuAction">E012396F2F8F448DA8E041F9703E03F1</id><if_effectivity_mode is_null="1"/><if_grid_is_editable is_null="1"/><if_is_owner_manager_of_row_item is_null="1"/><if_is_owner_of_context_item is_null="1"/><if_is_owner_of_row_item is_null="1"/><if_row_item_is_current is_null="1"/><if_row_item_is_locked is_null="1"/><if_row_item_is_released is_null="1"/><if_started_from_tab is_null="1"/><is_current>1</is_current><is_released>0</is_released><is_separator>1</is_separator><keyed_name>E012396F2F8F448DA8E041F9703E03F1</keyed_name><label is_null="1" xml:lang="en"/><locked_by_id is_null="1"/><major_rev>A</major_rev><managed_by_id is_null="1"/><minor_rev is_null="1"/><modified_by_id keyed_name="Innovator Admin" type="User">30B991F927274FA3829655F50C99472E</modified_by_id><modified_on>2015-03-03T07:07:09</modified_on><name>sep1</name><new_version>1</new_version><not_lockable>0</not_lockable><owned_by_id keyed_name="Innovator Admin" type="Identity">DBA5D86402BF43D5976854B8B48FCDD1</owned_by_id><permission_id keyed_name="Default Access" type="Permission" origPermission="9122CD065CF04141B8EFE263FC80BEA4">9122CD065CF04141B8EFE263FC80BEA4</permission_id><related_id is_null="1"/><sort_order>15</sort_order><source_id keyed_name="Classification PartSearch Results Grid 1" type="fgc_Configuration">E6B10B64AABE4DA7842D34982C8783D7</source_id><state is_null="1"/><team_id is_null="1"/></Item><Item type="fgc_MenuAction" typeId="02F1625D84CF445B84601C2A7E55BCD4" id="50F9B65D68434AB6AE1EB3A7E0DDC54E"><behavior>float</behavior><classification is_null="1"/><config_id keyed_name="50F9B65D68434AB6AE1EB3A7E0DDC54E" type="fgc_MenuAction">50F9B65D68434AB6AE1EB3A7E0DDC54E</config_id><created_by_id keyed_name="Innovator Admin" type="User">30B991F927274FA3829655F50C99472E</created_by_id><created_on>2015-03-03T07:05:03</created_on><css is_null="1"/><current_state is_null="1"/><execute_this_action is_null="1"/><generation>1</generation><id keyed_name="50F9B65D68434AB6AE1EB3A7E0DDC54E" type="fgc_MenuAction">50F9B65D68434AB6AE1EB3A7E0DDC54E</id><if_effectivity_mode is_null="1"/><if_grid_is_editable is_null="1"/><if_is_owner_manager_of_row_item is_null="1"/><if_is_owner_of_context_item is_null="1"/><if_is_owner_of_row_item is_null="1"/><if_row_item_is_current is_null="1"/><if_row_item_is_locked>false</if_row_item_is_locked><if_row_item_is_released is_null="1"/><if_started_from_tab is_null="1"/><is_current>1</is_current><is_released>0</is_released><is_separator>0</is_separator><keyed_name>50F9B65D68434AB6AE1EB3A7E0DDC54E</keyed_name><label xml:lang="en">Lock</label><locked_by_id is_null="1"/><major_rev>A</major_rev><managed_by_id is_null="1"/><minor_rev is_null="1"/><modified_by_id keyed_name="Innovator Admin" type="User">30B991F927274FA3829655F50C99472E</modified_by_id><modified_on>2015-03-03T07:17:23</modified_on><name>lock</name><new_version>1</new_version><not_lockable>0</not_lockable><owned_by_id keyed_name="Innovator Admin" type="Identity">DBA5D86402BF43D5976854B8B48FCDD1</owned_by_id><permission_id keyed_name="Default Access" type="Permission" origPermission="9122CD065CF04141B8EFE263FC80BEA4">9122CD065CF04141B8EFE263FC80BEA4</permission_id><related_id is_null="1"/><sort_order>20</sort_order><source_id keyed_name="Classification PartSearch Results Grid 1" type="fgc_Configuration">E6B10B64AABE4DA7842D34982C8783D7</source_id><state is_null="1"/><team_id is_null="1"/></Item><Item type="fgc_MenuAction" typeId="02F1625D84CF445B84601C2A7E55BCD4" id="EC7C99D6CDB2453CB35F54DCA87D3B9D"><behavior>float</behavior><classification is_null="1"/><config_id keyed_name="EC7C99D6CDB2453CB35F54DCA87D3B9D" type="fgc_MenuAction">EC7C99D6CDB2453CB35F54DCA87D3B9D</config_id><created_by_id keyed_name="Innovator Admin" type="User">30B991F927274FA3829655F50C99472E</created_by_id><created_on>2015-03-03T07:07:09</created_on><css is_null="1"/><current_state is_null="1"/><execute_this_action is_null="1"/><generation>1</generation><id keyed_name="EC7C99D6CDB2453CB35F54DCA87D3B9D" type="fgc_MenuAction">EC7C99D6CDB2453CB35F54DCA87D3B9D</id><if_effectivity_mode is_null="1"/><if_grid_is_editable is_null="1"/><if_is_owner_manager_of_row_item is_null="1"/><if_is_owner_of_context_item is_null="1"/><if_is_owner_of_row_item is_null="1"/><if_row_item_is_current is_null="1"/><if_row_item_is_locked>true</if_row_item_is_locked><if_row_item_is_released is_null="1"/><if_started_from_tab is_null="1"/><is_current>1</is_current><is_released>0</is_released><is_separator>0</is_separator><keyed_name>EC7C99D6CDB2453CB35F54DCA87D3B9D</keyed_name><label xml:lang="en">Unlock</label><locked_by_id is_null="1"/><major_rev>A</major_rev><managed_by_id is_null="1"/><minor_rev is_null="1"/><modified_by_id keyed_name="Innovator Admin" type="User">30B991F927274FA3829655F50C99472E</modified_by_id><modified_on>2015-03-03T07:17:23</modified_on><name>unlock</name><new_version>1</new_version><not_lockable>0</not_lockable><owned_by_id keyed_name="Innovator Admin" type="Identity">DBA5D86402BF43D5976854B8B48FCDD1</owned_by_id><permission_id keyed_name="Default Access" type="Permission" origPermission="9122CD065CF04141B8EFE263FC80BEA4">9122CD065CF04141B8EFE263FC80BEA4</permission_id><related_id is_null="1"/><sort_order>30</sort_order><source_id keyed_name="Classification PartSearch Results Grid 1" type="fgc_Configuration">E6B10B64AABE4DA7842D34982C8783D7</source_id><state is_null="1"/><team_id is_null="1"/></Item><Item type="fgc_MenuAction" typeId="02F1625D84CF445B84601C2A7E55BCD4" id="667DA6A016B34F69A85BB58C7BD0E6CE"><behavior>float</behavior><classification is_null="1"/><config_id keyed_name="667DA6A016B34F69A85BB58C7BD0E6CE" type="fgc_MenuAction">667DA6A016B34F69A85BB58C7BD0E6CE</config_id><created_by_id keyed_name="Innovator Admin" type="User">30B991F927274FA3829655F50C99472E</created_by_id><created_on>2015-03-03T07:07:09</created_on><css is_null="1"/><current_state is_null="1"/><execute_this_action is_null="1"/><generation>1</generation><id keyed_name="667DA6A016B34F69A85BB58C7BD0E6CE" type="fgc_MenuAction">667DA6A016B34F69A85BB58C7BD0E6CE</id><if_effectivity_mode is_null="1"/><if_grid_is_editable is_null="1"/><if_is_owner_manager_of_row_item is_null="1"/><if_is_owner_of_context_item is_null="1"/><if_is_owner_of_row_item is_null="1"/><if_row_item_is_current is_null="1"/><if_row_item_is_locked is_null="1"/><if_row_item_is_released is_null="1"/><if_started_from_tab is_null="1"/><is_current>1</is_current><is_released>0</is_released><is_separator>1</is_separator><keyed_name>667DA6A016B34F69A85BB58C7BD0E6CE</keyed_name><label is_null="1" xml:lang="en"/><locked_by_id is_null="1"/><major_rev>A</major_rev><managed_by_id is_null="1"/><minor_rev is_null="1"/><modified_by_id keyed_name="Innovator Admin" type="User">30B991F927274FA3829655F50C99472E</modified_by_id><modified_on>2015-03-03T07:07:09</modified_on><name>sep2</name><new_version>1</new_version><not_lockable>0</not_lockable><owned_by_id keyed_name="Innovator Admin" type="Identity">DBA5D86402BF43D5976854B8B48FCDD1</owned_by_id><permission_id keyed_name="Default Access" type="Permission" origPermission="9122CD065CF04141B8EFE263FC80BEA4">9122CD065CF04141B8EFE263FC80BEA4</permission_id><related_id is_null="1"/><sort_order>35</sort_order><source_id keyed_name="Classification PartSearch Results Grid 1" type="fgc_Configuration">E6B10B64AABE4DA7842D34982C8783D7</source_id><state is_null="1"/><team_id is_null="1"/></Item><Item type="fgc_MenuAction" typeId="02F1625D84CF445B84601C2A7E55BCD4" id="C2B7ADC0501D428EB76582A6EFA4A7FB"><behavior>float</behavior><classification is_null="1"/><config_id keyed_name="C2B7ADC0501D428EB76582A6EFA4A7FB" type="fgc_MenuAction">C2B7ADC0501D428EB76582A6EFA4A7FB</config_id><created_by_id keyed_name="Innovator Admin" type="User">30B991F927274FA3829655F50C99472E</created_by_id><created_on>2015-03-03T07:07:09</created_on><css is_null="1"/><current_state is_null="1"/><execute_this_action></execute_this_action><generation>1</generation><id keyed_name="C2B7ADC0501D428EB76582A6EFA4A7FB" type="fgc_MenuAction">C2B7ADC0501D428EB76582A6EFA4A7FB</id><if_effectivity_mode is_null="1"/><if_grid_is_editable is_null="1"/><if_is_owner_manager_of_row_item is_null="1"/><if_is_owner_of_context_item is_null="1"/><if_is_owner_of_row_item is_null="1"/><if_row_item_is_current is_null="1"/><if_row_item_is_locked is_null="1"/><if_row_item_is_released is_null="1"/><if_started_from_tab is_null="1"/><is_current>1</is_current><is_released>0</is_released><is_separator>0</is_separator><keyed_name>C2B7ADC0501D428EB76582A6EFA4A7FB</keyed_name><label xml:lang="en">Where Used</label><locked_by_id is_null="1"/><major_rev>A</major_rev><managed_by_id is_null="1"/><minor_rev is_null="1"/><modified_by_id keyed_name="Innovator Admin" type="User">30B991F927274FA3829655F50C99472E</modified_by_id><modified_on>2015-03-03T07:07:09</modified_on><name>where_used</name><new_version>1</new_version><not_lockable>0</not_lockable><owned_by_id keyed_name="Innovator Admin" type="Identity">DBA5D86402BF43D5976854B8B48FCDD1</owned_by_id><permission_id keyed_name="Default Access" type="Permission" origPermission="9122CD065CF04141B8EFE263FC80BEA4">9122CD065CF04141B8EFE263FC80BEA4</permission_id><related_id is_null="1"/><sort_order>40</sort_order><source_id keyed_name="Classification PartSearch Results Grid 1" type="fgc_Configuration">E6B10B64AABE4DA7842D34982C8783D7</source_id><state is_null="1"/><team_id is_null="1"/></Item><Item type="fgc_MenuAction" typeId="02F1625D84CF445B84601C2A7E55BCD4" id="7C3C75657C39494092588611D6BD7953"><behavior>float</behavior><classification is_null="1"/><config_id keyed_name="7C3C75657C39494092588611D6BD7953" type="fgc_MenuAction">7C3C75657C39494092588611D6BD7953</config_id><created_by_id keyed_name="Innovator Admin" type="User">30B991F927274FA3829655F50C99472E</created_by_id><created_on>2015-03-03T07:19:32</created_on><css is_null="1"/><current_state is_null="1"/><execute_this_action>PartBOM Browser OpenInDialog</execute_this_action><generation>1</generation><id keyed_name="7C3C75657C39494092588611D6BD7953" type="fgc_MenuAction">7C3C75657C39494092588611D6BD7953</id><if_effectivity_mode is_null="1"/><if_grid_is_editable is_null="1"/><if_is_owner_manager_of_row_item is_null="1"/><if_is_owner_of_context_item is_null="1"/><if_is_owner_of_row_item is_null="1"/><if_row_item_is_current is_null="1"/><if_row_item_is_locked is_null="1"/><if_row_item_is_released is_null="1"/><if_started_from_tab is_null="1"/><is_current>1</is_current><is_released>0</is_released><is_separator>0</is_separator><keyed_name>7C3C75657C39494092588611D6BD7953</keyed_name><label xml:lang="en">Part BOM Browser</label><locked_by_id is_null="1"/><major_rev>A</major_rev><managed_by_id is_null="1"/><minor_rev is_null="1"/><modified_by_id keyed_name="Innovator Admin" type="User">30B991F927274FA3829655F50C99472E</modified_by_id><modified_on>2015-03-03T07:19:32</modified_on><name>part_bom_browser</name><new_version>1</new_version><not_lockable>0</not_lockable><owned_by_id keyed_name="Innovator Admin" type="Identity">DBA5D86402BF43D5976854B8B48FCDD1</owned_by_id><permission_id keyed_name="Default Access" type="Permission" origPermission="9122CD065CF04141B8EFE263FC80BEA4">9122CD065CF04141B8EFE263FC80BEA4</permission_id><related_id is_null="1"/><sort_order>50</sort_order><source_id keyed_name="Classification PartSearch Results Grid 1" type="fgc_Configuration">E6B10B64AABE4DA7842D34982C8783D7</source_id><state is_null="1"/><team_id is_null="1"/></Item><Item type="fgc_Item Prop MappingDef" typeId="7179707242CF4288B56DD5BD929F6431" id="9A3A1E5322734F40AFAAC5DDC8203E44"><behavior>float</behavior><cell_bg_color is_null="1"/><cell_is_editable>0</cell_is_editable><cell_link_item_type is_null="1"/><cell_link_key is_null="1"/><cell_static_value xml:lang="en"></cell_static_value><cell_text_color is_null="1"/><cell_value_type>row_icon</cell_value_type><<Item action="merge" type=" is_null="1"/><classification is_null="1"/><config_id keyed_name="ICON" type="fgc_Item Prop MappingDef">9A3A1E5322734F40AFAAC5DDC8203E44</config_id><created_by_id keyed_name="Innovator Admin" type="User">30B991F927274FA3829655F50C99472E</created_by_id><created_on>2015-02-24T18:15:21</created_on><css is_null="1"/><current_state is_null="1"/><generation>1</generation><id keyed_name="ICON" type="fgc_Item Prop MappingDef">9A3A1E5322734F40AFAAC5DDC8203E44</id><is_current>1</is_current><is_rel_property>0</is_rel_property><is_released>0</is_released><keyed_name>ICON</keyed_name><locked_by_id is_null="1"/><major_rev>A</major_rev><managed_by_id is_null="1"/><minor_rev is_null="1"/><modified_by_id keyed_name="Innovator Admin" type="User">30B991F927274FA3829655F50C99472E</modified_by_id><modified_on>2015-02-24T18:15:21</modified_on><new_version>1</new_version><not_lockable>0</not_lockable><owned_by_id keyed_name="Innovator Admin" type="Identity">DBA5D86402BF43D5976854B8B48FCDD1</owned_by_id><permission_id keyed_name="Default Access" type="Permission" origPermission="9122CD065CF04141B8EFE263FC80BEA4">9122CD065CF04141B8EFE263FC80BEA4</permission_id><related_id is_null="1"/><sort_order>10</sort_order><source_id keyed_name="Classification PartSearch Results Grid 1" type="fgc_Configuration">E6B10B64AABE4DA7842D34982C8783D7</source_id><state is_null="1"/><team_id is_null="1"/><col_name>ICON</col_name><mapped_property is_null="1"/></Item><Item type="fgc_Item Prop MappingDef" typeId="7179707242CF4288B56DD5BD929F6431" id="BAD1497D15EA40C58516272E451ECEAC"><behavior>float</behavior><cell_bg_color is_null="1"/><cell_is_editable>0</cell_is_editable><cell_link_item_type is_null="1"/><cell_link_key>OpenRowItem</cell_link_key><cell_static_value is_null="1" xml:lang="en"/><cell_text_color is_null="1"/><cell_value_type is_null="1"/><<Item action="merge" type=" is_null="1"/><classification is_null="1"/><config_id keyed_name="NUM item_number" type="fgc_Item Prop MappingDef">BAD1497D15EA40C58516272E451ECEAC</config_id><created_by_id keyed_name="Innovator Admin" type="User">30B991F927274FA3829655F50C99472E</created_by_id><created_on>2015-02-24T18:05:42</created_on><css is_null="1"/><current_state is_null="1"/><generation>1</generation><id keyed_name="NUM item_number" type="fgc_Item Prop MappingDef">BAD1497D15EA40C58516272E451ECEAC</id><is_current>1</is_current><is_rel_property>0</is_rel_property><is_released>0</is_released><keyed_name>NUM item_number</keyed_name><locked_by_id is_null="1"/><major_rev>A</major_rev><managed_by_id is_null="1"/><minor_rev is_null="1"/><modified_by_id keyed_name="Innovator Admin" type="User">30B991F927274FA3829655F50C99472E</modified_by_id><modified_on>2015-03-03T04:27:03</modified_on><new_version>1</new_version><not_lockable>0</not_lockable><owned_by_id keyed_name="Innovator Admin" type="Identity">DBA5D86402BF43D5976854B8B48FCDD1</owned_by_id><permission_id keyed_name="Default Access" type="Permission" origPermission="9122CD065CF04141B8EFE263FC80BEA4">9122CD065CF04141B8EFE263FC80BEA4</permission_id><related_id is_null="1"/><sort_order>20</sort_order><source_id keyed_name="Classification PartSearch Results Grid 1" type="fgc_Configuration">E6B10B64AABE4DA7842D34982C8783D7</source_id><state is_null="1"/><team_id is_null="1"/><col_name>NUM</col_name><mapped_property>item_number</mapped_property></Item><Item type="fgc_Item Prop MappingDef" typeId="7179707242CF4288B56DD5BD929F6431" id="D7769B6A77464C25A09B8BB179402817"><behavior>float</behavior><cell_bg_color is_null="1"/><cell_is_editable>0</cell_is_editable><cell_link_item_type is_null="1"/><cell_link_key is_null="1"/><cell_static_value is_null="1" xml:lang="en"/><cell_text_color is_null="1"/><cell_value_type is_null="1"/><<Item action="merge" type=" is_null="1"/><classification is_null="1"/><config_id keyed_name="NAME name" type="fgc_Item Prop MappingDef">D7769B6A77464C25A09B8BB179402817</config_id><created_by_id keyed_name="Innovator Admin" type="User">30B991F927274FA3829655F50C99472E</created_by_id><created_on>2015-02-24T18:05:42</created_on><css is_null="1"/><current_state is_null="1"/><generation>1</generation><id keyed_name="NAME name" type="fgc_Item Prop MappingDef">D7769B6A77464C25A09B8BB179402817</id><is_current>1</is_current><is_rel_property>0</is_rel_property><is_released>0</is_released><keyed_name>NAME name</keyed_name><locked_by_id is_null="1"/><major_rev>A</major_rev><managed_by_id is_null="1"/><minor_rev is_null="1"/><modified_by_id keyed_name="Innovator Admin" type="User">30B991F927274FA3829655F50C99472E</modified_by_id><modified_on>2015-02-24T18:18:00</modified_on><new_version>1</new_version><not_lockable>0</not_lockable><owned_by_id keyed_name="Innovator Admin" type="Identity">DBA5D86402BF43D5976854B8B48FCDD1</owned_by_id><permission_id keyed_name="Default Access" type="Permission" origPermission="9122CD065CF04141B8EFE263FC80BEA4">9122CD065CF04141B8EFE263FC80BEA4</permission_id><related_id is_null="1"/><sort_order>25</sort_order><source_id keyed_name="Classification PartSearch Results Grid 1" type="fgc_Configuration">E6B10B64AABE4DA7842D34982C8783D7</source_id><state is_null="1"/><team_id is_null="1"/><col_name>NAME</col_name><mapped_property>name</mapped_property></Item><Item type="fgc_Item Prop MappingDef" typeId="7179707242CF4288B56DD5BD929F6431" id="5FE8FBFA60D04BD881C1710825531B96"><behavior>float</behavior><cell_bg_color is_null="1"/><cell_is_editable>0</cell_is_editable><cell_link_item_type is_null="1"/><cell_link_key is_null="1"/><cell_static_value is_null="1" xml:lang="en"/><cell_text_color is_null="1"/><cell_value_type is_null="1"/><<Item action="merge" type=" is_null="1"/><classification is_null="1"/><config_id keyed_name="REV major_rev" type="fgc_Item Prop MappingDef">5FE8FBFA60D04BD881C1710825531B96</config_id><created_by_id keyed_name="Innovator Admin" type="User">30B991F927274FA3829655F50C99472E</created_by_id><created_on>2015-02-24T18:05:42</created_on><css is_null="1"/><current_state is_null="1"/><generation>1</generation><id keyed_name="REV major_rev" type="fgc_Item Prop MappingDef">5FE8FBFA60D04BD881C1710825531B96</id><is_current>1</is_current><is_rel_property>0</is_rel_property><is_released>0</is_released><keyed_name>REV major_rev</keyed_name><locked_by_id is_null="1"/><major_rev>A</major_rev><managed_by_id is_null="1"/><minor_rev is_null="1"/><modified_by_id keyed_name="Innovator Admin" type="User">30B991F927274FA3829655F50C99472E</modified_by_id><modified_on>2015-02-24T18:18:00</modified_on><new_version>1</new_version><not_lockable>0</not_lockable><owned_by_id keyed_name="Innovator Admin" type="Identity">DBA5D86402BF43D5976854B8B48FCDD1</owned_by_id><permission_id keyed_name="Default Access" type="Permission" origPermission="9122CD065CF04141B8EFE263FC80BEA4">9122CD065CF04141B8EFE263FC80BEA4</permission_id><related_id is_null="1"/><sort_order>28</sort_order><source_id keyed_name="Classification PartSearch Results Grid 1" type="fgc_Configuration">E6B10B64AABE4DA7842D34982C8783D7</source_id><state is_null="1"/><team_id is_null="1"/><col_name>REV</col_name><mapped_property>major_rev</mapped_property></Item><Item type="fgc_Item Prop MappingDef" typeId="7179707242CF4288B56DD5BD929F6431" id="888D68F5050B4696AC3ECBDAA27A4B06"><behavior>float</behavior><cell_bg_color is_null="1"/><cell_is_editable>0</cell_is_editable><cell_link_item_type is_null="1"/><cell_link_key is_null="1"/><cell_static_value is_null="1" xml:lang="en"/><cell_text_color is_null="1"/><cell_value_type is_null="1"/><<Item action="merge" type=" is_null="1"/><classification is_null="1"/><config_id keyed_name="GEN generation" type="fgc_Item Prop MappingDef">888D68F5050B4696AC3ECBDAA27A4B06</config_id><created_by_id keyed_name="Innovator Admin" type="User">30B991F927274FA3829655F50C99472E</created_by_id><created_on>2015-02-24T18:05:42</created_on><css is_null="1"/><current_state is_null="1"/><generation>1</generation><id keyed_name="GEN generation" type="fgc_Item Prop MappingDef">888D68F5050B4696AC3ECBDAA27A4B06</id><is_current>1</is_current><is_rel_property>0</is_rel_property><is_released>0</is_released><keyed_name>GEN generation</keyed_name><locked_by_id is_null="1"/><major_rev>A</major_rev><managed_by_id is_null="1"/><minor_rev is_null="1"/><modified_by_id keyed_name="Innovator Admin" type="User">30B991F927274FA3829655F50C99472E</modified_by_id><modified_on>2015-02-24T18:18:00</modified_on><new_version>1</new_version><not_lockable>0</not_lockable><owned_by_id keyed_name="Innovator Admin" type="Identity">DBA5D86402BF43D5976854B8B48FCDD1</owned_by_id><permission_id keyed_name="Default Access" type="Permission" origPermission="9122CD065CF04141B8EFE263FC80BEA4">9122CD065CF04141B8EFE263FC80BEA4</permission_id><related_id is_null="1"/><sort_order>30</sort_order><source_id keyed_name="Classification PartSearch Results Grid 1" type="fgc_Configuration">E6B10B64AABE4DA7842D34982C8783D7</source_id><state is_null="1"/><team_id is_null="1"/><col_name>GEN</col_name><mapped_property>generation</mapped_property></Item><Item type="fgc_Item Prop MappingDef" typeId="7179707242CF4288B56DD5BD929F6431" id="FC3F4C785B7348F98A2D3D75D3BBA0BA"><behavior>float</behavior><cell_bg_color is_null="1"/><cell_is_editable>0</cell_is_editable><cell_link_item_type is_null="1"/><cell_link_key is_null="1"/><cell_static_value xml:lang="en"></cell_static_value><cell_text_color is_null="1"/><cell_value_type is_null="1"/><<Item action="merge" type=" is_null="1"/><classification is_null="1"/><config_id keyed_name="STATUS state" type="fgc_Item Prop MappingDef">FC3F4C785B7348F98A2D3D75D3BBA0BA</config_id><created_by_id keyed_name="Innovator Admin" type="User">30B991F927274FA3829655F50C99472E</created_by_id><created_on>2015-02-24T18:05:42</created_on><css is_null="1"/><current_state is_null="1"/><generation>1</generation><id keyed_name="STATUS state" type="fgc_Item Prop MappingDef">FC3F4C785B7348F98A2D3D75D3BBA0BA</id><is_current>1</is_current><is_rel_property>0</is_rel_property><is_released>0</is_released><keyed_name>STATUS state</keyed_name><locked_by_id is_null="1"/><major_rev>A</major_rev><managed_by_id is_null="1"/><minor_rev is_null="1"/><modified_by_id keyed_name="Innovator Admin" type="User">30B991F927274FA3829655F50C99472E</modified_by_id><modified_on>2015-03-03T04:27:03</modified_on><new_version>1</new_version><not_lockable>0</not_lockable><owned_by_id keyed_name="Innovator Admin" type="Identity">DBA5D86402BF43D5976854B8B48FCDD1</owned_by_id><permission_id keyed_name="Default Access" type="Permission" origPermission="9122CD065CF04141B8EFE263FC80BEA4">9122CD065CF04141B8EFE263FC80BEA4</permission_id><related_id is_null="1"/><sort_order>40</sort_order><source_id keyed_name="Classification PartSearch Results Grid 1" type="fgc_Configuration">E6B10B64AABE4DA7842D34982C8783D7</source_id><state is_null="1"/><team_id is_null="1"/><col_name>STATUS</col_name><mapped_property>state</mapped_property></Item><Item type="fgc_Item Prop MappingDef" typeId="7179707242CF4288B56DD5BD929F6431" id="3243DE3E282F4B398AAAE631E76B98CF"><behavior>float</behavior><cell_bg_color is_null="1"/><cell_is_editable>0</cell_is_editable><cell_link_item_type is_null="1"/><cell_link_key is_null="1"/><cell_static_value is_null="1" xml:lang="en"/><cell_text_color is_null="1"/><cell_value_type>lock</cell_value_type><<Item action="merge" type=" is_null="1"/><classification is_null="1"/><config_id keyed_name="LOCK locked_by_id" type="fgc_Item Prop MappingDef">3243DE3E282F4B398AAAE631E76B98CF</config_id><created_by_id keyed_name="Innovator Admin" type="User">30B991F927274FA3829655F50C99472E</created_by_id><created_on>2015-03-03T06:23:15</created_on><css is_null="1"/><current_state is_null="1"/><generation>1</generation><id keyed_name="LOCK locked_by_id" type="fgc_Item Prop MappingDef">3243DE3E282F4B398AAAE631E76B98CF</id><is_current>1</is_current><is_rel_property>0</is_rel_property><is_released>0</is_released><keyed_name>LOCK locked_by_id</keyed_name><locked_by_id is_null="1"/><major_rev>A</major_rev><managed_by_id is_null="1"/><minor_rev is_null="1"/><modified_by_id keyed_name="Innovator Admin" type="User">30B991F927274FA3829655F50C99472E</modified_by_id><modified_on>2015-03-03T06:23:15</modified_on><new_version>1</new_version><not_lockable>0</not_lockable><owned_by_id keyed_name="Innovator Admin" type="Identity">DBA5D86402BF43D5976854B8B48FCDD1</owned_by_id><permission_id keyed_name="Default Access" type="Permission" origPermission="9122CD065CF04141B8EFE263FC80BEA4">9122CD065CF04141B8EFE263FC80BEA4</permission_id><related_id is_null="1"/><sort_order>50</sort_order><source_id keyed_name="Classification PartSearch Results Grid 1" type="fgc_Configuration">E6B10B64AABE4DA7842D34982C8783D7</source_id><state is_null="1"/><team_id is_null="1"/><col_name>LOCK</col_name><mapped_property>locked_by_id</mapped_property></Item></Relationships></Item>
</AML>