﻿<AML>
<Item action="merge" type="tgc_Configuration" typeId="F656F94B1F2B46F5A25E9B32FAACF776" id="B92ADDD5F6EC4BAAB7D680650FFAE999"><id keyed_name="ItemClassTreeDialog" type="tgc_Configuration">B92ADDD5F6EC4BAAB7D680650FFAE999</id><is_released>1</is_released>
 <owned_by_id>DBA5D86402BF43D5976854B8B48FCDD1</owned_by_id>
<root_item_config_id></root_item_config_id><root_item_generation is_null="1"/><root_item_property_name is_null="1"/><state>Released</state><structure_item_type>Item Class</structure_item_type><structure_relationship>Item Class Hierarchy</structure_relationship><structure_row_bg_color is_null="1"/><structure_row_icon_path is_null="1"/><toolbar_id is_null="1"/><name>ItemClassTreeDialog</name><Relationships><Item action="merge" type="tgc_Constant" typeId="E40B2D5089714EABA2CC7C66BEF1372E" id="3211E11EBE9546E9A7D235FFD0DB56CF"><constant_type>Text</constant_type><description is_null="1"/><grouping is_null="1"/><id keyed_name="3211E11EBE9546E9A7D235FFD0DB56CF" type="tgc_Constant">3211E11EBE9546E9A7D235FFD0DB56CF</id><name>itemTabRelShipNames</name><sort_order>384</sort_order><source_id keyed_name="ItemClassTreeDialog" type="tgc_Configuration">B92ADDD5F6EC4BAAB7D680650FFAE999</source_id><value xml:lang="en">Item Class Hierarchy</value></Item><Item action="merge" type="tgc_Constant" typeId="E40B2D5089714EABA2CC7C66BEF1372E" id="3D7C9BC6B9AC4663BFA38AE3955AA62E"><constant_type>Color</constant_type><description is_null="1"/><grouping is_null="1"/><id keyed_name="3D7C9BC6B9AC4663BFA38AE3955AA62E" type="tgc_Constant">3D7C9BC6B9AC4663BFA38AE3955AA62E</id><name>gridSelectorBgColor</name><sort_order>1664</sort_order><source_id keyed_name="ItemClassTreeDialog" type="tgc_Configuration">B92ADDD5F6EC4BAAB7D680650FFAE999</source_id><value xml:lang="en">steelblue</value></Item><Item action="merge" type="tgc_Constant" typeId="E40B2D5089714EABA2CC7C66BEF1372E" id="45C2AF5E8D2A4CBCB85CAA7B3B0E6AD9"><constant_type>Boolean</constant_type><description is_null="1"/><grouping is_null="1"/><id keyed_name="45C2AF5E8D2A4CBCB85CAA7B3B0E6AD9" type="tgc_Constant">45C2AF5E8D2A4CBCB85CAA7B3B0E6AD9</id><name>columnsDragable</name><sort_order>1152</sort_order><source_id keyed_name="ItemClassTreeDialog" type="tgc_Configuration">B92ADDD5F6EC4BAAB7D680650FFAE999</source_id><value xml:lang="en">false</value></Item><Item action="merge" type="tgc_Constant" typeId="E40B2D5089714EABA2CC7C66BEF1372E" id="4798B694DA5C4B888C9DC47550BA4B22"><constant_type>Boolean</constant_type><description is_null="1"/><grouping is_null="1"/><id keyed_name="4798B694DA5C4B888C9DC47550BA4B22" type="tgc_Constant">4798B694DA5C4B888C9DC47550BA4B22</id><name>isExpandRootRowsOnStart</name><sort_order>256</sort_order><source_id keyed_name="ItemClassTreeDialog" type="tgc_Configuration">B92ADDD5F6EC4BAAB7D680650FFAE999</source_id><value xml:lang="en">true</value></Item><Item action="merge" type="tgc_Constant" typeId="E40B2D5089714EABA2CC7C66BEF1372E" id="57C00E9C898040D086C54565E0A40FF3"><constant_type>Color</constant_type><description is_null="1"/><grouping is_null="1"/><id keyed_name="57C00E9C898040D086C54565E0A40FF3" type="tgc_Constant">57C00E9C898040D086C54565E0A40FF3</id><name>gridBgColor</name><sort_order>1536</sort_order><source_id keyed_name="ItemClassTreeDialog" type="tgc_Configuration">B92ADDD5F6EC4BAAB7D680650FFAE999</source_id><value xml:lang="en">white</value></Item><Item action="merge" type="tgc_Constant" typeId="E40B2D5089714EABA2CC7C66BEF1372E" id="6490404C72914F979DC353921B7F3C82"><constant_type>Text</constant_type><description is_null="1"/><grouping is_null="1"/><id keyed_name="6490404C72914F979DC353921B7F3C82" type="tgc_Constant">6490404C72914F979DC353921B7F3C82</id><name>relationshipFilterStartup</name><sort_order>2688</sort_order><source_id keyed_name="ItemClassTreeDialog" type="tgc_Configuration">B92ADDD5F6EC4BAAB7D680650FFAE999</source_id><value xml:lang="en">DOC_GROUP</value></Item><Item action="merge" type="tgc_Constant" typeId="E40B2D5089714EABA2CC7C66BEF1372E" id="69690D60BA434092A67A30335BFCE236"><constant_type>Text</constant_type><description is_null="1"/><grouping is_null="1"/><id keyed_name="69690D60BA434092A67A30335BFCE236" type="tgc_Constant">69690D60BA434092A67A30335BFCE236</id><name>gridFont</name><sort_order>1280</sort_order><source_id keyed_name="ItemClassTreeDialog" type="tgc_Configuration">B92ADDD5F6EC4BAAB7D680650FFAE999</source_id><value xml:lang="en">Microsoft Sans Serif-8</value></Item><Item action="merge" type="tgc_Constant" typeId="E40B2D5089714EABA2CC7C66BEF1372E" id="79645D29C44B41B5AA624994F539E042"><constant_type>Color</constant_type><description is_null="1"/><grouping is_null="1"/><id keyed_name="79645D29C44B41B5AA624994F539E042" type="tgc_Constant">79645D29C44B41B5AA624994F539E042</id><name>gridSelectorTextColor</name><sort_order>1792</sort_order><source_id keyed_name="ItemClassTreeDialog" type="tgc_Configuration">B92ADDD5F6EC4BAAB7D680650FFAE999</source_id><value xml:lang="en">steelblue</value></Item><Item action="merge" type="tgc_Constant" typeId="E40B2D5089714EABA2CC7C66BEF1372E" id="829D7BE0090C47BEA0BCB1E4E52CB632"><constant_type>Color</constant_type><description is_null="1"/><grouping is_null="1"/><id keyed_name="829D7BE0090C47BEA0BCB1E4E52CB632" type="tgc_Constant">829D7BE0090C47BEA0BCB1E4E52CB632</id><name>rootRowsBgColor</name><sort_order>1408</sort_order><source_id keyed_name="ItemClassTreeDialog" type="tgc_Configuration">B92ADDD5F6EC4BAAB7D680650FFAE999</source_id><value xml:lang="en">#ffeeee</value></Item><Item action="merge" type="tgc_Constant" typeId="E40B2D5089714EABA2CC7C66BEF1372E" id="9B62D111FF6E485CBDF53BD095AE8016"><constant_type>Boolean</constant_type><description is_null="1"/><grouping is_null="1"/><id keyed_name="9B62D111FF6E485CBDF53BD095AE8016" type="tgc_Constant">9B62D111FF6E485CBDF53BD095AE8016</id><name>hasInputRow</name><sort_order>128</sort_order><source_id keyed_name="ItemClassTreeDialog" type="tgc_Configuration">B92ADDD5F6EC4BAAB7D680650FFAE999</source_id><value xml:lang="en">false</value></Item><Item action="merge" type="tgc_Toolbar Element" typeId="00CA2859C49E4988B02C23A9F559B1F8" id="6A570597C4384D38874CB0A6F46D73AE"><behavior>float</behavior><classification is_null="1"/><config_id keyed_name="button expand_all" type="tgc_Toolbar Element">6A570597C4384D38874CB0A6F46D73AE</config_id><created_by_id keyed_name="Innovator Admin" type="User">30B991F927274FA3829655F50C99472E</created_by_id><created_on>2015-02-19T07:26:42</created_on><css is_null="1"/><current_state is_null="1"/><element_disabled>0</element_disabled><element_image>../images/ExpandAll.svg</element_image><element_label is_null="1" xml:lang="en"/><element_size is_null="1"/><element_style is_null="1"/><element_text xml:lang="en">Expand All</element_text><element_tooltip>Expand All</element_tooltip><generation>1</generation><id keyed_name="button expand_all" type="tgc_Toolbar Element">6A570597C4384D38874CB0A6F46D73AE</id><is_current>1</is_current><is_released>0</is_released><keyed_name>button expand_all</keyed_name><locked_by_id is_null="1"/><major_rev>A</major_rev><managed_by_id is_null="1"/><minor_rev is_null="1"/><modified_by_id keyed_name="Innovator Admin" type="User">30B991F927274FA3829655F50C99472E</modified_by_id><modified_on>2015-02-19T07:26:43</modified_on><new_version>1</new_version><not_lockable>0</not_lockable><owned_by_id is_null="1"/><permission_id keyed_name="Default Access" type="Permission" origPermission="9122CD065CF04141B8EFE263FC80BEA4">9122CD065CF04141B8EFE263FC80BEA4</permission_id><related_id is_null="1"/><sort_order>10</sort_order><source_id keyed_name="ItemClassTreeDialog" type="tgc_Configuration">B92ADDD5F6EC4BAAB7D680650FFAE999</source_id><state is_null="1"/><team_id is_null="1"/><element_type>button</element_type><element_id>expand_all</element_id></Item><Item action="merge" type="tgc_Toolbar Element" typeId="00CA2859C49E4988B02C23A9F559B1F8" id="8C8EB29973574352ADDC6E14EA60E45D"><behavior>float</behavior><classification is_null="1"/><config_id keyed_name="button collapse_all" type="tgc_Toolbar Element">8C8EB29973574352ADDC6E14EA60E45D</config_id><created_by_id keyed_name="Innovator Admin" type="User">30B991F927274FA3829655F50C99472E</created_by_id><created_on>2015-02-19T07:26:42</created_on><css is_null="1"/><current_state is_null="1"/><element_disabled>0</element_disabled><element_image>../images/CollapseAll.svg</element_image><element_label is_null="1" xml:lang="en"/><element_size is_null="1"/><element_style is_null="1"/><element_text xml:lang="en">Collapse All</element_text><element_tooltip>Collapse All</element_tooltip><generation>1</generation><id keyed_name="button collapse_all" type="tgc_Toolbar Element">8C8EB29973574352ADDC6E14EA60E45D</id><is_current>1</is_current><is_released>0</is_released><keyed_name>button collapse_all</keyed_name><locked_by_id is_null="1"/><major_rev>A</major_rev><managed_by_id is_null="1"/><minor_rev is_null="1"/><modified_by_id keyed_name="Innovator Admin" type="User">30B991F927274FA3829655F50C99472E</modified_by_id><modified_on>2015-02-19T07:26:43</modified_on><new_version>1</new_version><not_lockable>0</not_lockable><owned_by_id is_null="1"/><permission_id keyed_name="Default Access" type="Permission" origPermission="9122CD065CF04141B8EFE263FC80BEA4">9122CD065CF04141B8EFE263FC80BEA4</permission_id><related_id is_null="1"/><sort_order>20</sort_order><source_id keyed_name="ItemClassTreeDialog" type="tgc_Configuration">B92ADDD5F6EC4BAAB7D680650FFAE999</source_id><state is_null="1"/><team_id is_null="1"/><element_type>button</element_type><element_id>collapse_all</element_id></Item><Item action="merge" type="tgc_Toolbar Element" typeId="00CA2859C49E4988B02C23A9F559B1F8" id="A8DF8280F02B4C67A190AA89E5888A8C"><behavior>float</behavior><classification is_null="1"/><config_id keyed_name="button refresh_all" type="tgc_Toolbar Element">A8DF8280F02B4C67A190AA89E5888A8C</config_id><created_by_id keyed_name="Innovator Admin" type="User">30B991F927274FA3829655F50C99472E</created_by_id><created_on>2015-02-19T07:26:42</created_on><css is_null="1"/><current_state is_null="1"/><element_disabled>0</element_disabled><element_image>../images/Refresh.svg</element_image><element_label is_null="1" xml:lang="en"/><element_size is_null="1"/><element_style is_null="1"/><element_text xml:lang="en">Refresh</element_text><element_tooltip>Refresh</element_tooltip><generation>1</generation><id keyed_name="button refresh_all" type="tgc_Toolbar Element">A8DF8280F02B4C67A190AA89E5888A8C</id><is_current>1</is_current><is_released>0</is_released><keyed_name>button refresh_all</keyed_name><locked_by_id is_null="1"/><major_rev>A</major_rev><managed_by_id is_null="1"/><minor_rev is_null="1"/><modified_by_id keyed_name="Innovator Admin" type="User">30B991F927274FA3829655F50C99472E</modified_by_id><modified_on>2015-02-19T07:26:43</modified_on><new_version>1</new_version><not_lockable>0</not_lockable><owned_by_id is_null="1"/><permission_id keyed_name="Default Access" type="Permission" origPermission="9122CD065CF04141B8EFE263FC80BEA4">9122CD065CF04141B8EFE263FC80BEA4</permission_id><related_id is_null="1"/><sort_order>30</sort_order><source_id keyed_name="ItemClassTreeDialog" type="tgc_Configuration">B92ADDD5F6EC4BAAB7D680650FFAE999</source_id><state is_null="1"/><team_id is_null="1"/><element_type>button</element_type><element_id>refresh_all</element_id></Item><Item action="merge" type="tgc_Toolbar Element" typeId="00CA2859C49E4988B02C23A9F559B1F8" id="7580B5AA646B4067BA053968B381F810"><behavior>float</behavior><classification is_null="1"/><config_id keyed_name="separator sep" type="tgc_Toolbar Element">7580B5AA646B4067BA053968B381F810</config_id><created_by_id keyed_name="Innovator Admin" type="User">30B991F927274FA3829655F50C99472E</created_by_id><created_on>2015-02-19T07:26:42</created_on><css is_null="1"/><current_state is_null="1"/><element_disabled>0</element_disabled><element_image is_null="1"/><element_label is_null="1" xml:lang="en"/><element_size is_null="1"/><element_style is_null="1"/><element_text is_null="1" xml:lang="en"/><element_tooltip is_null="1"/><generation>1</generation><id keyed_name="separator sep" type="tgc_Toolbar Element">7580B5AA646B4067BA053968B381F810</id><is_current>1</is_current><is_released>0</is_released><keyed_name>separator sep</keyed_name><locked_by_id is_null="1"/><major_rev>A</major_rev><managed_by_id is_null="1"/><minor_rev is_null="1"/><modified_by_id keyed_name="Innovator Admin" type="User">30B991F927274FA3829655F50C99472E</modified_by_id><modified_on>2015-02-19T07:29:29</modified_on><new_version>1</new_version><not_lockable>0</not_lockable><owned_by_id is_null="1"/><permission_id keyed_name="Default Access" type="Permission" origPermission="9122CD065CF04141B8EFE263FC80BEA4">9122CD065CF04141B8EFE263FC80BEA4</permission_id><related_id is_null="1"/><sort_order>35</sort_order><source_id keyed_name="ItemClassTreeDialog" type="tgc_Configuration">B92ADDD5F6EC4BAAB7D680650FFAE999</source_id><state is_null="1"/><team_id is_null="1"/><element_type>separator</element_type><element_id>sep</element_id></Item><Item action="merge" type="tgc_Toolbar Element" typeId="00CA2859C49E4988B02C23A9F559B1F8" id="D4C36A4E40954002846522AD5582B90C"><behavior>float</behavior><classification is_null="1"/><config_id keyed_name="button view_item" type="tgc_Toolbar Element">D4C36A4E40954002846522AD5582B90C</config_id><created_by_id keyed_name="Innovator Admin" type="User">30B991F927274FA3829655F50C99472E</created_by_id><created_on>2015-02-19T07:26:42</created_on><css is_null="1"/><current_state is_null="1"/><element_disabled>0</element_disabled><element_image>../images/ViewItem.svg</element_image><element_label is_null="1" xml:lang="en"/><element_size is_null="1"/><element_style is_null="1"/><element_text xml:lang="en">View Item</element_text><element_tooltip>View Item</element_tooltip><generation>1</generation><id keyed_name="button view_item" type="tgc_Toolbar Element">D4C36A4E40954002846522AD5582B90C</id><is_current>1</is_current><is_released>0</is_released><keyed_name>button view_item</keyed_name><locked_by_id is_null="1"/><major_rev>A</major_rev><managed_by_id is_null="1"/><minor_rev is_null="1"/><modified_by_id keyed_name="Innovator Admin" type="User">30B991F927274FA3829655F50C99472E</modified_by_id><modified_on>2015-02-19T07:26:43</modified_on><new_version>1</new_version><not_lockable>0</not_lockable><owned_by_id is_null="1"/><permission_id keyed_name="Default Access" type="Permission" origPermission="9122CD065CF04141B8EFE263FC80BEA4">9122CD065CF04141B8EFE263FC80BEA4</permission_id><related_id is_null="1"/><sort_order>40</sort_order><source_id keyed_name="ItemClassTreeDialog" type="tgc_Configuration">B92ADDD5F6EC4BAAB7D680650FFAE999</source_id><state is_null="1"/><team_id is_null="1"/><element_type>button</element_type><element_id>view_item</element_id></Item><Item action="merge" type="tgc_View" typeId="B25E654CC2EA442F874B8E461EAA3C5B" id="12683024161646558ECC83B43A280F83"><behavior>float</behavior><classification is_null="1"/><config_id keyed_name="1 default" type="tgc_View">12683024161646558ECC83B43A280F83</config_id><created_by_id keyed_name="Innovator Admin" type="User">30B991F927274FA3829655F50C99472E</created_by_id><created_on>2015-02-19T07:26:42</created_on><css is_null="1"/><current_state is_null="1"/><description is_null="1"/><generation>1</generation><id keyed_name="1 default" type="tgc_View">12683024161646558ECC83B43A280F83</id><is_current>1</is_current><is_released>0</is_released><keyed_name>1 default</keyed_name><locked_by_id is_null="1"/><major_rev>A</major_rev><managed_by_id is_null="1"/><minor_rev is_null="1"/><modified_by_id keyed_name="Innovator Admin" type="User">30B991F927274FA3829655F50C99472E</modified_by_id><modified_on>2015-02-23T17:09:13</modified_on><new_version>1</new_version><not_lockable>0</not_lockable><owned_by_id is_null="1"/><permission_id keyed_name="Default Access" type="Permission" origPermission="9122CD065CF04141B8EFE263FC80BEA4">9122CD065CF04141B8EFE263FC80BEA4</permission_id><related_id is_null="1"/><source_id keyed_name="ItemClassTreeDialog" type="tgc_Configuration">B92ADDD5F6EC4BAAB7D680650FFAE999</source_id><state is_null="1"/><structure_item_type>Item Class</structure_item_type><structure_itm_released_condition>&lt;is_released&gt;1&lt;/is_released&gt;</structure_itm_released_condition><structure_rel_item_select_prop>id,generation,config_id,major_rev,classification,created_by_id(keyed_name),owned_by_id(keyed_name),managed_by_id(keyed_name),team_id(keyed_name),current_state(label),state,locked_by_id(keyed_name),name,label,item_class_path_label,description,item_class_path</structure_rel_item_select_prop><structure_rel_levels>All</structure_rel_levels><structure_rel_select_properties>sort_order,related_id</structure_rel_select_properties><structure_relationship>Item Class Hierarchy</structure_relationship><team_id is_null="1"/><sort_order>1</sort_order><name>default</name><Relationships><Item action="merge" type="tgc_View ColumnDef" typeId="401F9F0D52A84BDD9EF21BD29FF901B3" id="B07D0B691D16484CACEB4BFECEC972E3"><behavior>float</behavior><classification is_null="1"/><col_align>l</col_align><col_edit_type>NOEDIT</col_edit_type><col_filter_edit_type>NOEDIT</col_filter_edit_type><col_heading_align>c</col_heading_align><col_heading_label xml:lang="en">Item Class</col_heading_label><col_width>300</col_width><config_id keyed_name="10 TREE" type="tgc_View ColumnDef">B07D0B691D16484CACEB4BFECEC972E3</config_id><created_by_id keyed_name="Innovator Admin" type="User">30B991F927274FA3829655F50C99472E</created_by_id><created_on>2015-02-19T07:26:43</created_on><css is_null="1"/><current_state is_null="1"/><generation>1</generation><id keyed_name="10 TREE" type="tgc_View ColumnDef">B07D0B691D16484CACEB4BFECEC972E3</id><is_baseline_column>0</is_baseline_column><is_change_action_column>0</is_change_action_column><is_current>1</is_current><is_hide_on_baseline>0</is_hide_on_baseline><is_lock_column>0</is_lock_column><is_released>0</is_released><keyed_name>10 TREE</keyed_name><locked_by_id is_null="1"/><major_rev>A</major_rev><managed_by_id is_null="1"/><minor_rev is_null="1"/><modified_by_id keyed_name="Innovator Admin" type="User">30B991F927274FA3829655F50C99472E</modified_by_id><modified_on>2015-02-19T07:52:11</modified_on><new_version>1</new_version><not_lockable>0</not_lockable><owned_by_id is_null="1"/><permission_id keyed_name="Default Access" type="Permission" origPermission="9122CD065CF04141B8EFE263FC80BEA4">9122CD065CF04141B8EFE263FC80BEA4</permission_id><related_id is_null="1"/><source_id keyed_name="1 default" type="tgc_View">12683024161646558ECC83B43A280F83</source_id><state is_null="1"/><team_id is_null="1"/><sort_order>10</sort_order><col_name>TREE</col_name></Item><Item action="merge" type="tgc_View ColumnDef" typeId="401F9F0D52A84BDD9EF21BD29FF901B3" id="C42F6EC3BCA1450DA83CB293031BAF51"><behavior>float</behavior><classification is_null="1"/><col_align>c</col_align><col_edit_type>NOEDIT</col_edit_type><col_filter_edit_type>NOEDIT</col_filter_edit_type><col_heading_align>c</col_heading_align><col_heading_label xml:lang="en">Pos</col_heading_label><col_width>40</col_width><config_id keyed_name="20 SORT" type="tgc_View ColumnDef">C42F6EC3BCA1450DA83CB293031BAF51</config_id><created_by_id keyed_name="Innovator Admin" type="User">30B991F927274FA3829655F50C99472E</created_by_id><created_on>2015-02-19T07:26:43</created_on><css is_null="1"/><current_state is_null="1"/><generation>1</generation><id keyed_name="20 SORT" type="tgc_View ColumnDef">C42F6EC3BCA1450DA83CB293031BAF51</id><is_baseline_column>0</is_baseline_column><is_change_action_column>0</is_change_action_column><is_current>1</is_current><is_hide_on_baseline>0</is_hide_on_baseline><is_lock_column>0</is_lock_column><is_released>0</is_released><keyed_name>20 SORT</keyed_name><locked_by_id is_null="1"/><major_rev>A</major_rev><managed_by_id is_null="1"/><minor_rev is_null="1"/><modified_by_id keyed_name="Innovator Admin" type="User">30B991F927274FA3829655F50C99472E</modified_by_id><modified_on>2015-02-19T07:26:43</modified_on><new_version>1</new_version><not_lockable>0</not_lockable><owned_by_id is_null="1"/><permission_id keyed_name="Default Access" type="Permission" origPermission="9122CD065CF04141B8EFE263FC80BEA4">9122CD065CF04141B8EFE263FC80BEA4</permission_id><related_id is_null="1"/><source_id keyed_name="1 default" type="tgc_View">12683024161646558ECC83B43A280F83</source_id><state is_null="1"/><team_id is_null="1"/><sort_order>20</sort_order><col_name>SORT</col_name></Item><Item action="merge" type="tgc_View ColumnDef" typeId="401F9F0D52A84BDD9EF21BD29FF901B3" id="B991953C9EA14E85A6C0667047D57B0D"><behavior>float</behavior><classification is_null="1"/><col_align>c</col_align><col_edit_type>NOEDIT</col_edit_type><col_filter_edit_type>NOEDIT</col_filter_edit_type><col_heading_align>c</col_heading_align><col_heading_label xml:lang="en">Lck</col_heading_label><col_width>40</col_width><config_id keyed_name="45 LOCK" type="tgc_View ColumnDef">B991953C9EA14E85A6C0667047D57B0D</config_id><created_by_id keyed_name="Innovator Admin" type="User">30B991F927274FA3829655F50C99472E</created_by_id><created_on>2015-02-19T07:26:43</created_on><css is_null="1"/><current_state is_null="1"/><generation>1</generation><id keyed_name="45 LOCK" type="tgc_View ColumnDef">B991953C9EA14E85A6C0667047D57B0D</id><is_baseline_column>0</is_baseline_column><is_change_action_column>0</is_change_action_column><is_current>1</is_current><is_hide_on_baseline>1</is_hide_on_baseline><is_lock_column>1</is_lock_column><is_released>0</is_released><keyed_name>45 LOCK</keyed_name><locked_by_id is_null="1"/><major_rev>A</major_rev><managed_by_id is_null="1"/><minor_rev is_null="1"/><modified_by_id keyed_name="Innovator Admin" type="User">30B991F927274FA3829655F50C99472E</modified_by_id><modified_on>2015-02-19T07:26:43</modified_on><new_version>1</new_version><not_lockable>0</not_lockable><owned_by_id is_null="1"/><permission_id keyed_name="Default Access" type="Permission" origPermission="9122CD065CF04141B8EFE263FC80BEA4">9122CD065CF04141B8EFE263FC80BEA4</permission_id><related_id is_null="1"/><source_id keyed_name="1 default" type="tgc_View">12683024161646558ECC83B43A280F83</source_id><state is_null="1"/><team_id is_null="1"/><sort_order>45</sort_order><col_name>LOCK</col_name></Item><Item action="merge" type="tgc_View ColumnDef" typeId="401F9F0D52A84BDD9EF21BD29FF901B3" id="C146C6AB132F4A429BE4548213511890"><behavior>float</behavior><classification is_null="1"/><col_align>l</col_align><col_edit_type>NOEDIT</col_edit_type><col_filter_edit_type>NOEDIT</col_filter_edit_type><col_heading_align>c</col_heading_align><col_heading_label xml:lang="en">Class Path</col_heading_label><col_width>300</col_width><config_id keyed_name="50 CLASSPATH" type="tgc_View ColumnDef">C146C6AB132F4A429BE4548213511890</config_id><created_by_id keyed_name="Innovator Admin" type="User">30B991F927274FA3829655F50C99472E</created_by_id><created_on>2015-02-19T07:26:43</created_on><css is_null="1"/><current_state is_null="1"/><generation>1</generation><id keyed_name="50 CLASSPATH" type="tgc_View ColumnDef">C146C6AB132F4A429BE4548213511890</id><is_baseline_column>0</is_baseline_column><is_change_action_column>0</is_change_action_column><is_current>1</is_current><is_hide_on_baseline>0</is_hide_on_baseline><is_lock_column>0</is_lock_column><is_released>0</is_released><keyed_name>50 CLASSPATH</keyed_name><locked_by_id is_null="1"/><major_rev>A</major_rev><managed_by_id is_null="1"/><minor_rev is_null="1"/><modified_by_id keyed_name="Innovator Admin" type="User">30B991F927274FA3829655F50C99472E</modified_by_id><modified_on>2015-02-19T07:52:11</modified_on><new_version>1</new_version><not_lockable>0</not_lockable><owned_by_id is_null="1"/><permission_id keyed_name="Default Access" type="Permission" origPermission="9122CD065CF04141B8EFE263FC80BEA4">9122CD065CF04141B8EFE263FC80BEA4</permission_id><related_id is_null="1"/><source_id keyed_name="1 default" type="tgc_View">12683024161646558ECC83B43A280F83</source_id><state is_null="1"/><team_id is_null="1"/><sort_order>50</sort_order><col_name>CLASSPATH</col_name></Item><Item action="merge" type="tgc_View MenuAction" typeId="BC985F0E2C1D43C290BA766995A2B6FE" id="0073A5ACE98041C3A2E91F5689CA66FA"><allow_on_group_rows is_null="1"/><behavior>float</behavior><classification is_null="1"/><config_id keyed_name="0073A5ACE98041C3A2E91F5689CA66FA" type="tgc_View MenuAction">0073A5ACE98041C3A2E91F5689CA66FA</config_id><created_by_id keyed_name="Innovator Admin" type="User">30B991F927274FA3829655F50C99472E</created_by_id><created_on>2015-02-19T07:26:43</created_on><css is_null="1"/><current_state is_null="1"/><execute_this_action is_null="1"/><generation>1</generation><id keyed_name="0073A5ACE98041C3A2E91F5689CA66FA" type="tgc_View MenuAction">0073A5ACE98041C3A2E91F5689CA66FA</id><if_effectivity_mode is_null="1"/><if_grid_is_editable is_null="1"/><if_is_group_row is_null="1"/><if_is_owner_manager_of_row_item is_null="1"/><if_is_owner_of_context_item is_null="1"/><if_is_owner_of_row_item is_null="1"/><if_row_item_is_current is_null="1"/><if_row_item_is_locked is_null="1"/><if_row_item_is_released is_null="1"/><if_started_from_tab>true</if_started_from_tab><is_current>1</is_current><is_released>0</is_released><is_separator>0</is_separator><keyed_name>0073A5ACE98041C3A2E91F5689CA66FA</keyed_name><label xml:lang="en">View Item</label><locked_by_id is_null="1"/><major_rev>A</major_rev><managed_by_id is_null="1"/><minor_rev is_null="1"/><modified_by_id keyed_name="Innovator Admin" type="User">30B991F927274FA3829655F50C99472E</modified_by_id><modified_on>2015-02-23T17:09:03</modified_on><name>view_item</name><new_version>1</new_version><not_lockable>0</not_lockable><owned_by_id is_null="1"/><permission_id keyed_name="Default Access" type="Permission" origPermission="9122CD065CF04141B8EFE263FC80BEA4">9122CD065CF04141B8EFE263FC80BEA4</permission_id><related_id is_null="1"/><sort_order>10</sort_order><source_id keyed_name="1 default" type="tgc_View">12683024161646558ECC83B43A280F83</source_id><state is_null="1"/><team_id is_null="1"/></Item><Item action="merge" type="tgc_Struct Prop MappingDef" typeId="C9A6ADE4BE3A4D8AA65A03DFAB8505CB" id="56194E748CBE48B1A9CB956230F08365"><behavior>float</behavior><cell_bg_color is_null="1"/><cell_is_editable>0</cell_is_editable><cell_link_item_type is_null="1"/><cell_link_key is_null="1"/><cell_static_value xml:lang="en"></cell_static_value><cell_text_color is_null="1"/><cell_value_type is_null="1"/><cell_value_type_other></cell_value_type_other><classification is_null="1"/><config_id keyed_name="TREE label" type="tgc_Struct Prop MappingDef">56194E748CBE48B1A9CB956230F08365</config_id><created_by_id keyed_name="Innovator Admin" type="User">30B991F927274FA3829655F50C99472E</created_by_id><created_on>2015-02-19T07:26:42</created_on><css is_null="1"/><current_state is_null="1"/><generation>1</generation><id keyed_name="TREE label" type="tgc_Struct Prop MappingDef">56194E748CBE48B1A9CB956230F08365</id><is_current>1</is_current><is_rel_property>0</is_rel_property><is_released>0</is_released><keyed_name>TREE label</keyed_name><locked_by_id is_null="1"/><major_rev>A</major_rev><managed_by_id is_null="1"/><minor_rev is_null="1"/><modified_by_id keyed_name="Innovator Admin" type="User">30B991F927274FA3829655F50C99472E</modified_by_id><modified_on>2015-02-19T09:40:34</modified_on><new_version>1</new_version><not_lockable>0</not_lockable><owned_by_id is_null="1"/><permission_id keyed_name="Default Access" type="Permission" origPermission="9122CD065CF04141B8EFE263FC80BEA4">9122CD065CF04141B8EFE263FC80BEA4</permission_id><related_id is_null="1"/><sort_order>10</sort_order><source_id keyed_name="1 default" type="tgc_View">12683024161646558ECC83B43A280F83</source_id><state is_null="1"/><team_id is_null="1"/><col_name>TREE</col_name><mapped_property>label</mapped_property></Item><Item action="merge" type="tgc_Struct Prop MappingDef" typeId="C9A6ADE4BE3A4D8AA65A03DFAB8505CB" id="EF219C8162DB420F999D0B355699CAF5"><behavior>float</behavior><cell_bg_color is_null="1"/><cell_is_editable>0</cell_is_editable><cell_link_item_type is_null="1"/><cell_link_key is_null="1"/><cell_static_value is_null="1" xml:lang="en"/><cell_text_color is_null="1"/><cell_value_type is_null="1"/><cell_value_type_other is_null="1"/><classification is_null="1"/><config_id keyed_name="SORT sort_order" type="tgc_Struct Prop MappingDef">EF219C8162DB420F999D0B355699CAF5</config_id><created_by_id keyed_name="Innovator Admin" type="User">30B991F927274FA3829655F50C99472E</created_by_id><created_on>2015-02-19T07:26:42</created_on><css is_null="1"/><current_state is_null="1"/><generation>1</generation><id keyed_name="SORT sort_order" type="tgc_Struct Prop MappingDef">EF219C8162DB420F999D0B355699CAF5</id><is_current>1</is_current><is_rel_property>1</is_rel_property><is_released>0</is_released><keyed_name>SORT sort_order</keyed_name><locked_by_id is_null="1"/><major_rev>A</major_rev><managed_by_id is_null="1"/><minor_rev is_null="1"/><modified_by_id keyed_name="Innovator Admin" type="User">30B991F927274FA3829655F50C99472E</modified_by_id><modified_on>2015-02-19T07:26:43</modified_on><new_version>1</new_version><not_lockable>0</not_lockable><owned_by_id is_null="1"/><permission_id keyed_name="Default Access" type="Permission" origPermission="9122CD065CF04141B8EFE263FC80BEA4">9122CD065CF04141B8EFE263FC80BEA4</permission_id><related_id is_null="1"/><sort_order>20</sort_order><source_id keyed_name="1 default" type="tgc_View">12683024161646558ECC83B43A280F83</source_id><state is_null="1"/><team_id is_null="1"/><col_name>SORT</col_name><mapped_property>sort_order</mapped_property></Item><Item action="merge" type="tgc_Struct Prop MappingDef" typeId="C9A6ADE4BE3A4D8AA65A03DFAB8505CB" id="9812E42E0557458FAE019F2653321D49"><behavior>float</behavior><cell_bg_color is_null="1"/><cell_is_editable>0</cell_is_editable><cell_link_item_type is_null="1"/><cell_link_key is_null="1"/><cell_static_value is_null="1" xml:lang="en"/><cell_text_color is_null="1"/><cell_value_type>lock</cell_value_type><cell_value_type_other is_null="1"/><classification is_null="1"/><config_id keyed_name="LOCK locked_by_id" type="tgc_Struct Prop MappingDef">9812E42E0557458FAE019F2653321D49</config_id><created_by_id keyed_name="Innovator Admin" type="User">30B991F927274FA3829655F50C99472E</created_by_id><created_on>2015-02-19T07:26:42</created_on><css is_null="1"/><current_state is_null="1"/><generation>1</generation><id keyed_name="LOCK locked_by_id" type="tgc_Struct Prop MappingDef">9812E42E0557458FAE019F2653321D49</id><is_current>1</is_current><is_rel_property>0</is_rel_property><is_released>0</is_released><keyed_name>LOCK locked_by_id</keyed_name><locked_by_id is_null="1"/><major_rev>A</major_rev><managed_by_id is_null="1"/><minor_rev is_null="1"/><modified_by_id keyed_name="Innovator Admin" type="User">30B991F927274FA3829655F50C99472E</modified_by_id><modified_on>2015-02-19T07:26:43</modified_on><new_version>1</new_version><not_lockable>0</not_lockable><owned_by_id is_null="1"/><permission_id keyed_name="Default Access" type="Permission" origPermission="9122CD065CF04141B8EFE263FC80BEA4">9122CD065CF04141B8EFE263FC80BEA4</permission_id><related_id is_null="1"/><sort_order>50</sort_order><source_id keyed_name="1 default" type="tgc_View">12683024161646558ECC83B43A280F83</source_id><state is_null="1"/><team_id is_null="1"/><col_name>LOCK</col_name><mapped_property>locked_by_id</mapped_property></Item><Item action="merge" type="tgc_Struct Prop MappingDef" typeId="C9A6ADE4BE3A4D8AA65A03DFAB8505CB" id="D9F766E6C8D942C6835F9344487A4D89"><behavior>float</behavior><cell_bg_color is_null="1"/><cell_is_editable>0</cell_is_editable><cell_link_item_type is_null="1"/><cell_link_key is_null="1"/><cell_static_value is_null="1" xml:lang="en"/><cell_text_color is_null="1"/><cell_value_type is_null="1"/><cell_value_type_other is_null="1"/><classification is_null="1"/><config_id keyed_name="CLASSPATH item_class_path_label" type="tgc_Struct Prop MappingDef">D9F766E6C8D942C6835F9344487A4D89</config_id><created_by_id keyed_name="Innovator Admin" type="User">30B991F927274FA3829655F50C99472E</created_by_id><created_on>2015-02-19T07:26:42</created_on><css is_null="1"/><current_state is_null="1"/><generation>1</generation><id keyed_name="CLASSPATH item_class_path_label" type="tgc_Struct Prop MappingDef">D9F766E6C8D942C6835F9344487A4D89</id><is_current>1</is_current><is_rel_property>0</is_rel_property><is_released>0</is_released><keyed_name>CLASSPATH item_class_path_label</keyed_name><locked_by_id is_null="1"/><major_rev>A</major_rev><managed_by_id is_null="1"/><minor_rev is_null="1"/><modified_by_id keyed_name="Innovator Admin" type="User">30B991F927274FA3829655F50C99472E</modified_by_id><modified_on>2015-02-19T09:40:34</modified_on><new_version>1</new_version><not_lockable>0</not_lockable><owned_by_id is_null="1"/><permission_id keyed_name="Default Access" type="Permission" origPermission="9122CD065CF04141B8EFE263FC80BEA4">9122CD065CF04141B8EFE263FC80BEA4</permission_id><related_id is_null="1"/><sort_order>60</sort_order><source_id keyed_name="1 default" type="tgc_View">12683024161646558ECC83B43A280F83</source_id><state is_null="1"/><team_id is_null="1"/><col_name>CLASSPATH</col_name><mapped_property>item_class_path_label</mapped_property></Item></Relationships></Item><Item action="merge" type="tgc_Apply to Item Types" typeId="05C4CD82B1E14A34877A28ECD4FD9768" id="85B451DDB3B845E8A0534F1E50C9FD2F"><id keyed_name="85B451DDB3B845E8A0534F1E50C9FD2F" type="tgc_Apply to Item Types">85B451DDB3B845E8A0534F1E50C9FD2F</id><item_type_name>Item Class</item_type_name><source_id keyed_name="ItemClassTreeDialog" type="tgc_Configuration">B92ADDD5F6EC4BAAB7D680650FFAE999</source_id></Item></Relationships></Item>
</AML>