﻿<AML>
 <Item type="RelationshipType" id="5BA8B48FE6C5448EAB4CD24165F48260" action="add" dependencyLevel="0">
  <auto_search>1</auto_search>
  <behavior>float</behavior>
  <copy_permissions>0</copy_permissions>
  <create_related>0</create_related>
  <hide_in_all>0</hide_in_all>
  <inc_rel_key_name>1</inc_rel_key_name>
  <inc_related_key_name>1</inc_related_key_name>
  <is_list_type>0</is_list_type>
  <label xml:lang="en">Class Characteristics</label>
  <new_show_related>0</new_show_related>
  <related_id keyed_name="Item Characteristic" type="ItemType" name="Item Characteristic">87CC08361EE94B52B7AA7E7A886DC25E</related_id>
  <related_notnull>1</related_notnull>
  <related_option>2</related_option>
  <relationship_id keyed_name="Item Class Characteristic" type="ItemType" name="Item Class Characteristic">
   <Item type="ItemType" id="DAB94A91D2B64319AEA7371AC37BF94D" action="add">
    <allow_private_permission>1</allow_private_permission>
    <auto_search>0</auto_search>
    <enforce_discovery>0</enforce_discovery>
    <hide_where_used>0</hide_where_used>
    <implementation_type>table</implementation_type>
    <instance_data>ITEM_CLASS_CHARACTERISTIC</instance_data>
    <is_dependent>0</is_dependent>
    <is_relationship>1</is_relationship>
    <is_versionable>0</is_versionable>
    <open_icon>../images/Icons/16x16/16x16_relationship1.gif</open_icon>
    <revisions keyed_name="Default" type="Revision">7FE395DD8B9F4E1090756A34B733D75E</revisions>
    <show_parameters_tab>1</show_parameters_tab>
    <structure_view>tabs off</structure_view>
    <unlock_on_logout>0</unlock_on_logout>
    <use_src_access>1</use_src_access>
    <name>Item Class Characteristic</name>
    <Relationships>
     <Item type="View" id="04E8A53315204B74BF4283B78E93A075" action="add">
      <client>js</client>
      <related_id keyed_name="Item Class Characteristic" type="Form">7236B6BCA7F34A51B9FECA6D5C6BB953</related_id>
      <role keyed_name="World" type="Identity">
       <Item type="Identity" action="get" select="id">
        <name>World</name>
       </Item>
      </role>
      <sort_order>128</sort_order>
      <source_id keyed_name="Item Class Characteristic" type="ItemType" name="Item Class Characteristic">DAB94A91D2B64319AEA7371AC37BF94D</source_id>
      <type>default</type>
     </Item>
    </Relationships>
   </Item>
  </relationship_id>
  <sort_order>128</sort_order>
  <source_id keyed_name="Item Class" type="ItemType" name="Item Class">F40D94A0E3B74376961645EE76D5D8E3</source_id>
  <name>Item Class Characteristic</name>
 </Item>
 <Item type="ItemType" id="DAB94A91D2B64319AEA7371AC37BF94D" action="edit">
  <Relationships>
   <Item type="Property" action="edit" where="source_id='DAB94A91D2B64319AEA7371AC37BF94D' and name='sort_order'">
    <column_alignment>left</column_alignment>
    <column_width>80</column_width>
    <data_type>integer</data_type>
    <is_hidden>0</is_hidden>
    <is_hidden2>0</is_hidden2>
    <is_indexed>0</is_indexed>
    <is_keyed>0</is_keyed>
    <is_multi_valued>0</is_multi_valued>
    <is_required>0</is_required>
    <label xml:lang="en">Sort Order</label>
    <range_inclusive>0</range_inclusive>
    <readonly>0</readonly>
    <sort_order>1000</sort_order>
    <source_id keyed_name="Item Class Characteristic" type="ItemType" name="Item Class Characteristic">DAB94A91D2B64319AEA7371AC37BF94D</source_id>
    <track_history>0</track_history>
    <name>sort_order</name>
   </Item>
  </Relationships>
 </Item>
</AML>