﻿<AML>
 <Item type="RelationshipType" id="C7941CB916114EC2B7F9038B2A5C03B0" action="add" dependencyLevel="0">
  <auto_search>1</auto_search>
  <behavior>float</behavior>
  <copy_permissions>0</copy_permissions>
  <create_related>0</create_related>
  <hide_in_all>0</hide_in_all>
  <inc_rel_key_name>1</inc_rel_key_name>
  <inc_related_key_name>1</inc_related_key_name>
  <is_list_type>0</is_list_type>
  <label xml:lang="en">Sub Classes</label>
  <new_show_related>0</new_show_related>
  <related_id keyed_name="Item Class" type="ItemType" name="Item Class">F40D94A0E3B74376961645EE76D5D8E3</related_id>
  <related_notnull>1</related_notnull>
  <related_option>1</related_option>
  <relationship_id keyed_name="Item Class Hierarchy" type="ItemType" name="Item Class Hierarchy">
   <Item type="ItemType" id="EFB8D220174943A6BC689DC7B77D7C31" action="add">
    <allow_private_permission>1</allow_private_permission>
    <auto_search>0</auto_search>
    <enforce_discovery>0</enforce_discovery>
    <hide_where_used>0</hide_where_used>
    <implementation_type>table</implementation_type>
    <instance_data>ITEM_CLASS_HIERARCHY</instance_data>
    <is_dependent>0</is_dependent>
    <is_relationship>1</is_relationship>
    <is_versionable>0</is_versionable>
    <open_icon>../images/Icons/16x16/16x16_relationship1.gif</open_icon>
    <revisions keyed_name="Default" type="Revision">7FE395DD8B9F4E1090756A34B733D75E</revisions>
    <show_parameters_tab>1</show_parameters_tab>
    <structure_view>tabs off</structure_view>
    <unlock_on_logout>0</unlock_on_logout>
    <use_src_access>1</use_src_access>
    <name>Item Class Hierarchy</name>
    <Relationships>
     <Item type="Server Event" id="2E737E45B4654B40BB6BA4802873EE44" action="add">
      <related_id keyed_name="SetItemClassPath" type="Method">
       <Item type="Method" action="get" select="id">
        <name>SetItemClassPath</name>
       </Item>
      </related_id>
      <server_event>onAfterAdd</server_event>
      <sort_order>10</sort_order>
      <source_id keyed_name="Item Class Hierarchy" type="ItemType" name="Item Class Hierarchy">EFB8D220174943A6BC689DC7B77D7C31</source_id>
     </Item>
     <Item type="Server Event" id="0E04E2F5474E4A47B5CDAA6CC601305F" action="add">
      <related_id keyed_name="Delete relatedItemClassHierarchy" type="Method">
       <Item type="Method" action="get" select="id">
        <name>Delete relatedItemClassHierarchy</name>
       </Item>
      </related_id>
      <server_event>onAfterDelete</server_event>
      <sort_order>10</sort_order>
      <source_id keyed_name="Item Class Hierarchy" type="ItemType" name="Item Class Hierarchy">EFB8D220174943A6BC689DC7B77D7C31</source_id>
     </Item>
    </Relationships>
   </Item>
  </relationship_id>
  <sort_order>256</sort_order>
  <source_id keyed_name="Item Class" type="ItemType" name="Item Class">F40D94A0E3B74376961645EE76D5D8E3</source_id>
  <name>Item Class Hierarchy</name>
  <Relationships>
   <Item type="Relationship Grid Event" id="AB66749F8B9149BCBF1FEE96A2AF9930" action="add">
    <grid_event>oninsertrow</grid_event>
    <related_id keyed_name="setClassPath" type="Method">
     <Item type="Method" action="get" select="id">
      <name>setClassPath</name>
     </Item>
    </related_id>
    <sort_order>128</sort_order>
    <source_id keyed_name="Item Class Hierarchy" type="RelationshipType">C7941CB916114EC2B7F9038B2A5C03B0</source_id>
   </Item>
  </Relationships>
 </Item>
 <Item type="ItemType" id="EFB8D220174943A6BC689DC7B77D7C31" action="edit">
  <Relationships>
   <Item type="Property" action="edit" where="source_id='EFB8D220174943A6BC689DC7B77D7C31' and name='sort_order'">
    <column_alignment>left</column_alignment>
    <column_width>80</column_width>
    <data_type>integer</data_type>
    <is_hidden>0</is_hidden>
    <is_hidden2>0</is_hidden2>
    <is_indexed>0</is_indexed>
    <is_keyed>0</is_keyed>
    <is_multi_valued>0</is_multi_valued>
    <is_required>0</is_required>
    <label xml:lang="en">Sort Order</label>
    <range_inclusive>0</range_inclusive>
    <readonly>0</readonly>
    <sort_order>1000</sort_order>
    <source_id keyed_name="Item Class Hierarchy" type="ItemType" name="Item Class Hierarchy">EFB8D220174943A6BC689DC7B77D7C31</source_id>
    <track_history>0</track_history>
    <name>sort_order</name>
   </Item>
  </Relationships>
 </Item>
 <Item type="View" action="delete" where="source_id='EFB8D220174943A6BC689DC7B77D7C31'" />
 <Item type="Form" action="delete" where="name='Item Class Hierarchy'" />
</AML>