﻿<AML>
 <Item type="Life Cycle Map" id="C94A3954DA694AB5A99972C48FC7F6BE" action="add">
  <start_state keyed_name="New" type="Life Cycle State">37878DFDDAE24FDFB7798364FFCAA511</start_state>
  <name>tgc_Configuration</name>
  <Relationships>
   <Item type="Life Cycle State" id="820954029B6D49478E65757DA1684B49" action="add">
    <image>../images/LifeCycleState.svg</image>
    <set_is_released>0</set_is_released>
    <set_not_lockable>0</set_not_lockable>
    <sort_order>256</sort_order>
    <source_id keyed_name="tgc_Configuration" type="Life Cycle Map">C94A3954DA694AB5A99972C48FC7F6BE</source_id>
    <x>168</x>
    <y>19</y>
    <name>In Review</name>
   </Item>
   <Item type="Life Cycle State" id="449F65B6210847DE8FD1AA0C3826B6E7" action="add">
    <image>../images/LifeCycleState.svg</image>
    <set_is_released>0</set_is_released>
    <set_not_lockable>0</set_not_lockable>
    <sort_order>512</sort_order>
    <source_id keyed_name="tgc_Configuration" type="Life Cycle Map">C94A3954DA694AB5A99972C48FC7F6BE</source_id>
    <x>353</x>
    <y>20</y>
    <name>In Work</name>
   </Item>
   <Item type="Life Cycle State" id="4DA12E1B6D5D487187602A7E62BF7AE6" action="add">
    <image>../images/LifeCycleState.svg</image>
    <set_is_released>0</set_is_released>
    <set_not_lockable>0</set_not_lockable>
    <sort_order>640</sort_order>
    <source_id keyed_name="tgc_Configuration" type="Life Cycle Map">C94A3954DA694AB5A99972C48FC7F6BE</source_id>
    <x>515</x>
    <y>118</y>
    <name>Modify</name>
   </Item>
   <Item type="Life Cycle State" id="37878DFDDAE24FDFB7798364FFCAA511" action="add">
    <image>../images/LifeCycleState.svg</image>
    <item_behavior>float</item_behavior>
    <set_is_released>0</set_is_released>
    <set_not_lockable>0</set_not_lockable>
    <sort_order>128</sort_order>
    <source_id keyed_name="tgc_Configuration" type="Life Cycle Map">C94A3954DA694AB5A99972C48FC7F6BE</source_id>
    <x>46</x>
    <y>120</y>
    <name>New</name>
   </Item>
   <Item type="Life Cycle State" id="ED76795A698342309491A099FEEA2BA2" action="add">
    <image>../images/LifeCycleState.svg</image>
    <set_is_released>1</set_is_released>
    <set_not_lockable>0</set_not_lockable>
    <sort_order>384</sort_order>
    <source_id keyed_name="tgc_Configuration" type="Life Cycle Map">C94A3954DA694AB5A99972C48FC7F6BE</source_id>
    <x>353</x>
    <y>118</y>
    <name>Released</name>
   </Item>
   <Item type="Life Cycle Transition" id="2B31CB1D7CD14D0EBCADEDD26B70E90E" action="add">
    <from_state keyed_name="New" type="Life Cycle State">37878DFDDAE24FDFB7798364FFCAA511</from_state>
    <get_comment>0</get_comment>
    <role keyed_name="Administrators" type="Identity">2618D6F5A90949BAA7E920D1B04C7EE1</role>
    <sort_order>384</sort_order>
    <source_id keyed_name="tgc_Configuration" type="Life Cycle Map">C94A3954DA694AB5A99972C48FC7F6BE</source_id>
    <to_state keyed_name="Released" type="Life Cycle State">ED76795A698342309491A099FEEA2BA2</to_state>
   </Item>
   <Item type="Life Cycle Transition" id="819413C119D149A3980ED211FDCFADB8" action="add">
    <from_state keyed_name="New" type="Life Cycle State">37878DFDDAE24FDFB7798364FFCAA511</from_state>
    <get_comment>0</get_comment>
    <role keyed_name="Administrators" type="Identity">2618D6F5A90949BAA7E920D1B04C7EE1</role>
    <segments></segments>
    <sort_order>128</sort_order>
    <source_id keyed_name="tgc_Configuration" type="Life Cycle Map">C94A3954DA694AB5A99972C48FC7F6BE</source_id>
    <to_state keyed_name="In Review" type="Life Cycle State">820954029B6D49478E65757DA1684B49</to_state>
    <x>16</x>
    <y>-41</y>
   </Item>
   <Item type="Life Cycle Transition" id="077DA088FB764D8A87AE9E5792FA7636" action="add">
    <from_state keyed_name="In Work" type="Life Cycle State">449F65B6210847DE8FD1AA0C3826B6E7</from_state>
    <get_comment>0</get_comment>
    <role keyed_name="Administrators" type="Identity">2618D6F5A90949BAA7E920D1B04C7EE1</role>
    <segments>394,79</segments>
    <sort_order>768</sort_order>
    <source_id keyed_name="tgc_Configuration" type="Life Cycle Map">C94A3954DA694AB5A99972C48FC7F6BE</source_id>
    <to_state keyed_name="Released" type="Life Cycle State">ED76795A698342309491A099FEEA2BA2</to_state>
    <x>14</x>
    <y>18</y>
   </Item>
   <Item type="Life Cycle Transition" id="435104884B374110A3BBE19167315AB9" action="add">
    <from_state keyed_name="In Work" type="Life Cycle State">449F65B6210847DE8FD1AA0C3826B6E7</from_state>
    <get_comment>0</get_comment>
    <role keyed_name="Administrators" type="Identity">2618D6F5A90949BAA7E920D1B04C7EE1</role>
    <segments></segments>
    <sort_order>640</sort_order>
    <source_id keyed_name="tgc_Configuration" type="Life Cycle Map">C94A3954DA694AB5A99972C48FC7F6BE</source_id>
    <to_state keyed_name="In Review" type="Life Cycle State">820954029B6D49478E65757DA1684B49</to_state>
    <x>-122</x>
    <y>-4</y>
   </Item>
   <Item type="Life Cycle Transition" id="B3FBFC9D47564233B515B9CC5AEFE928" action="add">
    <from_state keyed_name="Modify" type="Life Cycle State">4DA12E1B6D5D487187602A7E62BF7AE6</from_state>
    <get_comment>0</get_comment>
    <role keyed_name="Administrators" type="Identity">2618D6F5A90949BAA7E920D1B04C7EE1</role>
    <segments>431,144</segments>
    <sort_order>1024</sort_order>
    <source_id keyed_name="tgc_Configuration" type="Life Cycle Map">C94A3954DA694AB5A99972C48FC7F6BE</source_id>
    <to_state keyed_name="Released" type="Life Cycle State">ED76795A698342309491A099FEEA2BA2</to_state>
    <x>-117</x>
    <y>30</y>
   </Item>
   <Item type="Life Cycle Transition" id="42AF6E8997154E0EAF3AC95761EE7122" action="add">
    <from_state keyed_name="In Review" type="Life Cycle State">820954029B6D49478E65757DA1684B49</from_state>
    <get_comment>0</get_comment>
    <role keyed_name="Administrators" type="Identity">2618D6F5A90949BAA7E920D1B04C7EE1</role>
    <segments></segments>
    <sort_order>256</sort_order>
    <source_id keyed_name="tgc_Configuration" type="Life Cycle Map">C94A3954DA694AB5A99972C48FC7F6BE</source_id>
    <to_state keyed_name="Released" type="Life Cycle State">ED76795A698342309491A099FEEA2BA2</to_state>
    <x>27</x>
    <y>59</y>
   </Item>
   <Item type="Life Cycle Transition" id="028FB5A74381435DB89E3F2D712D7136" action="add">
    <from_state keyed_name="Released" type="Life Cycle State">ED76795A698342309491A099FEEA2BA2</from_state>
    <get_comment>0</get_comment>
    <role keyed_name="Administrators" type="Identity">2618D6F5A90949BAA7E920D1B04C7EE1</role>
    <segments>332,79</segments>
    <sort_order>512</sort_order>
    <source_id keyed_name="tgc_Configuration" type="Life Cycle Map">C94A3954DA694AB5A99972C48FC7F6BE</source_id>
    <to_state keyed_name="In Work" type="Life Cycle State">449F65B6210847DE8FD1AA0C3826B6E7</to_state>
    <x>-62</x>
    <y>-52</y>
   </Item>
   <Item type="Life Cycle Transition" id="CA2EBC36DA7B4894BB40F71BA47A91C8" action="add">
    <from_state keyed_name="Released" type="Life Cycle State">ED76795A698342309491A099FEEA2BA2</from_state>
    <get_comment>0</get_comment>
    <role keyed_name="Administrators" type="Identity">2618D6F5A90949BAA7E920D1B04C7EE1</role>
    <segments>434,105</segments>
    <sort_order>896</sort_order>
    <source_id keyed_name="tgc_Configuration" type="Life Cycle Map">C94A3954DA694AB5A99972C48FC7F6BE</source_id>
    <to_state keyed_name="Modify" type="Life Cycle State">4DA12E1B6D5D487187602A7E62BF7AE6</to_state>
    <x>43</x>
    <y>-28</y>
   </Item>
  </Relationships>
 </Item>
</AML>