﻿<AML>
 <Item type="RelationshipType" id="B17F50B9A7B14968821DB7B50FC3FD1B" action="add" dependencyLevel="0">
  <auto_search>1</auto_search>
  <behavior>float</behavior>
  <copy_permissions>0</copy_permissions>
  <create_related>0</create_related>
  <hide_in_all>0</hide_in_all>
  <inc_rel_key_name>1</inc_rel_key_name>
  <inc_related_key_name>1</inc_related_key_name>
  <is_list_type>0</is_list_type>
  <label xml:lang="en">Item Characteristic List Value</label>
  <name>Item Characteristic List Value</name>
  <new_show_related>0</new_show_related>
  <related_notnull>0</related_notnull>
  <related_option>1</related_option>
  <relationship_id keyed_name="Item Characteristic List Value" type="ItemType" name="Item Characteristic List Value">
   <Item type="ItemType" id="A17A3D9746DB42259CE78662D72199E1" action="add">
    <allow_private_permission>1</allow_private_permission>
    <auto_search>0</auto_search>
    <enforce_discovery>0</enforce_discovery>
    <hide_where_used>0</hide_where_used>
    <implementation_type>table</implementation_type>
    <instance_data>ITEM_CHARACTERISTIC_LIST_VALUE</instance_data>
    <is_dependent>0</is_dependent>
    <is_relationship>1</is_relationship>
    <is_versionable>0</is_versionable>
    <manual_versioning>0</manual_versioning>
    <name>Item Characteristic List Value</name>
    <open_icon>../images/Icons/16x16/16x16_relationship1.gif</open_icon>
    <revisions keyed_name="Default" type="Revision">7FE395DD8B9F4E1090756A34B733D75E</revisions>
    <show_parameters_tab>1</show_parameters_tab>
    <unlock_on_logout>0</unlock_on_logout>
    <use_src_access>1</use_src_access>
    <Relationships>
     <Item type="Property" id="33AA7FFC8E774D4C976C729CB6B9C135" action="add">
      <column_alignment>left</column_alignment>
      <column_width>80</column_width>
      <data_type>ml_string</data_type>
      <is_hidden>0</is_hidden>
      <is_hidden2>0</is_hidden2>
      <is_indexed>0</is_indexed>
      <is_keyed>0</is_keyed>
      <is_multi_valued>0</is_multi_valued>
      <is_required>0</is_required>
      <label xml:lang="en">Label</label>
      <name>label</name>
      <range_inclusive>0</range_inclusive>
      <readonly>0</readonly>
      <sort_order>384</sort_order>
      <source_id keyed_name="Item Characteristic List Value" type="ItemType" name="Item Characteristic List Value">A17A3D9746DB42259CE78662D72199E1</source_id>
      <stored_length>256</stored_length>
      <track_history>0</track_history>
     </Item>
     <Item type="Property" id="2CFE498D611C45FD9FB33098A2EB1B8C" action="add">
      <column_alignment>left</column_alignment>
      <column_width>80</column_width>
      <data_type>string</data_type>
      <is_hidden>0</is_hidden>
      <is_hidden2>0</is_hidden2>
      <is_indexed>0</is_indexed>
      <is_keyed>0</is_keyed>
      <is_multi_valued>0</is_multi_valued>
      <is_required>0</is_required>
      <label xml:lang="en">Value</label>
      <name>value</name>
      <range_inclusive>0</range_inclusive>
      <readonly>0</readonly>
      <sort_order>256</sort_order>
      <source_id keyed_name="Item Characteristic List Value" type="ItemType" name="Item Characteristic List Value">A17A3D9746DB42259CE78662D72199E1</source_id>
      <stored_length>128</stored_length>
      <track_history>0</track_history>
     </Item>
     <Item type="Server Event" id="56AE7DC15EBB47BE838E87F2EDC5993B" action="add">
      <related_id keyed_name="update_has_allowed_list_flag" type="Method">
       <Item type="Method" action="get" select="id">
        <name>update_has_allowed_list_flag</name>
       </Item>
      </related_id>
      <server_event>onAfterAdd</server_event>
      <sort_order>1</sort_order>
      <source_id keyed_name="Item Characteristic List Value" type="ItemType" name="Item Characteristic List Value">A17A3D9746DB42259CE78662D72199E1</source_id>
     </Item>
     <Item type="Server Event" id="35B28AFBB7604435AE5606FE3712B09B" action="add">
      <related_id keyed_name="update_has_allowed_list_flag" type="Method">
       <Item type="Method" action="get" select="id">
        <name>update_has_allowed_list_flag</name>
       </Item>
      </related_id>
      <server_event>onAfterDelete</server_event>
      <sort_order>1</sort_order>
      <source_id keyed_name="Item Characteristic List Value" type="ItemType" name="Item Characteristic List Value">A17A3D9746DB42259CE78662D72199E1</source_id>
     </Item>
     <Item type="Server Event" id="E5A230B715C04E8F9EDEF50B01596ED2" action="add">
      <related_id keyed_name="update_has_allowed_list_flag" type="Method">
       <Item type="Method" action="get" select="id">
        <name>update_has_allowed_list_flag</name>
       </Item>
      </related_id>
      <server_event>onAfterUpdate</server_event>
      <sort_order>1</sort_order>
      <source_id keyed_name="Item Characteristic List Value" type="ItemType" name="Item Characteristic List Value">A17A3D9746DB42259CE78662D72199E1</source_id>
     </Item>
     <Item type="Server Event" id="066AA09F680C4267BF3A6E314F313911" action="add">
      <related_id keyed_name="update_has_allowed_list_flag" type="Method">
       <Item type="Method" action="get" select="id">
        <name>update_has_allowed_list_flag</name>
       </Item>
      </related_id>
      <server_event>onAfterVersion</server_event>
      <sort_order>1</sort_order>
      <source_id keyed_name="Item Characteristic List Value" type="ItemType" name="Item Characteristic List Value">A17A3D9746DB42259CE78662D72199E1</source_id>
     </Item>
    
     <Item type="View" id="549F8160DE054CF9BDDBAF9A63ADAD87" action="add">
      <client>js</client>
      <related_id keyed_name="Item Characteristic List Value" type="Form">3241BD614AAD405BAA7434EAF6937E76</related_id>
      <role keyed_name="World" type="Identity">
       <Item type="Identity" action="get" select="id">
        <name>World</name>
       </Item>
      </role>
      <sort_order>128</sort_order>
      <source_id keyed_name="Item Characteristic List Value" type="ItemType" name="Item Characteristic List Value">A17A3D9746DB42259CE78662D72199E1</source_id>
      <type>default</type>
     </Item></Relationships>
   </Item>
  </relationship_id>
  <sort_order>128</sort_order>
  <source_id keyed_name="Item Characteristic" type="ItemType" name="Item Characteristic">87CC08361EE94B52B7AA7E7A886DC25E</source_id>
 </Item>
 <Item type="ItemType" id="A17A3D9746DB42259CE78662D72199E1" action="edit">
  <Relationships>
   <Item type="Property" action="edit" where="source_id='A17A3D9746DB42259CE78662D72199E1' and name='generation'">
    <column_alignment>left</column_alignment>
    <data_type>integer</data_type>
    <is_hidden>1</is_hidden>
    <is_hidden2>1</is_hidden2>
    <is_indexed>0</is_indexed>
    <is_keyed>0</is_keyed>
    <is_multi_valued>0</is_multi_valued>
    <is_required>0</is_required>
    <name>generation</name>
    <range_inclusive>0</range_inclusive>
    <readonly>1</readonly>
    <sort_order>2432</sort_order>
    <source_id keyed_name="Item Characteristic List Value" type="ItemType" name="Item Characteristic List Value">A17A3D9746DB42259CE78662D72199E1</source_id>
    <track_history>0</track_history>
   </Item>
   <Item type="Property" action="edit" where="source_id='A17A3D9746DB42259CE78662D72199E1' and name='sort_order'">
    <column_alignment>left</column_alignment>
    <column_width>80</column_width>
    <data_type>integer</data_type>
    <is_hidden>0</is_hidden>
    <is_hidden2>0</is_hidden2>
    <is_indexed>0</is_indexed>
    <is_keyed>0</is_keyed>
    <is_multi_valued>0</is_multi_valued>
    <is_required>0</is_required>
    <label xml:lang="en">Sort Order</label>
    <name>sort_order</name>
    <range_inclusive>0</range_inclusive>
    <readonly>0</readonly>
    <sort_order>128</sort_order>
    <source_id keyed_name="Item Characteristic List Value" type="ItemType" name="Item Characteristic List Value">A17A3D9746DB42259CE78662D72199E1</source_id>
    <track_history>0</track_history>
   </Item>
  </Relationships>
 </Item>
</AML>