﻿<AML>
 <Item type="Method" id="67C6722FAC6A493A81D9FB6A9366B9F6" action="add">
  <execution_allowed_to keyed_name="World" type="Identity">A73B655731924CD0B027E4F4D5FCC0A9</execution_allowed_to>
  <method_code><![CDATA[// called onBeforeGet - ensured props that might be hidden are still in results context
// must be used in conjunction with method "resolveLangugaqeDisplayValue"
 
string selectStr = this.getAttribute("select","");
if (selectStr == "" || selectStr == "*") {return this;}

if (selectStr.IndexOf(",text_value") <0 || selectStr.IndexOf("text_value,") <0) {
	selectStr += ",text_value";this.setAttribute("select", selectStr);
}
return this;]]></method_code>
  <method_type>C#</method_type>
  <name>includePropsForLanguageResolve</name>
 </Item>
</AML>