﻿<AML>
 <Item type="Method" id="56FA9143A6574D52A66D9850B1F757D7" action="add">
  <execution_allowed_to keyed_name="World" type="Identity">A73B655731924CD0B027E4F4D5FCC0A9</execution_allowed_to>
  <method_code><![CDATA[//System.Diagnostics.Debugger.Break();

string name = this.getProperty("name","");
string name_ml = this.getProperty("label","");
string classPath = this.getProperty("item_class_path","");
string classPath_ml = this.getProperty("item_class_path_label","");
bool isTop = (this.getProperty("is_root","0") == "1");
int pos;
if (isTop && (classPath == "" || classPath == "/") && name != "") {
    pos = name.LastIndexOf("(");
    if (pos >= 0) {
        name = name.Substring(0,pos);
    }
    name = name.Replace(" ","");  // remove blanks to make name more compact
    this.setProperty("item_class_path","/"+name);
}
// multi language for current language 
// ## needs to be improved to loop through all languages
if (isTop && (classPath_ml == "" || classPath_ml == "/") && name != "") {
    pos = name_ml.LastIndexOf("(");
    if (pos >= 0) {
        name_ml = name_ml.Substring(0,pos);
    }
    name_ml = name_ml.Replace(" ","");  // remove blanks to make name more compact
    if (name_ml =="") {name_ml = name;}
    this.setProperty("item_class_path_label","/"+name_ml);
}

return this;]]></method_code>
  <method_type>C#</method_type>
  <owned_by_id keyed_name="Innovator Admin" type="Identity">DBA5D86402BF43D5976854B8B48FCDD1</owned_by_id>
  <name>Item Root Class Path onUpdate</name>
 </Item>
</AML>