﻿<AML>
 <Item type="Method" id="49A356CD8701471384906679F03B850F" action="add">
  <execution_allowed_to keyed_name="World" type="Identity">A73B655731924CD0B027E4F4D5FCC0A9</execution_allowed_to>
  <method_code><![CDATA[if(!confirm("Do you want to proceed with adding the class specific Characteristics ?"))
{
return;
}

if (this.isNew() == 1) {
top.aras.AlertError("Save the item first");
return;
}

// Check if the part is locked
if (this.getLockStatus()!=1){
 top.aras.AlertError("This item is not locked by you");
 return;
}

this.setAttribute("addItemCharacteristicValues","1");
var res = this.apply("ItemCharacteristicAddToItem");
if (res.isError()) {
top.aras.AlertError(res.getErrorString());
} else {
top.aras.AlertSuccess("Item Characteristics were added.  To see the changes a refresh of the open form is required.");
}
return;]]></method_code>
  <method_type>JavaScript</method_type>
  <owned_by_id keyed_name="Innovator Admin" type="Identity">DBA5D86402BF43D5976854B8B48FCDD1</owned_by_id>
  <name>ItemCharacteristicAddToPart_JS</name>
 </Item>
</AML>