﻿<AML>
 <Item type="Method" id="8461B4E69F624B03BE7A25E4B958FC3F" action="add">
  <comments>returns a collection of Items with relationships to   Item Characteristic Values</comments>
  <execution_allowed_to keyed_name="World" type="Identity">A73B655731924CD0B027E4F4D5FCC0A9</execution_allowed_to>
  <method_code><![CDATA[// the query criteria of the item (i.e. of type Part) passed in will be used to find one or more items that
// meet the search criteria.

// A custom attribute "includeAllCharacteristics" can be set "1" (default=0) to include characteristics of the item without a value set

// A custom attribute "characteristicValuesRelationship" can be provided to identify in which relationship
// the item's characteristic values are to be found.
//   if this custom attribute is missing, then the item is expected to be of type "Part" and
//   the relationship name "Part Item Characteristic Value" will be used !!!

//this way you can search for a single item be defining "item_number" or "config_id" in the search criteria
//defining "select" attribute on the item will specify which item properties are returned.
//this will return the latest generation (version) of this item and its then value characteristic values.

//you can also search for the latest generation of a defined "major_rev" by specifying the "major_rev" in the item's query criteria
//you can also search for a defined generation or the item by specifying the "id" of this item's gneration in the item's query criteria
//you can also search for a given generation of the item and its then valud characteristic values, by specifying 
// "config_id" or "item_number" and "generation" in the query criteria.


// Example: (works with Solutions Demo Database)

// <Item type="Part" action="ItemCharacteristicGetAllOfItems" characteristicValuesRelationship="Part Item Characteristic Value" id="A17A82D6497C4F348006A2FE4C07EB4A" />
//    or
// <Item type="Part" action="ItemCharacteristicGetAllOfItems" >
//  <id condition="in">'A17A82D6497C4F348006A2FE4C07EB4A','82B8D972C4F44989B209B3FFBA1CC0F6'</id>
// </Item>
//    or
// <Item type="Part" action="ItemCharacteristicGetAllOfItems" characteristicValuesRelationship="Part Item Characteristic Value" includeAllCharacteristics="1">
//  <item_number>104555</item_number>
// </Item>
//    or
// <Item type="Part" action="ItemCharacteristicGetAllOfItems" characteristicValuesRelationship="Part Item Characteristic Value" >
//  <item_number>P10000</item_number>
//  <major_rev>B</major_rev>
// </Item>


myCCO = CCO;
    return Main();
}

private Aras.Server.Core.CallContext myCCO;

public Item Main()
{
//System.Diagnostics.Debugger.Break();
string itemType = this.getType();

if (this.getItemCount() > 1) {return this.getInnovator().newError("Item context passed in must be a single item !");}

string characteristicValuesRelationship = this.getAttribute("characteristicValuesRelationship","");

if (characteristicValuesRelationship == "")  //assume item type is "Part"
{
  if (itemType != "Part") {return this.getInnovator().newError("Item context passed in without 'characteristicValuesRelationship' defined is of type '"+itemType+"' but must be of type 'Part' !");}
  characteristicValuesRelationship = "Part Item Characteristic Value";
}

Item qryItem = this.newItem("","");

qryItem.loadAML(this.dom.InnerXml);
qryItem.setAction("get");

//qryItem.setPropertyAttribute("generation","condition","like");
string characteristicValueProps = "sort_order,display_value,item_characteristic_value_unit,text_value,min_value,max_value,";
characteristicValueProps += "item_characteristic_value_type,item_characteristic_id,item_characteristic_name,item_characteristic_label";

Item partCharacteristicValues = this.newItem("","");
partCharacteristicValues.loadAML("<Item type='"+characteristicValuesRelationship+"' action='get' select='"+characteristicValueProps+"' />");

// check option to include empty characteristic values in result
if (this.getAttribute("includeAllCharacteristics","0") == "0")
{
string TN = myCCO.DB.GenerateTableName(characteristicValuesRelationship);
  partCharacteristicValues.setAttribute("where","["+TN+"].display_value is not null and not (["+TN+"].display_value = '')");
}

qryItem.addRelationship(partCharacteristicValues);

// ensure generation of part is returned
string partSelectProps = this.getAttribute("select","");
if (partSelectProps != "" && partSelectProps.IndexOf("generation") < 0) 
{
  qryItem.setAttribute("select","generation," + partSelectProps);
}

// check if major_rev is part of query condition, if yes, ensure generation condtion like % is added
string qryWhere = qryItem.getAttribute("where","");
int idx = qryWhere.IndexOf("where");
if (idx > 0)
{
  qryWhere = qryWhere.Substring(idx,qryWhere.Length);
  if (qryWhere.IndexOf("major_rev") < 0)
  {
  	qryWhere = "";
  }
}
if (qryWhere != "" || qryItem.getProperty("major_rev","") != "") 
{
  if (qryItem.getProperty("generation","") == "")
  {
    qryItem.setProperty("generation","%");
    qryItem.setPropertyAttribute("generation","condition","like");
    if (qryItem.getAttribute("maxRecords","") == "")
    {
      qryItem.setAttribute("maxRecords","1");
    }
  } 

}

qryItem.setAttribute("orderBy","generation DESC");

qryItem = qryItem.apply();

return qryItem;
]]></method_code>
  <method_type>C#</method_type>
  <owned_by_id keyed_name="Innovator Admin" type="Identity">DBA5D86402BF43D5976854B8B48FCDD1</owned_by_id>
  <name>ItemCharacteristicGetAllOfItems</name>
 </Item>
</AML>