﻿<AML>
 <Item type="Method" id="BE3CD6583766432E92004650F1B05992" action="add">
  <execution_allowed_to keyed_name="World" type="Identity">A73B655731924CD0B027E4F4D5FCC0A9</execution_allowed_to>
  <method_code><![CDATA[// Adds Part Characteristic Value (null relationships) to the given Item instance

/* this Aras data model is assumed. Values on Relationships that are defined in "ItemType Classification" (configuration)
Item
	+--> <Item> Characteristic Value
	
	
Item Class
	+--> Item Class Hierarchy

	+--> Item Class Characteristic +--> Item Characteristic
                                                +--> Item Characteristic List Value

*/
//System.Diagnostics.Debugger.Break();
	string itemId = this.getID();
	if (this.getAttribute("addItemCharacteristicValues","0") == "0") {
		// check if corresponding RequestState is set ?
		string addItemCharacteristicValues = (string)RequestState["addItemCharacteristicValues"];
		if (addItemCharacteristicValues != "1") {return this;}  // nothing to do
		RequestState.Remove("addItemCharacteristicValues");
	} 

	string aml = "";
	aml += "<Item type='ItemType Classification' action='get' select='label,effective_itemtype(keyed_name),values_relationshiptype(name),top_item_class_id(id,name,state),property_on_itemtype_class' >";
	aml +=  "<effective_itemtype>";
	aml +=   "<Item type='ItemType' action='get' select='id' ><name>"+this.getType()+"</name></Item>";
	aml +=  "</effective_itemtype>";
	aml += "</Item>";
	Item qryItem = this.newItem(""); 
	qryItem.loadAML(aml);
	Item ItemTypeClassConfigs = qryItem.apply();
	
	for (int i=0; i<ItemTypeClassConfigs.getItemCount(); i++) {
		Item ItemTypeClassConfig = ItemTypeClassConfigs.getItemByIndex(i);
		
		string propName = ItemTypeClassConfig.getProperty("property_on_itemtype_class","");
		string valuesRelshipName = ItemTypeClassConfig.getPropertyItem("values_relationshiptype").getProperty("name","");
		string itemClassId = this.getProperty(propName, "");
		
		if (itemClassId != "" && valuesRelshipName != "") {
		
			// get all Item Class Ids up to root of class hierarchy (relship "Item Class Hierarchy") of a given "child" Item Class Id
			//call utility method to traverse class hierarchy
			qryItem = this.newItem("Item Class","Get ItemIDs of Structure Up");
			qryItem.setAttribute("relationshipName","Item Class Hierarchy");
			qryItem.setID(itemClassId);
			qryItem = qryItem.apply();
			string classIdsList = qryItem.getResult();
			// add starting item class id to list (utlitlity method, does not include it)
			if (classIdsList == "") { classIdsList = itemClassId;}
			else {classIdsList = itemClassId + "," + classIdsList;}
			
			Item res = addCharacteristicValueRelItemOfRelship (itemId, valuesRelshipName, classIdsList);
		}
	}
	
	return this;
}

// ----- function
Item addCharacteristicValueRelItemOfRelship (string itemId, string valuesRelshipName, string classIdsList) {
		
	// Read current characteristic values of Part -> get relship of all "Part Characteristic Value" of a give Part Id	
	string aml = "<Item type=\""+valuesRelshipName+"\" action=\"get\" select=\"min_tolerance,max_tolerance,display_value,item_characteristic_name,item_characteristic_id\" >";
	aml += "<source_id>"+itemId+"</source_id></Item>";

	Item qryItem = this.newItem("");
	qryItem.loadAML(aml);
	Item itemCharacteristicValues = qryItem.apply();

	// get all relship of "Item Class Characteristic" where parent (sourc_id) is in list of "Item Class Ids" (orderBy "sort_order")
	aml="";
	aml +="<Item type=\"Item Class Characteristic\" action=\"get\" select=\"source_id,sort_order,related_id\" orderBy=\"sort_order\" >";
	aml +=	"<source_id>";
	aml +=		"<Item type=\"Item Class\" action=\"get\" select=\"name,label,description,item_class_path\" >";
	aml +=			"<id condition=\"in\">"+classIdsList+"</id>";
	aml +=		"</Item>";
	aml +=	"</source_id>";
	aml +=	"<related_id>";
	aml +=		"<Item type=\"Item Characteristic\" action=\"get\" select=\"name,label,description,has_allowed_list_value,characteristic_value_type\" >";
	aml +=		"</Item>";
	aml +=	"</related_id>";
	aml +="</Item>";

	Item characteristicList = this.newItem("");
	characteristicList.loadAML(aml);
	characteristicList = characteristicList.apply();

	// loop through collection of "Item Class Characteristic" (related_id = id of Item Characteristic)
	for (int i=0; i< characteristicList.getItemCount(); i++) {
		Item characteristicRel = characteristicList.getItemByIndex(i);
		Item characteristic = characteristicRel.getRelatedItem();
		string characteristicName = characteristic.getProperty("name","");
		string characteristicId = characteristic.getID();
		string sortOrder = characteristicRel.getProperty("sort_order","");
		string classId = characteristicRel.getProperty("source_id","");
		
		// lookup if Characteristic "name" is already in collection of "Part Characteristic Value"
		Item foundInPartCharacteristicValues = itemCharacteristicValues.getItemsByXPath("//Item[@type='"+valuesRelshipName+"' and item_characteristic_id='"+characteristicId+"']");
		
		// if yes tag with attribute "valueExists='1'" and do nothing
		if (foundInPartCharacteristicValues.getItemCount() == 1) {
			foundInPartCharacteristicValues.setAttribute("valueExists","1");
		}
		// if no add new "Part Characteristic Value" to part id (with link to Item Characteristic")
		if (foundInPartCharacteristicValues.getItemCount() <= 0) {
			Item characteristicValue = this.newItem(valuesRelshipName, "add");

			// Common values - update and add actions
			characteristicValue.setProperty("sort_order", sortOrder);
			characteristicValue.setProperty("item_characteristic_class_id", classId);
		
			// Set default value for all possible value types
			if (characteristic.getProperty("characteristic_value_type")=="Number") {
				characteristicValue.setProperty("min_value", characteristic.getProperty("default_min_value"));
				characteristicValue.setProperty("max_value", characteristic.getProperty("default_max_value"));
			}
			else {
				if (characteristic.getProperty("characteristic_value_type")=="Text") {
					characteristicValue.setProperty("text_value", characteristic.getProperty("default_text_value"));
					characteristicValue.setProperty("display_value", characteristic.getProperty("default_text_value"));
				}
			}
			characteristicValue.setProperty("source_id", itemId);
			characteristicValue.setProperty("item_characteristic_id", characteristicId);
			characteristicValue = characteristicValue.apply();
			
			if (characteristicValue.isError() ) {return characteristicValue;}
		}
	}
	// find deletions of "Characteristic Value" - loop through collection of "Characteristic Value"
	string deleteItemIds = "";
	string sepChar = "";
	for (int v=0; v< itemCharacteristicValues.getItemCount(); v++) {
		// if NOT tagged with "valueExists='1'", add to list of "deleteItemIds"
		if (itemCharacteristicValues.getItemByIndex(v).getAttribute("valueExists","0") == "0" ) {
			deleteItemIds += sepChar + itemCharacteristicValues.getItemByIndex(v).getID();
			sepChar = "','";
		}
	}
	if (deleteItemIds != "") {
		deleteItemIds = "'"+deleteItemIds+"'";
		// delete all "Part Characteristic Value" with id in "deleteItemIds"
		string TN = "["+valuesRelshipName.Replace(" ","_")+"]";
		aml = "<Item type=\""+valuesRelshipName+"\" action=\"delete\" where=\""+TN+".id in ("+deleteItemIds+")\" />";
		qryItem = this.newItem("");
		qryItem.loadAML(aml);
		qryItem = qryItem.apply();
	}
	return this;
}

// needed to end method
void methodEnd () {
	return;
]]></method_code>
  <method_type>C#</method_type>
  <owned_by_id keyed_name="Innovator Admin" type="Identity">DBA5D86402BF43D5976854B8B48FCDD1</owned_by_id>
  <name>ItemCharacteristicAddToItem</name>
 </Item>
</AML>