﻿<AML>
 <Item type="Method" id="534279A9364D4FD189AF7293416D8A58" action="add">
  <comments>Gets the Characteristics of a specified Item Class (option to include the ones on Sub Classes)</comments>
  <execution_allowed_to keyed_name="World" type="Identity">A73B655731924CD0B027E4F4D5FCC0A9</execution_allowed_to>
  <method_code><![CDATA[// item context passed in must be of "Item Class Characteristic"
// item attribute "select" can be used to drive properties returned in result. if missing a default is used.

// custom attribute "itemClassId" or "itemClassName" must be set to define the Item Class to start with
// custom attribute "includeSubClasses" can be set to "1" to include all item class characteristics of lower levels in class hierarchy)
// custom attribute "includeListValues" can be set to "0" to exclude values for list type characteristics (default="1")

// returns collection of type "Item Class Characteristic" 
// with <source_id> (Item Class) details (name,label,...
// with <related_id> (Item Characteristic) details (name,label,characteristic_value_type.

// Example: (works with Solutions Demo Database)
//  <Item type="Item Class Characteristic" action="ItemCharacteristicGetOfClassDown" itemClassId="F3EDD43F596C4938B30F20CBD53D9D29" includeSubClasses="1" includeListValues="1" >
//  </Item>

string itemClassResultProps = "name,label,item_class_path";
string itemCharacteristicResultRelProps = "sort_order";
string itemCharacteristicResultProps = "name,label,characteristic_value_type,value_unit_of_measure,has_allowed_list_value,default_text_value,default_min_value,default_max_value,max_text_length,max_numeric_length,value_decimal_precision";

//System.Diagnostics.Debugger.Break();

string itemType = this.getType();
if (itemType != "Item Class Characteristic") {return this.getInnovator().newError("Item context passed in is of type '"+itemType+"'. It must be of type 'Item Class Characteristic' !");}  
string itemClassId = this.getAttribute("itemClassId","");
if (itemClassId == "")
{
  string itemClassName = this.getAttribute("itemClassName","");
  if (itemClassName == "") {return this.getInnovator().newError("Custom attibute 'itemClassId' or 'itemClassName' is missing ! Must be provided !");}
  
  Item itemClass = this.newItem("Item Class","get");
  itemClass.setProperty("name",itemClassName);
  itemClass = itemClass.apply();
  
  if (itemClass.getItemCount() <=0 ) {return itemClass;}
  itemClassId = itemClass.getID();
}

string classIdsList = "";
if (this.getAttribute("includeSubClasses","0") == "1")
{
  //call utitity method to traverse class hierarchy
  Item qryItem = this.newItem("Item Class","Get ItemIDs of Structure Down");
  qryItem.setAttribute("relationshipName","Item Class Hierarchy");
  qryItem.setID(itemClassId);

  qryItem.setAttribute("stopAtLevel","-1");
  qryItem = qryItem.apply();
  classIdsList = qryItem.getResult();
  //if (classIdsList == "") {return this.getInnovator().newError("Method 'Get ItemIDs of Structure Down' did not return any Item Class ids !");}
}

// add starting item class id to list (utlitlity method, does not include it)
if (classIdsList == "") { classIdsList = itemClassId;}
else {classIdsList = itemClassId + "," + classIdsList;}

classIdsList = "'" + classIdsList.Replace(",","','") + "'";

string resultSelect = this.getAttribute("select","");

string aml = "";
aml += "<Item type='Item Class Characteristic' action='get' >";
aml += "<source_id condition='in' >"+classIdsList+"</source_id>";
if (this.getAttribute("includeListValues","1") == "1")
{
aml += "<related_id>";
aml += " <Item type='Item Characteristic' action='get' >";
aml += "  <Relationships><Item type='Item Characteristic List Value' action='get' select='sort_order,value,label' />";
aml += "  </Relationships>";
aml += " </Item>";
aml += "</related_id>";
}
aml += "</Item>";

Item characteristicList = this.newItem("","");
characteristicList.loadAML(aml);

if (resultSelect != "")
{
  characteristicList.setAttribute("select",resultSelect);
}
else // use default
{
  characteristicList.setAttribute("select",itemCharacteristicResultRelProps+",source_id("+itemClassResultProps+"),related_id("+itemCharacteristicResultProps+")");
}
Item result = characteristicList.apply();

return result;]]></method_code>
  <method_type>C#</method_type>
  <owned_by_id keyed_name="Innovator Admin" type="Identity">DBA5D86402BF43D5976854B8B48FCDD1</owned_by_id>
  <name>ItemCharacteristicGetOfClassDown</name>
 </Item>
</AML>