﻿<AML>
 <Item type="RelationshipType" id="C6717FD2B55D4CB2BC461E01A61EB223" action="add" dependencyLevel="0">
  <auto_search>1</auto_search>
  <behavior>float</behavior>
  <copy_permissions>0</copy_permissions>
  <create_related>0</create_related>
  <hide_in_all>0</hide_in_all>
  <inc_rel_key_name>1</inc_rel_key_name>
  <inc_related_key_name>1</inc_related_key_name>
  <is_list_type>0</is_list_type>
  <label xml:lang="en">Technical Characteristics</label>
  <new_show_related>0</new_show_related>
  <owned_by_id keyed_name="Innovator Admin" type="Identity">DBA5D86402BF43D5976854B8B48FCDD1</owned_by_id>
  <related_notnull>0</related_notnull>
  <related_option>1</related_option>
  <relationship_id keyed_name="Part Item Characteristic Value" type="ItemType" name="Part Item Characteristic Value">
   <Item type="ItemType" id="4D7EECEB1CE045C896E8D04F72534317" action="add">
    <allow_private_permission>1</allow_private_permission>
    <auto_search>0</auto_search>
    <enforce_discovery>0</enforce_discovery>
    <hide_where_used>0</hide_where_used>
    <implementation_type>table</implementation_type>
    <instance_data>PART_ITEM_CHARACTERISTIC_VALUE</instance_data>
    <is_dependent>0</is_dependent>
    <is_relationship>1</is_relationship>
    <is_versionable>0</is_versionable>
    <open_icon>../images/Icons/16x16/16x16_relationship1.gif</open_icon>
    <owned_by_id keyed_name="Innovator Admin" type="Identity">DBA5D86402BF43D5976854B8B48FCDD1</owned_by_id>
    <revisions keyed_name="Default" type="Revision">7FE395DD8B9F4E1090756A34B733D75E</revisions>
    <show_parameters_tab>1</show_parameters_tab>
    <structure_view>tabs off</structure_view>
    <unlock_on_logout>0</unlock_on_logout>
    <use_src_access>1</use_src_access>
    <name>Part Item Characteristic Value</name>
   </Item>
  </relationship_id>
  <sort_order>120</sort_order>
  <source_id keyed_name="Part" type="ItemType" name="Part">4F1AC04A2B484F3ABA4E20DB63808A88</source_id>
  <name>Part Item Characteristic Value</name>
 </Item>

 <Item type="View" action="delete" where="source_id='4D7EECEB1CE045C896E8D04F72534317'" />
 <Item type="Form" action="delete" where="name='Part Item Characteristic Value'" />
</AML>