﻿<AML>
	<Item type="fgc_Configuration" typeId="362FB8A676BC4A50B430FA6FA79EAD3F" id="9048D3E919EB4881B8782F5EB963803D">
		<classification is_null="1"/>
		<owned_by_id>DBA5D86402BF43D5976854B8B48FCDD1</owned_by_id>
		<config_id keyed_name="Classification Search Parameter Grid 1" type="fgc_Configuration">9048D3E919EB4881B8782F5EB963803D</config_id>
		<created_by_id keyed_name="Innovator Admin" type="User">30B991F927274FA3829655F50C99472E</created_by_id>
		<created_on>2015-06-17T07:36:42</created_on>
		<css is_null="1"/>
		<current_state keyed_name="Released" type="Life Cycle State" name="Released">ED76795A698342309491A099FEEA2BA2</current_state>
		<description is_null="1"/>
		<effective_date>2015-02-24T17:49:03</effective_date>
		<grid_item_type>Item Characteristic</grid_item_type>
		<id keyed_name="Classification Search Parameter Grid 1" type="fgc_Configuration">9048D3E919EB4881B8782F5EB963803D</id>
		<is_current>1</is_current>
		<is_released>1</is_released>
		<item_order_by is_null="1"/>
		<item_released_condition is_null="1"/>
		<item_select_properties>id,config_id,generation,major_rev,state,current_state(label),is_released,is_current,modified_by_id(keyed_name),owned_by_id(keyed_name),managed_by_id(keyed_name),name,label,characteristic_value_type,value_unit_of_measure,has_allowed_list_value,default_text_value,default_min_value,default_max_value,max_text_length,max_numeric_length,value_decimal_precision</item_select_properties>
		<keyed_name>Classification Search Parameter Grid 1</keyed_name>
		<locked_by_id is_null="1"/>
		<major_rev>A</major_rev>
		<managed_by_id is_null="1"/>
		<minor_rev is_null="1"/>
		<modified_by_id keyed_name="Innovator Admin" type="User">30B991F927274FA3829655F50C99472E</modified_by_id>
		<modified_on>2015-06-17T07:37:58</modified_on>
		<new_version>1</new_version>
		<not_lockable>0</not_lockable>
		<owned_by_id keyed_name="Innovator Admin" type="Identity">DBA5D86402BF43D5976854B8B48FCDD1</owned_by_id>
		<permission_id keyed_name="Default Access" type="Permission" origPermission="9122CD065CF04141B8EFE263FC80BEA4">9122CD065CF04141B8EFE263FC80BEA4</permission_id>
		<release_date>2015-02-24T17:49:03</release_date>
		<state>Released</state>
		<superseded_date is_null="1"/>
		<team_id is_null="1"/>
		<toolbar_id>chars_toolbar</toolbar_id>
		<name>Classification Search Parameter Grid</name>
		<generation>1</generation>
		<Relationships>
			<Item type="fgc_Constant" typeId="C244DA7A70264D8C8980DAC3A9985335" id="33B4A9501F15487DA8F30B1C94AC72B5">
				<behavior>float</behavior>
				<classification is_null="1"/>
				<config_id keyed_name="33B4A9501F15487DA8F30B1C94AC72B5" type="fgc_Constant">33B4A9501F15487DA8F30B1C94AC72B5</config_id>
				<constant_type>Boolean</constant_type>
				<created_by_id keyed_name="Innovator Admin" type="User">30B991F927274FA3829655F50C99472E</created_by_id>
				<created_on>2015-06-17T07:36:42</created_on>
				<css is_null="1"/>
				<current_state is_null="1"/>
				<description is_null="1"/>
				<generation>1</generation>
				<grouping>Grid Behaviour</grouping>
				<id keyed_name="33B4A9501F15487DA8F30B1C94AC72B5" type="fgc_Constant">33B4A9501F15487DA8F30B1C94AC72B5</id>
				<is_current>1</is_current>
				<is_released>0</is_released>
				<keyed_name>33B4A9501F15487DA8F30B1C94AC72B5</keyed_name>
				<locked_by_id is_null="1"/>
				<major_rev>A</major_rev>
				<managed_by_id is_null="1"/>
				<minor_rev is_null="1"/>
				<modified_by_id keyed_name="Innovator Admin" type="User">30B991F927274FA3829655F50C99472E</modified_by_id>
				<modified_on>2015-06-17T07:36:42</modified_on>
				<name>columnsDragable</name>
				<new_version>1</new_version>
				<not_lockable>0</not_lockable>
				<owned_by_id keyed_name="Innovator Admin" type="Identity">DBA5D86402BF43D5976854B8B48FCDD1</owned_by_id>
				<permission_id keyed_name="Default Access" type="Permission" origPermission="9122CD065CF04141B8EFE263FC80BEA4">9122CD065CF04141B8EFE263FC80BEA4</permission_id>
				<related_id is_null="1"/>
				<sort_order>512</sort_order>
				<source_id keyed_name="Classification Search Parameter Grid 1" type="fgc_Configuration">9048D3E919EB4881B8782F5EB963803D</source_id>
				<state is_null="1"/>
				<team_id is_null="1"/>
				<value xml:lang="en">false</value>
			</Item>
			<Item type="fgc_Constant" typeId="C244DA7A70264D8C8980DAC3A9985335" id="B9B90E2789C64C94A1AFA0FC62F08A3A">
				<behavior>float</behavior>
				<classification is_null="1"/>
				<config_id keyed_name="B9B90E2789C64C94A1AFA0FC62F08A3A" type="fgc_Constant">B9B90E2789C64C94A1AFA0FC62F08A3A</config_id>
				<constant_type>Boolean</constant_type>
				<created_by_id keyed_name="Innovator Admin" type="User">30B991F927274FA3829655F50C99472E</created_by_id>
				<created_on>2015-06-17T07:36:42</created_on>
				<css is_null="1"/>
				<current_state is_null="1"/>
				<description is_null="1"/>
				<generation>1</generation>
				<grouping>Grid Behaviour</grouping>
				<id keyed_name="B9B90E2789C64C94A1AFA0FC62F08A3A" type="fgc_Constant">B9B90E2789C64C94A1AFA0FC62F08A3A</id>
				<is_current>1</is_current>
				<is_released>0</is_released>
				<keyed_name>B9B90E2789C64C94A1AFA0FC62F08A3A</keyed_name>
				<locked_by_id is_null="1"/>
				<major_rev>A</major_rev>
				<managed_by_id is_null="1"/>
				<minor_rev is_null="1"/>
				<modified_by_id keyed_name="Innovator Admin" type="User">30B991F927274FA3829655F50C99472E</modified_by_id>
				<modified_on>2015-06-17T07:36:42</modified_on>
				<name>hasInputRow</name>
				<new_version>1</new_version>
				<not_lockable>0</not_lockable>
				<owned_by_id keyed_name="Innovator Admin" type="Identity">DBA5D86402BF43D5976854B8B48FCDD1</owned_by_id>
				<permission_id keyed_name="Default Access" type="Permission" origPermission="9122CD065CF04141B8EFE263FC80BEA4">9122CD065CF04141B8EFE263FC80BEA4</permission_id>
				<related_id is_null="1"/>
				<sort_order>640</sort_order>
				<source_id keyed_name="Classification Search Parameter Grid 1" type="fgc_Configuration">9048D3E919EB4881B8782F5EB963803D</source_id>
				<state is_null="1"/>
				<team_id is_null="1"/>
				<value xml:lang="en">false</value>
			</Item>
			<Item type="fgc_Constant" typeId="C244DA7A70264D8C8980DAC3A9985335" id="498A7A78F7F64046ADF9C0B207DDFBF0">
				<behavior>float</behavior>
				<classification is_null="1"/>
				<config_id keyed_name="498A7A78F7F64046ADF9C0B207DDFBF0" type="fgc_Constant">498A7A78F7F64046ADF9C0B207DDFBF0</config_id>
				<constant_type>Color</constant_type>
				<created_by_id keyed_name="Innovator Admin" type="User">30B991F927274FA3829655F50C99472E</created_by_id>
				<created_on>2015-06-17T07:36:42</created_on>
				<css is_null="1"/>
				<current_state is_null="1"/>
				<description is_null="1"/>
				<generation>1</generation>
				<grouping>Grid Style</grouping>
				<id keyed_name="498A7A78F7F64046ADF9C0B207DDFBF0" type="fgc_Constant">498A7A78F7F64046ADF9C0B207DDFBF0</id>
				<is_current>1</is_current>
				<is_released>0</is_released>
				<keyed_name>498A7A78F7F64046ADF9C0B207DDFBF0</keyed_name>
				<locked_by_id is_null="1"/>
				<major_rev>A</major_rev>
				<managed_by_id is_null="1"/>
				<minor_rev is_null="1"/>
				<modified_by_id keyed_name="Innovator Admin" type="User">30B991F927274FA3829655F50C99472E</modified_by_id>
				<modified_on>2015-06-17T07:36:42</modified_on>
				<name>gridSelectorBgColor</name>
				<new_version>1</new_version>
				<not_lockable>0</not_lockable>
				<owned_by_id keyed_name="Innovator Admin" type="Identity">DBA5D86402BF43D5976854B8B48FCDD1</owned_by_id>
				<permission_id keyed_name="Default Access" type="Permission" origPermission="9122CD065CF04141B8EFE263FC80BEA4">9122CD065CF04141B8EFE263FC80BEA4</permission_id>
				<related_id is_null="1"/>
				<sort_order>256</sort_order>
				<source_id keyed_name="Classification Search Parameter Grid 1" type="fgc_Configuration">9048D3E919EB4881B8782F5EB963803D</source_id>
				<state is_null="1"/>
				<team_id is_null="1"/>
				<value xml:lang="en">steelblue</value>
			</Item>
			<Item type="fgc_Constant" typeId="C244DA7A70264D8C8980DAC3A9985335" id="5A4F346134784A5B8C3A5497D9BE8FF2">
				<behavior>float</behavior>
				<classification is_null="1"/>
				<config_id keyed_name="5A4F346134784A5B8C3A5497D9BE8FF2" type="fgc_Constant">5A4F346134784A5B8C3A5497D9BE8FF2</config_id>
				<constant_type>Text</constant_type>
				<created_by_id keyed_name="Innovator Admin" type="User">30B991F927274FA3829655F50C99472E</created_by_id>
				<created_on>2015-06-17T07:36:42</created_on>
				<css is_null="1"/>
				<current_state is_null="1"/>
				<description is_null="1"/>
				<generation>1</generation>
				<grouping>Grid Style</grouping>
				<id keyed_name="5A4F346134784A5B8C3A5497D9BE8FF2" type="fgc_Constant">5A4F346134784A5B8C3A5497D9BE8FF2</id>
				<is_current>1</is_current>
				<is_released>0</is_released>
				<keyed_name>5A4F346134784A5B8C3A5497D9BE8FF2</keyed_name>
				<locked_by_id is_null="1"/>
				<major_rev>A</major_rev>
				<managed_by_id is_null="1"/>
				<minor_rev is_null="1"/>
				<modified_by_id keyed_name="Innovator Admin" type="User">30B991F927274FA3829655F50C99472E</modified_by_id>
				<modified_on>2015-06-17T07:36:42</modified_on>
				<name>gridFont</name>
				<new_version>1</new_version>
				<not_lockable>0</not_lockable>
				<owned_by_id keyed_name="Innovator Admin" type="Identity">DBA5D86402BF43D5976854B8B48FCDD1</owned_by_id>
				<permission_id keyed_name="Default Access" type="Permission" origPermission="9122CD065CF04141B8EFE263FC80BEA4">9122CD065CF04141B8EFE263FC80BEA4</permission_id>
				<related_id is_null="1"/>
				<sort_order>128</sort_order>
				<source_id keyed_name="Classification Search Parameter Grid 1" type="fgc_Configuration">9048D3E919EB4881B8782F5EB963803D</source_id>
				<state is_null="1"/>
				<team_id is_null="1"/>
				<value xml:lang="en">Microsoft Sans Serif-8</value>
			</Item>
			<Item type="fgc_Constant" typeId="C244DA7A70264D8C8980DAC3A9985335" id="82854718546248959BA8110BCE571158">
				<behavior>float</behavior>
				<classification is_null="1"/>
				<config_id keyed_name="82854718546248959BA8110BCE571158" type="fgc_Constant">82854718546248959BA8110BCE571158</config_id>
				<constant_type>Color</constant_type>
				<created_by_id keyed_name="Innovator Admin" type="User">30B991F927274FA3829655F50C99472E</created_by_id>
				<created_on>2015-06-17T07:36:42</created_on>
				<css is_null="1"/>
				<current_state is_null="1"/>
				<description is_null="1"/>
				<generation>1</generation>
				<grouping>Grid Style</grouping>
				<id keyed_name="82854718546248959BA8110BCE571158" type="fgc_Constant">82854718546248959BA8110BCE571158</id>
				<is_current>1</is_current>
				<is_released>0</is_released>
				<keyed_name>82854718546248959BA8110BCE571158</keyed_name>
				<locked_by_id is_null="1"/>
				<major_rev>A</major_rev>
				<managed_by_id is_null="1"/>
				<minor_rev is_null="1"/>
				<modified_by_id keyed_name="Innovator Admin" type="User">30B991F927274FA3829655F50C99472E</modified_by_id>
				<modified_on>2015-06-17T07:36:42</modified_on>
				<name>gridSelectorTextColor</name>
				<new_version>1</new_version>
				<not_lockable>0</not_lockable>
				<owned_by_id keyed_name="Innovator Admin" type="Identity">DBA5D86402BF43D5976854B8B48FCDD1</owned_by_id>
				<permission_id keyed_name="Default Access" type="Permission" origPermission="9122CD065CF04141B8EFE263FC80BEA4">9122CD065CF04141B8EFE263FC80BEA4</permission_id>
				<related_id is_null="1"/>
				<sort_order>384</sort_order>
				<source_id keyed_name="Classification Search Parameter Grid 1" type="fgc_Configuration">9048D3E919EB4881B8782F5EB963803D</source_id>
				<state is_null="1"/>
				<team_id is_null="1"/>
				<value xml:lang="en">steelblue</value>
			</Item>
			<Item type="fgc_Constant" typeId="C244DA7A70264D8C8980DAC3A9985335" id="AB288CD0BD174838AF1CF58E8F03755D">
				<behavior>float</behavior>
				<classification is_null="1"/>
				<config_id keyed_name="AB288CD0BD174838AF1CF58E8F03755D" type="fgc_Constant">AB288CD0BD174838AF1CF58E8F03755D</config_id>
				<constant_type>Color</constant_type>
				<created_by_id keyed_name="Innovator Admin" type="User">30B991F927274FA3829655F50C99472E</created_by_id>
				<created_on>2015-06-17T07:36:42</created_on>
				<css is_null="1"/>
				<current_state is_null="1"/>
				<description is_null="1"/>
				<generation>1</generation>
				<grouping>Grid Style</grouping>
				<id keyed_name="AB288CD0BD174838AF1CF58E8F03755D" type="fgc_Constant">AB288CD0BD174838AF1CF58E8F03755D</id>
				<is_current>1</is_current>
				<is_released>0</is_released>
				<keyed_name>AB288CD0BD174838AF1CF58E8F03755D</keyed_name>
				<locked_by_id is_null="1"/>
				<major_rev>A</major_rev>
				<managed_by_id is_null="1"/>
				<minor_rev is_null="1"/>
				<modified_by_id keyed_name="Innovator Admin" type="User">30B991F927274FA3829655F50C99472E</modified_by_id>
				<modified_on>2015-06-17T07:36:42</modified_on>
				<name>gridBgColor</name>
				<new_version>1</new_version>
				<not_lockable>0</not_lockable>
				<owned_by_id keyed_name="Innovator Admin" type="Identity">DBA5D86402BF43D5976854B8B48FCDD1</owned_by_id>
				<permission_id keyed_name="Default Access" type="Permission" origPermission="9122CD065CF04141B8EFE263FC80BEA4">9122CD065CF04141B8EFE263FC80BEA4</permission_id>
				<related_id is_null="1"/>
				<sort_order>768</sort_order>
				<source_id keyed_name="Classification Search Parameter Grid 1" type="fgc_Configuration">9048D3E919EB4881B8782F5EB963803D</source_id>
				<state is_null="1"/>
				<team_id is_null="1"/>
				<value xml:lang="en">white</value>
			</Item>
			<Item type="fgc_Constant" typeId="C244DA7A70264D8C8980DAC3A9985335" id="D823955A7C774BA4A8E6B98DA992F3AC">
				<behavior>float</behavior>
				<classification is_null="1"/>
				<config_id keyed_name="D823955A7C774BA4A8E6B98DA992F3AC" type="fgc_Constant">D823955A7C774BA4A8E6B98DA992F3AC</config_id>
				<constant_type>color</constant_type>
				<created_by_id keyed_name="Innovator Admin" type="User">30B991F927274FA3829655F50C99472E</created_by_id>
				<created_on>2015-06-17T07:36:42</created_on>
				<css is_null="1"/>
				<current_state is_null="1"/>
				<description is_null="1"/>
				<generation>1</generation>
				<grouping>Grid Style</grouping>
				<id keyed_name="D823955A7C774BA4A8E6B98DA992F3AC" type="fgc_Constant">D823955A7C774BA4A8E6B98DA992F3AC</id>
				<is_current>1</is_current>
				<is_released>0</is_released>
				<keyed_name>D823955A7C774BA4A8E6B98DA992F3AC</keyed_name>
				<locked_by_id is_null="1"/>
				<major_rev>A</major_rev>
				<managed_by_id is_null="1"/>
				<minor_rev is_null="1"/>
				<modified_by_id keyed_name="Innovator Admin" type="User">30B991F927274FA3829655F50C99472E</modified_by_id>
				<modified_on>2015-06-17T07:36:42</modified_on>
				<name>InputRowBgColor</name>
				<new_version>1</new_version>
				<not_lockable>0</not_lockable>
				<owned_by_id keyed_name="Innovator Admin" type="Identity">DBA5D86402BF43D5976854B8B48FCDD1</owned_by_id>
				<permission_id keyed_name="Default Access" type="Permission" origPermission="9122CD065CF04141B8EFE263FC80BEA4">9122CD065CF04141B8EFE263FC80BEA4</permission_id>
				<related_id is_null="1"/>
				<sort_order>896</sort_order>
				<source_id keyed_name="Classification Search Parameter Grid 1" type="fgc_Configuration">9048D3E919EB4881B8782F5EB963803D</source_id>
				<state is_null="1"/>
				<team_id is_null="1"/>
				<value xml:lang="en">LightCyan</value>
			</Item>
			<Item type="fgc_Constant" typeId="C244DA7A70264D8C8980DAC3A9985335" id="0FD568B8D6DE4E0182CB135FB75B5ABC">
				<behavior>float</behavior>
				<classification is_null="1"/>
				<config_id keyed_name="0FD568B8D6DE4E0182CB135FB75B5ABC" type="fgc_Constant">0FD568B8D6DE4E0182CB135FB75B5ABC</config_id>
				<constant_type>Text</constant_type>
				<created_by_id keyed_name="Innovator Admin" type="User">30B991F927274FA3829655F50C99472E</created_by_id>
				<created_on>2015-06-17T07:36:42</created_on>
				<css is_null="1"/>
				<current_state is_null="1"/>
				<description>value must be a valid column name</description>
				<generation>1</generation>
				<grouping>Solution specific Parameter</grouping>
				<id keyed_name="0FD568B8D6DE4E0182CB135FB75B5ABC" type="fgc_Constant">0FD568B8D6DE4E0182CB135FB75B5ABC</id>
				<is_current>1</is_current>
				<is_released>0</is_released>
				<keyed_name>0FD568B8D6DE4E0182CB135FB75B5ABC</keyed_name>
				<locked_by_id is_null="1"/>
				<major_rev>A</major_rev>
				<managed_by_id is_null="1"/>
				<minor_rev is_null="1"/>
				<modified_by_id keyed_name="Innovator Admin" type="User">30B991F927274FA3829655F50C99472E</modified_by_id>
				<modified_on>2015-06-17T07:36:42</modified_on>
				<name>columnNameOfValueUnit</name>
				<new_version>1</new_version>
				<not_lockable>0</not_lockable>
				<owned_by_id keyed_name="Innovator Admin" type="Identity">DBA5D86402BF43D5976854B8B48FCDD1</owned_by_id>
				<permission_id keyed_name="Default Access" type="Permission" origPermission="9122CD065CF04141B8EFE263FC80BEA4">9122CD065CF04141B8EFE263FC80BEA4</permission_id>
				<related_id is_null="1"/>
				<sort_order>1280</sort_order>
				<source_id keyed_name="Classification Search Parameter Grid 1" type="fgc_Configuration">9048D3E919EB4881B8782F5EB963803D</source_id>
				<state is_null="1"/>
				<team_id is_null="1"/>
				<value xml:lang="en">UNIT</value>
			</Item>
			<Item type="fgc_Constant" typeId="C244DA7A70264D8C8980DAC3A9985335" id="20517B9C494C42519DB9F458A3031613">
				<behavior>float</behavior>
				<classification is_null="1"/>
				<config_id keyed_name="20517B9C494C42519DB9F458A3031613" type="fgc_Constant">20517B9C494C42519DB9F458A3031613</config_id>
				<constant_type>Text</constant_type>
				<created_by_id keyed_name="Innovator Admin" type="User">30B991F927274FA3829655F50C99472E</created_by_id>
				<created_on>2015-06-17T07:36:42</created_on>
				<css is_null="1"/>
				<current_state is_null="1"/>
				<description>name = name of TOC item type; value = name of variable that hols the name of root Item Class to used</description>
				<generation>1</generation>
				<grouping>Solution specific Parameter</grouping>
				<id keyed_name="20517B9C494C42519DB9F458A3031613" type="fgc_Constant">20517B9C494C42519DB9F458A3031613</id>
				<is_current>1</is_current>
				<is_released>0</is_released>
				<keyed_name>20517B9C494C42519DB9F458A3031613</keyed_name>
				<locked_by_id is_null="1"/>
				<major_rev>A</major_rev>
				<managed_by_id is_null="1"/>
				<minor_rev is_null="1"/>
				<modified_by_id keyed_name="Innovator Admin" type="User">30B991F927274FA3829655F50C99472E</modified_by_id>
				<modified_on>2015-06-17T07:36:42</modified_on>
				<name>ClassSearch_Document</name>
				<new_version>1</new_version>
				<not_lockable>0</not_lockable>
				<owned_by_id keyed_name="Innovator Admin" type="Identity">DBA5D86402BF43D5976854B8B48FCDD1</owned_by_id>
				<permission_id keyed_name="Default Access" type="Permission" origPermission="9122CD065CF04141B8EFE263FC80BEA4">9122CD065CF04141B8EFE263FC80BEA4</permission_id>
				<related_id is_null="1"/>
				<sort_order>1536</sort_order>
				<source_id keyed_name="Classification Search Parameter Grid 1" type="fgc_Configuration">9048D3E919EB4881B8782F5EB963803D</source_id>
				<state is_null="1"/>
				<team_id is_null="1"/>
				<value xml:lang="en">Document Item Class Root</value>
			</Item>
			<Item type="fgc_Constant" typeId="C244DA7A70264D8C8980DAC3A9985335" id="446A12CDCF5C40E1A9972AF75B854A66">
				<behavior>float</behavior>
				<classification is_null="1"/>
				<config_id keyed_name="446A12CDCF5C40E1A9972AF75B854A66" type="fgc_Constant">446A12CDCF5C40E1A9972AF75B854A66</config_id>
				<constant_type>Text</constant_type>
				<created_by_id keyed_name="Innovator Admin" type="User">30B991F927274FA3829655F50C99472E</created_by_id>
				<created_on>2015-06-17T07:36:42</created_on>
				<css is_null="1"/>
				<current_state is_null="1"/>
				<description>value must be a valid column name</description>
				<generation>1</generation>
				<grouping>Solution specific Parameter</grouping>
				<id keyed_name="446A12CDCF5C40E1A9972AF75B854A66" type="fgc_Constant">446A12CDCF5C40E1A9972AF75B854A66</id>
				<is_current>1</is_current>
				<is_released>0</is_released>
				<keyed_name>446A12CDCF5C40E1A9972AF75B854A66</keyed_name>
				<locked_by_id is_null="1"/>
				<major_rev>A</major_rev>
				<managed_by_id is_null="1"/>
				<minor_rev is_null="1"/>
				<modified_by_id keyed_name="Innovator Admin" type="User">30B991F927274FA3829655F50C99472E</modified_by_id>
				<modified_on>2015-06-17T07:36:42</modified_on>
				<name>columnNameOfCharType</name>
				<new_version>1</new_version>
				<not_lockable>0</not_lockable>
				<owned_by_id keyed_name="Innovator Admin" type="Identity">DBA5D86402BF43D5976854B8B48FCDD1</owned_by_id>
				<permission_id keyed_name="Default Access" type="Permission" origPermission="9122CD065CF04141B8EFE263FC80BEA4">9122CD065CF04141B8EFE263FC80BEA4</permission_id>
				<related_id is_null="1"/>
				<sort_order>1152</sort_order>
				<source_id keyed_name="Classification Search Parameter Grid 1" type="fgc_Configuration">9048D3E919EB4881B8782F5EB963803D</source_id>
				<state is_null="1"/>
				<team_id is_null="1"/>
				<value xml:lang="en">CHAR_TYPE</value>
			</Item>
			<Item type="fgc_Constant" typeId="C244DA7A70264D8C8980DAC3A9985335" id="6431485853F84139828321937723ED75">
				<behavior>float</behavior>
				<classification is_null="1"/>
				<config_id keyed_name="6431485853F84139828321937723ED75" type="fgc_Constant">6431485853F84139828321937723ED75</config_id>
				<constant_type>Text</constant_type>
				<created_by_id keyed_name="Innovator Admin" type="User">30B991F927274FA3829655F50C99472E</created_by_id>
				<created_on>2015-06-17T07:36:42</created_on>
				<css is_null="1"/>
				<current_state is_null="1"/>
				<description>value must be a valid column name</description>
				<generation>1</generation>
				<grouping>Solution specific Parameter</grouping>
				<id keyed_name="6431485853F84139828321937723ED75" type="fgc_Constant">6431485853F84139828321937723ED75</id>
				<is_current>1</is_current>
				<is_released>0</is_released>
				<keyed_name>6431485853F84139828321937723ED75</keyed_name>
				<locked_by_id is_null="1"/>
				<major_rev>A</major_rev>
				<managed_by_id is_null="1"/>
				<minor_rev is_null="1"/>
				<modified_by_id keyed_name="Innovator Admin" type="User">30B991F927274FA3829655F50C99472E</modified_by_id>
				<modified_on>2015-06-17T07:36:42</modified_on>
				<name>columnNameOfCharName</name>
				<new_version>1</new_version>
				<not_lockable>0</not_lockable>
				<owned_by_id keyed_name="Innovator Admin" type="Identity">DBA5D86402BF43D5976854B8B48FCDD1</owned_by_id>
				<permission_id keyed_name="Default Access" type="Permission" origPermission="9122CD065CF04141B8EFE263FC80BEA4">9122CD065CF04141B8EFE263FC80BEA4</permission_id>
				<related_id is_null="1"/>
				<sort_order>1408</sort_order>
				<source_id keyed_name="Classification Search Parameter Grid 1" type="fgc_Configuration">9048D3E919EB4881B8782F5EB963803D</source_id>
				<state is_null="1"/>
				<team_id is_null="1"/>
				<value xml:lang="en">LABEL</value>
			</Item>
			<Item type="fgc_Constant" typeId="C244DA7A70264D8C8980DAC3A9985335" id="90237374B1654EC6904F9D19719CE542">
				<behavior>float</behavior>
				<classification is_null="1"/>
				<config_id keyed_name="90237374B1654EC6904F9D19719CE542" type="fgc_Constant">90237374B1654EC6904F9D19719CE542</config_id>
				<constant_type>Text</constant_type>
				<created_by_id keyed_name="Innovator Admin" type="User">30B991F927274FA3829655F50C99472E</created_by_id>
				<created_on>2015-06-17T07:36:42</created_on>
				<css is_null="1"/>
				<current_state is_null="1"/>
				<description>name = name of TOC item type; value = name of variable that hols the name of root Item Class to used</description>
				<generation>1</generation>
				<grouping>Solution specific Parameter</grouping>
				<id keyed_name="90237374B1654EC6904F9D19719CE542" type="fgc_Constant">90237374B1654EC6904F9D19719CE542</id>
				<is_current>1</is_current>
				<is_released>0</is_released>
				<keyed_name>90237374B1654EC6904F9D19719CE542</keyed_name>
				<locked_by_id is_null="1"/>
				<major_rev>A</major_rev>
				<managed_by_id is_null="1"/>
				<minor_rev is_null="1"/>
				<modified_by_id keyed_name="Innovator Admin" type="User">30B991F927274FA3829655F50C99472E</modified_by_id>
				<modified_on>2015-06-17T07:36:42</modified_on>
				<name>ClassSearch_Part</name>
				<new_version>1</new_version>
				<not_lockable>0</not_lockable>
				<owned_by_id keyed_name="Innovator Admin" type="Identity">DBA5D86402BF43D5976854B8B48FCDD1</owned_by_id>
				<permission_id keyed_name="Default Access" type="Permission" origPermission="9122CD065CF04141B8EFE263FC80BEA4">9122CD065CF04141B8EFE263FC80BEA4</permission_id>
				<related_id is_null="1"/>
				<sort_order>1536</sort_order>
				<source_id keyed_name="Classification Search Parameter Grid 1" type="fgc_Configuration">9048D3E919EB4881B8782F5EB963803D</source_id>
				<state is_null="1"/>
				<team_id is_null="1"/>
				<value xml:lang="en">Part Item Class Root</value>
			</Item>
			<Item type="fgc_Constant" typeId="C244DA7A70264D8C8980DAC3A9985335" id="B7FC0C1B15C04405A55B7F453A460621">
				<behavior>float</behavior>
				<classification is_null="1"/>
				<config_id keyed_name="B7FC0C1B15C04405A55B7F453A460621" type="fgc_Constant">B7FC0C1B15C04405A55B7F453A460621</config_id>
				<constant_type>Text</constant_type>
				<created_by_id keyed_name="Innovator Admin" type="User">30B991F927274FA3829655F50C99472E</created_by_id>
				<created_on>2015-06-17T07:36:42</created_on>
				<css is_null="1"/>
				<current_state is_null="1"/>
				<description>value must be a valid column name</description>
				<generation>1</generation>
				<grouping>Solution specific Parameter</grouping>
				<id keyed_name="B7FC0C1B15C04405A55B7F453A460621" type="fgc_Constant">B7FC0C1B15C04405A55B7F453A460621</id>
				<is_current>1</is_current>
				<is_released>0</is_released>
				<keyed_name>B7FC0C1B15C04405A55B7F453A460621</keyed_name>
				<locked_by_id is_null="1"/>
				<major_rev>A</major_rev>
				<managed_by_id is_null="1"/>
				<minor_rev is_null="1"/>
				<modified_by_id keyed_name="Innovator Admin" type="User">30B991F927274FA3829655F50C99472E</modified_by_id>
				<modified_on>2015-06-17T07:36:42</modified_on>
				<name>columnNameOfValue</name>
				<new_version>1</new_version>
				<not_lockable>0</not_lockable>
				<owned_by_id keyed_name="Innovator Admin" type="Identity">DBA5D86402BF43D5976854B8B48FCDD1</owned_by_id>
				<permission_id keyed_name="Default Access" type="Permission" origPermission="9122CD065CF04141B8EFE263FC80BEA4">9122CD065CF04141B8EFE263FC80BEA4</permission_id>
				<related_id is_null="1"/>
				<sort_order>1024</sort_order>
				<source_id keyed_name="Classification Search Parameter Grid 1" type="fgc_Configuration">9048D3E919EB4881B8782F5EB963803D</source_id>
				<state is_null="1"/>
				<team_id is_null="1"/>
				<value xml:lang="en">VALUE</value>
			</Item>
			<Item type="fgc_Toolbar Element" typeId="42FE71D769E14FC2BFD6964A538E0883" id="99DA7249AAB547EDB18C519FE66A9339">
				<behavior>float</behavior>
				<classification is_null="1"/>
				<config_id keyed_name="button chars_view_item" type="fgc_Toolbar Element">99DA7249AAB547EDB18C519FE66A9339</config_id>
				<created_by_id keyed_name="Innovator Admin" type="User">30B991F927274FA3829655F50C99472E</created_by_id>
				<created_on>2015-06-17T07:36:42</created_on>
				<css is_null="1"/>
				<current_state is_null="1"/>
				<element_disabled>0</element_disabled>
				<element_image>../images/ViewItem.svg</element_image>
				<element_label xml:lang="en"/>
				<element_size is_null="1"/>
				<element_style is_null="1"/>
				<element_text xml:lang="en">Open Item</element_text>
				<element_tooltip>Open Item</element_tooltip>
				<generation>1</generation>
				<id keyed_name="button chars_view_item" type="fgc_Toolbar Element">99DA7249AAB547EDB18C519FE66A9339</id>
				<is_current>1</is_current>
				<is_ignore_element>0</is_ignore_element>
				<is_released>0</is_released>
				<keyed_name>button chars_view_item</keyed_name>
				<locked_by_id is_null="1"/>
				<major_rev>A</major_rev>
				<managed_by_id is_null="1"/>
				<minor_rev is_null="1"/>
				<modified_by_id keyed_name="Innovator Admin" type="User">30B991F927274FA3829655F50C99472E</modified_by_id>
				<modified_on>2015-06-17T07:36:42</modified_on>
				<new_version>1</new_version>
				<not_lockable>0</not_lockable>
				<owned_by_id keyed_name="Innovator Admin" type="Identity">DBA5D86402BF43D5976854B8B48FCDD1</owned_by_id>
				<permission_id keyed_name="Default Access" type="Permission" origPermission="9122CD065CF04141B8EFE263FC80BEA4">9122CD065CF04141B8EFE263FC80BEA4</permission_id>
				<related_id is_null="1"/>
				<sort_order>10</sort_order>
				<source_id keyed_name="Classification Search Parameter Grid 1" type="fgc_Configuration">9048D3E919EB4881B8782F5EB963803D</source_id>
				<state is_null="1"/>
				<team_id is_null="1"/>
				<element_type>button</element_type>
				<element_id>chars_view_item</element_id>
			</Item>
			<Item type="fgc_Toolbar Element" typeId="42FE71D769E14FC2BFD6964A538E0883" id="4616207DDCDB4E198CECC536ADFEFC81">
				<behavior>float</behavior>
				<classification is_null="1"/>
				<config_id keyed_name="separator chars_sep2" type="fgc_Toolbar Element">4616207DDCDB4E198CECC536ADFEFC81</config_id>
				<created_by_id keyed_name="Innovator Admin" type="User">30B991F927274FA3829655F50C99472E</created_by_id>
				<created_on>2015-06-17T07:36:42</created_on>
				<css is_null="1"/>
				<current_state is_null="1"/>
				<element_disabled>0</element_disabled>
				<element_image is_null="1"/>
				<element_label is_null="1" xml:lang="en"/>
				<element_size is_null="1"/>
				<element_style is_null="1"/>
				<element_text is_null="1" xml:lang="en"/>
				<element_tooltip is_null="1"/>
				<generation>1</generation>
				<id keyed_name="separator chars_sep2" type="fgc_Toolbar Element">4616207DDCDB4E198CECC536ADFEFC81</id>
				<is_current>1</is_current>
				<is_ignore_element>0</is_ignore_element>
				<is_released>0</is_released>
				<keyed_name>separator chars_sep2</keyed_name>
				<locked_by_id is_null="1"/>
				<major_rev>A</major_rev>
				<managed_by_id is_null="1"/>
				<minor_rev is_null="1"/>
				<modified_by_id keyed_name="Innovator Admin" type="User">30B991F927274FA3829655F50C99472E</modified_by_id>
				<modified_on>2015-06-17T07:36:42</modified_on>
				<new_version>1</new_version>
				<not_lockable>0</not_lockable>
				<owned_by_id keyed_name="Innovator Admin" type="Identity">DBA5D86402BF43D5976854B8B48FCDD1</owned_by_id>
				<permission_id keyed_name="Default Access" type="Permission" origPermission="9122CD065CF04141B8EFE263FC80BEA4">9122CD065CF04141B8EFE263FC80BEA4</permission_id>
				<related_id is_null="1"/>
				<sort_order>15</sort_order>
				<source_id keyed_name="Classification Search Parameter Grid 1" type="fgc_Configuration">9048D3E919EB4881B8782F5EB963803D</source_id>
				<state is_null="1"/>
				<team_id is_null="1"/>
				<element_type>separator</element_type>
				<element_id>chars_sep2</element_id>
			</Item>
			<Item type="fgc_Toolbar Element" typeId="42FE71D769E14FC2BFD6964A538E0883" id="765642B8774544AEB9C55A13232B35E0">
				<behavior>float</behavior>
				<classification is_null="1"/>
				<config_id keyed_name="choice chars_filter" type="fgc_Toolbar Element">765642B8774544AEB9C55A13232B35E0</config_id>
				<created_by_id keyed_name="Innovator Admin" type="User">30B991F927274FA3829655F50C99472E</created_by_id>
				<created_on>2015-06-17T07:36:42</created_on>
				<css is_null="1"/>
				<current_state is_null="1"/>
				<element_disabled>0</element_disabled>
				<element_image is_null="1"/>
				<element_label xml:lang="en">Show Characteristics:</element_label>
				<element_size is_null="1"/>
				<element_style is_null="1"/>
				<element_text xml:lang="en"/>
				<element_tooltip>Show Characteristics</element_tooltip>
				<generation>1</generation>
				<id keyed_name="choice chars_filter" type="fgc_Toolbar Element">765642B8774544AEB9C55A13232B35E0</id>
				<is_current>1</is_current>
				<is_ignore_element>0</is_ignore_element>
				<is_released>0</is_released>
				<keyed_name>choice chars_filter</keyed_name>
				<locked_by_id is_null="1"/>
				<major_rev>A</major_rev>
				<managed_by_id is_null="1"/>
				<minor_rev is_null="1"/>
				<modified_by_id keyed_name="Innovator Admin" type="User">30B991F927274FA3829655F50C99472E</modified_by_id>
				<modified_on>2015-06-17T07:36:42</modified_on>
				<new_version>1</new_version>
				<not_lockable>0</not_lockable>
				<owned_by_id keyed_name="Innovator Admin" type="Identity">DBA5D86402BF43D5976854B8B48FCDD1</owned_by_id>
				<permission_id keyed_name="Default Access" type="Permission" origPermission="9122CD065CF04141B8EFE263FC80BEA4">9122CD065CF04141B8EFE263FC80BEA4</permission_id>
				<related_id is_null="1"/>
				<sort_order>40</sort_order>
				<source_id keyed_name="Classification Search Parameter Grid 1" type="fgc_Configuration">9048D3E919EB4881B8782F5EB963803D</source_id>
				<state is_null="1"/>
				<team_id is_null="1"/>
				<element_type>choice</element_type>
				<element_id>chars_filter</element_id>
				<Relationships>
					<Item type="fgc_Toolbar Element Choice" typeId="EFB60354D53E4324A4CB0F3C348576EC" id="3304CB4CAAB74CD48936C11E8991F6BC">
						<behavior>float</behavior>
						<choice_text_value xml:lang="en">All</choice_text_value>
						<classification is_null="1"/>
						<config_id keyed_name="chars_filter_show_all" type="fgc_Toolbar Element Choice">3304CB4CAAB74CD48936C11E8991F6BC</config_id>
						<created_by_id keyed_name="Innovator Admin" type="User">30B991F927274FA3829655F50C99472E</created_by_id>
						<created_on>2015-06-17T07:36:42</created_on>
						<css is_null="1"/>
						<current_state is_null="1"/>
						<generation>1</generation>
						<id keyed_name="chars_filter_show_all" type="fgc_Toolbar Element Choice">3304CB4CAAB74CD48936C11E8991F6BC</id>
						<is_current>1</is_current>
						<is_released>0</is_released>
						<keyed_name>chars_filter_show_all</keyed_name>
						<locked_by_id is_null="1"/>
						<major_rev>A</major_rev>
						<managed_by_id is_null="1"/>
						<minor_rev is_null="1"/>
						<modified_by_id keyed_name="Innovator Admin" type="User">30B991F927274FA3829655F50C99472E</modified_by_id>
						<modified_on>2015-06-17T07:36:42</modified_on>
						<new_version>1</new_version>
						<not_lockable>0</not_lockable>
						<owned_by_id keyed_name="Innovator Admin" type="Identity">DBA5D86402BF43D5976854B8B48FCDD1</owned_by_id>
						<permission_id keyed_name="Default Access" type="Permission" origPermission="9122CD065CF04141B8EFE263FC80BEA4">9122CD065CF04141B8EFE263FC80BEA4</permission_id>
						<related_id is_null="1"/>
						<sort_order>10</sort_order>
						<source_id keyed_name="choice chars_filter" type="fgc_Toolbar Element">765642B8774544AEB9C55A13232B35E0</source_id>
						<state is_null="1"/>
						<team_id is_null="1"/>
						<choice_id>chars_filter_show_all</choice_id>
					</Item>
					<Item type="fgc_Toolbar Element Choice" typeId="EFB60354D53E4324A4CB0F3C348576EC" id="9432E709037F42C99712639B9F6D3C69">
						<behavior>float</behavior>
						<choice_text_value xml:lang="en">of selected Item Class</choice_text_value>
						<classification is_null="1"/>
						<config_id keyed_name="chars_filter_item_class" type="fgc_Toolbar Element Choice">9432E709037F42C99712639B9F6D3C69</config_id>
						<created_by_id keyed_name="Innovator Admin" type="User">30B991F927274FA3829655F50C99472E</created_by_id>
						<created_on>2015-06-17T07:36:42</created_on>
						<css is_null="1"/>
						<current_state is_null="1"/>
						<generation>1</generation>
						<id keyed_name="chars_filter_item_class" type="fgc_Toolbar Element Choice">9432E709037F42C99712639B9F6D3C69</id>
						<is_current>1</is_current>
						<is_released>0</is_released>
						<keyed_name>chars_filter_item_class</keyed_name>
						<locked_by_id is_null="1"/>
						<major_rev>A</major_rev>
						<managed_by_id is_null="1"/>
						<minor_rev is_null="1"/>
						<modified_by_id keyed_name="Innovator Admin" type="User">30B991F927274FA3829655F50C99472E</modified_by_id>
						<modified_on>2015-06-17T07:36:42</modified_on>
						<new_version>1</new_version>
						<not_lockable>0</not_lockable>
						<owned_by_id keyed_name="Innovator Admin" type="Identity">DBA5D86402BF43D5976854B8B48FCDD1</owned_by_id>
						<permission_id keyed_name="Default Access" type="Permission" origPermission="9122CD065CF04141B8EFE263FC80BEA4">9122CD065CF04141B8EFE263FC80BEA4</permission_id>
						<related_id is_null="1"/>
						<sort_order>20</sort_order>
						<source_id keyed_name="choice chars_filter" type="fgc_Toolbar Element">765642B8774544AEB9C55A13232B35E0</source_id>
						<state is_null="1"/>
						<team_id is_null="1"/>
						<choice_id>chars_filter_item_class</choice_id>
					</Item>
				</Relationships>
			</Item>
			<Item type="fgc_ColumnDef" typeId="D65D72A88C05433F81585B2AA4B176B4" id="A40008DABB6C4B24846B86B6A7267077">
				<behavior>float</behavior>
				<classification is_null="1"/>
				<col_align>l</col_align>
				<col_edit_type>NOEDIT</col_edit_type>
				<col_filter_edit_type>NOEDIT</col_filter_edit_type>
				<col_heading_align>c</col_heading_align>
				<col_heading_label xml:lang="en">Characteristic</col_heading_label>
				<col_width>150</col_width>
				<config_id keyed_name="LABEL" type="fgc_ColumnDef">A40008DABB6C4B24846B86B6A7267077</config_id>
				<created_by_id keyed_name="Innovator Admin" type="User">30B991F927274FA3829655F50C99472E</created_by_id>
				<created_on>2015-06-17T07:36:42</created_on>
				<css is_null="1"/>
				<current_state is_null="1"/>
				<generation>1</generation>
				<id keyed_name="LABEL" type="fgc_ColumnDef">A40008DABB6C4B24846B86B6A7267077</id>
				<is_current>1</is_current>
				<is_lock_column>0</is_lock_column>
				<is_released>0</is_released>
				<keyed_name>LABEL</keyed_name>
				<locked_by_id is_null="1"/>
				<major_rev>A</major_rev>
				<managed_by_id is_null="1"/>
				<minor_rev is_null="1"/>
				<modified_by_id keyed_name="Innovator Admin" type="User">30B991F927274FA3829655F50C99472E</modified_by_id>
				<modified_on>2015-06-17T07:36:42</modified_on>
				<new_version>1</new_version>
				<not_lockable>0</not_lockable>
				<owned_by_id keyed_name="Innovator Admin" type="Identity">DBA5D86402BF43D5976854B8B48FCDD1</owned_by_id>
				<permission_id keyed_name="Default Access" type="Permission" origPermission="9122CD065CF04141B8EFE263FC80BEA4">9122CD065CF04141B8EFE263FC80BEA4</permission_id>
				<related_id is_null="1"/>
				<sort_order>20</sort_order>
				<source_id keyed_name="Classification Search Parameter Grid 1" type="fgc_Configuration">9048D3E919EB4881B8782F5EB963803D</source_id>
				<state is_null="1"/>
				<team_id is_null="1"/>
				<col_name>LABEL</col_name>
			</Item>
			<Item type="fgc_ColumnDef" typeId="D65D72A88C05433F81585B2AA4B176B4" id="732B0B7B48FE420F86E1E8EBFA3C820E">
				<behavior>float</behavior>
				<classification is_null="1"/>
				<col_align>l</col_align>
				<col_edit_type>NOEDIT</col_edit_type>
				<col_filter_edit_type>NOEDIT</col_filter_edit_type>
				<col_heading_align>c</col_heading_align>
				<col_heading_label xml:lang="en">Type</col_heading_label>
				<col_width>80</col_width>
				<config_id keyed_name="CHAR_TYPE" type="fgc_ColumnDef">732B0B7B48FE420F86E1E8EBFA3C820E</config_id>
				<created_by_id keyed_name="Innovator Admin" type="User">30B991F927274FA3829655F50C99472E</created_by_id>
				<created_on>2015-06-17T07:36:42</created_on>
				<css is_null="1"/>
				<current_state is_null="1"/>
				<generation>1</generation>
				<id keyed_name="CHAR_TYPE" type="fgc_ColumnDef">732B0B7B48FE420F86E1E8EBFA3C820E</id>
				<is_current>1</is_current>
				<is_lock_column>0</is_lock_column>
				<is_released>0</is_released>
				<keyed_name>CHAR_TYPE</keyed_name>
				<locked_by_id is_null="1"/>
				<major_rev>A</major_rev>
				<managed_by_id is_null="1"/>
				<minor_rev is_null="1"/>
				<modified_by_id keyed_name="Innovator Admin" type="User">30B991F927274FA3829655F50C99472E</modified_by_id>
				<modified_on>2015-06-17T07:36:42</modified_on>
				<new_version>1</new_version>
				<not_lockable>0</not_lockable>
				<owned_by_id keyed_name="Innovator Admin" type="Identity">DBA5D86402BF43D5976854B8B48FCDD1</owned_by_id>
				<permission_id keyed_name="Default Access" type="Permission" origPermission="9122CD065CF04141B8EFE263FC80BEA4">9122CD065CF04141B8EFE263FC80BEA4</permission_id>
				<related_id is_null="1"/>
				<sort_order>30</sort_order>
				<source_id keyed_name="Classification Search Parameter Grid 1" type="fgc_Configuration">9048D3E919EB4881B8782F5EB963803D</source_id>
				<state is_null="1"/>
				<team_id is_null="1"/>
				<col_name>CHAR_TYPE</col_name>
			</Item>
			<Item type="fgc_ColumnDef" typeId="D65D72A88C05433F81585B2AA4B176B4" id="9FA440DDC87B4525AFC915F9B3C1382A">
				<behavior>float</behavior>
				<classification is_null="1"/>
				<col_align>l</col_align>
				<col_edit_type>FIELD</col_edit_type>
				<col_filter_edit_type>NOEDIT</col_filter_edit_type>
				<col_heading_align>c</col_heading_align>
				<col_heading_label xml:lang="en">Value</col_heading_label>
				<col_width>200</col_width>
				<config_id keyed_name="VALUE" type="fgc_ColumnDef">9FA440DDC87B4525AFC915F9B3C1382A</config_id>
				<created_by_id keyed_name="Innovator Admin" type="User">30B991F927274FA3829655F50C99472E</created_by_id>
				<created_on>2015-06-17T07:36:42</created_on>
				<css is_null="1"/>
				<current_state is_null="1"/>
				<generation>1</generation>
				<id keyed_name="VALUE" type="fgc_ColumnDef">9FA440DDC87B4525AFC915F9B3C1382A</id>
				<is_current>1</is_current>
				<is_lock_column>0</is_lock_column>
				<is_released>0</is_released>
				<keyed_name>VALUE</keyed_name>
				<locked_by_id is_null="1"/>
				<major_rev>A</major_rev>
				<managed_by_id is_null="1"/>
				<minor_rev is_null="1"/>
				<modified_by_id keyed_name="Innovator Admin" type="User">30B991F927274FA3829655F50C99472E</modified_by_id>
				<modified_on>2015-06-17T07:36:42</modified_on>
				<new_version>1</new_version>
				<not_lockable>0</not_lockable>
				<owned_by_id keyed_name="Innovator Admin" type="Identity">DBA5D86402BF43D5976854B8B48FCDD1</owned_by_id>
				<permission_id keyed_name="Default Access" type="Permission" origPermission="9122CD065CF04141B8EFE263FC80BEA4">9122CD065CF04141B8EFE263FC80BEA4</permission_id>
				<related_id is_null="1"/>
				<sort_order>40</sort_order>
				<source_id keyed_name="Classification Search Parameter Grid 1" type="fgc_Configuration">9048D3E919EB4881B8782F5EB963803D</source_id>
				<state is_null="1"/>
				<team_id is_null="1"/>
				<col_name>VALUE</col_name>
			</Item>
			<Item type="fgc_ColumnDef" typeId="D65D72A88C05433F81585B2AA4B176B4" id="A2628E406D564528B2AB2950E857852C">
				<behavior>float</behavior>
				<classification is_null="1"/>
				<col_align>c</col_align>
				<col_edit_type>NOEDIT</col_edit_type>
				<col_filter_edit_type>NOEDIT</col_filter_edit_type>
				<col_heading_align>c</col_heading_align>
				<col_heading_label xml:lang="en">Unit</col_heading_label>
				<col_width>80</col_width>
				<config_id keyed_name="UNIT" type="fgc_ColumnDef">A2628E406D564528B2AB2950E857852C</config_id>
				<created_by_id keyed_name="Innovator Admin" type="User">30B991F927274FA3829655F50C99472E</created_by_id>
				<created_on>2015-06-17T07:36:42</created_on>
				<css is_null="1"/>
				<current_state is_null="1"/>
				<generation>1</generation>
				<id keyed_name="UNIT" type="fgc_ColumnDef">A2628E406D564528B2AB2950E857852C</id>
				<is_current>1</is_current>
				<is_lock_column>0</is_lock_column>
				<is_released>0</is_released>
				<keyed_name>UNIT</keyed_name>
				<locked_by_id is_null="1"/>
				<major_rev>A</major_rev>
				<managed_by_id is_null="1"/>
				<minor_rev is_null="1"/>
				<modified_by_id keyed_name="Innovator Admin" type="User">30B991F927274FA3829655F50C99472E</modified_by_id>
				<modified_on>2015-06-17T07:36:42</modified_on>
				<new_version>1</new_version>
				<not_lockable>0</not_lockable>
				<owned_by_id keyed_name="Innovator Admin" type="Identity">DBA5D86402BF43D5976854B8B48FCDD1</owned_by_id>
				<permission_id keyed_name="Default Access" type="Permission" origPermission="9122CD065CF04141B8EFE263FC80BEA4">9122CD065CF04141B8EFE263FC80BEA4</permission_id>
				<related_id is_null="1"/>
				<sort_order>45</sort_order>
				<source_id keyed_name="Classification Search Parameter Grid 1" type="fgc_Configuration">9048D3E919EB4881B8782F5EB963803D</source_id>
				<state is_null="1"/>
				<team_id is_null="1"/>
				<col_name>UNIT</col_name>
			</Item>
			<Item type="fgc_ColumnDef" typeId="D65D72A88C05433F81585B2AA4B176B4" id="20AF60F7D855436F9234AE67CFC7CD12">
				<behavior>float</behavior>
				<classification is_null="1"/>
				<col_align>l</col_align>
				<col_edit_type>NOEDIT</col_edit_type>
				<col_filter_edit_type>NOEDIT</col_filter_edit_type>
				<col_heading_align>c</col_heading_align>
				<col_heading_label xml:lang="en">Class Path</col_heading_label>
				<col_width>300</col_width>
				<config_id keyed_name="CLASSPATH" type="fgc_ColumnDef">20AF60F7D855436F9234AE67CFC7CD12</config_id>
				<created_by_id keyed_name="Innovator Admin" type="User">30B991F927274FA3829655F50C99472E</created_by_id>
				<created_on>2015-06-17T07:36:42</created_on>
				<css is_null="1"/>
				<current_state is_null="1"/>
				<generation>1</generation>
				<id keyed_name="CLASSPATH" type="fgc_ColumnDef">20AF60F7D855436F9234AE67CFC7CD12</id>
				<is_current>1</is_current>
				<is_lock_column>0</is_lock_column>
				<is_released>0</is_released>
				<keyed_name>CLASSPATH</keyed_name>
				<locked_by_id is_null="1"/>
				<major_rev>A</major_rev>
				<managed_by_id is_null="1"/>
				<minor_rev is_null="1"/>
				<modified_by_id keyed_name="Innovator Admin" type="User">30B991F927274FA3829655F50C99472E</modified_by_id>
				<modified_on>2015-06-17T07:36:42</modified_on>
				<new_version>1</new_version>
				<not_lockable>0</not_lockable>
				<owned_by_id keyed_name="Innovator Admin" type="Identity">DBA5D86402BF43D5976854B8B48FCDD1</owned_by_id>
				<permission_id keyed_name="Default Access" type="Permission" origPermission="9122CD065CF04141B8EFE263FC80BEA4">9122CD065CF04141B8EFE263FC80BEA4</permission_id>
				<related_id is_null="1"/>
				<sort_order>50</sort_order>
				<source_id keyed_name="Classification Search Parameter Grid 1" type="fgc_Configuration">9048D3E919EB4881B8782F5EB963803D</source_id>
				<state is_null="1"/>
				<team_id is_null="1"/>
				<col_name>CLASSPATH</col_name>
			</Item>
			<Item type="fgc_ColumnDef" typeId="D65D72A88C05433F81585B2AA4B176B4" id="F42838AF8C2D4458AB6BA165E377E337">
				<behavior>float</behavior>
				<classification is_null="1"/>
				<col_align>c</col_align>
				<col_edit_type>NOEDIT</col_edit_type>
				<col_filter_edit_type>NOEDIT</col_filter_edit_type>
				<col_heading_align>c</col_heading_align>
				<col_heading_label xml:lang="en">Description</col_heading_label>
				<col_width>250</col_width>
				<config_id keyed_name="DESCR" type="fgc_ColumnDef">F42838AF8C2D4458AB6BA165E377E337</config_id>
				<created_by_id keyed_name="Innovator Admin" type="User">30B991F927274FA3829655F50C99472E</created_by_id>
				<created_on>2015-06-17T07:36:42</created_on>
				<css is_null="1"/>
				<current_state is_null="1"/>
				<generation>1</generation>
				<id keyed_name="DESCR" type="fgc_ColumnDef">F42838AF8C2D4458AB6BA165E377E337</id>
				<is_current>1</is_current>
				<is_lock_column>0</is_lock_column>
				<is_released>0</is_released>
				<keyed_name>DESCR</keyed_name>
				<locked_by_id is_null="1"/>
				<major_rev>A</major_rev>
				<managed_by_id is_null="1"/>
				<minor_rev is_null="1"/>
				<modified_by_id keyed_name="Innovator Admin" type="User">30B991F927274FA3829655F50C99472E</modified_by_id>
				<modified_on>2015-06-17T07:36:42</modified_on>
				<new_version>1</new_version>
				<not_lockable>0</not_lockable>
				<owned_by_id keyed_name="Innovator Admin" type="Identity">DBA5D86402BF43D5976854B8B48FCDD1</owned_by_id>
				<permission_id keyed_name="Default Access" type="Permission" origPermission="9122CD065CF04141B8EFE263FC80BEA4">9122CD065CF04141B8EFE263FC80BEA4</permission_id>
				<related_id is_null="1"/>
				<sort_order>100</sort_order>
				<source_id keyed_name="Classification Search Parameter Grid 1" type="fgc_Configuration">9048D3E919EB4881B8782F5EB963803D</source_id>
				<state is_null="1"/>
				<team_id is_null="1"/>
				<col_name>DESCR</col_name>
			</Item>
			<Item type="fgc_MenuAction" typeId="02F1625D84CF445B84601C2A7E55BCD4" id="3D657A75B5394571BAB6A923F89DF97A">
				<behavior>float</behavior>
				<classification is_null="1"/>
				<config_id keyed_name="3D657A75B5394571BAB6A923F89DF97A" type="fgc_MenuAction">3D657A75B5394571BAB6A923F89DF97A</config_id>
				<created_by_id keyed_name="Innovator Admin" type="User">30B991F927274FA3829655F50C99472E</created_by_id>
				<created_on>2015-06-17T07:36:42</created_on>
				<css is_null="1"/>
				<current_state is_null="1"/>
				<execute_this_action is_null="1"/>
				<generation>1</generation>
				<id keyed_name="3D657A75B5394571BAB6A923F89DF97A" type="fgc_MenuAction">3D657A75B5394571BAB6A923F89DF97A</id>
				<if_effectivity_mode is_null="1"/>
				<if_grid_is_editable is_null="1"/>
				<if_is_owner_manager_of_row_item is_null="1"/>
				<if_is_owner_of_context_item is_null="1"/>
				<if_is_owner_of_row_item is_null="1"/>
				<if_row_item_is_current is_null="1"/>
				<if_row_item_is_locked is_null="1"/>
				<if_row_item_is_released is_null="1"/>
				<if_started_from_tab is_null="1"/>
				<is_current>1</is_current>
				<is_disabled>0</is_disabled>
				<is_released>0</is_released>
				<is_separator>0</is_separator>
				<keyed_name>3D657A75B5394571BAB6A923F89DF97A</keyed_name>
				<label xml:lang="en">View Item</label>
				<locked_by_id is_null="1"/>
				<major_rev>A</major_rev>
				<managed_by_id is_null="1"/>
				<minor_rev is_null="1"/>
				<modified_by_id keyed_name="Innovator Admin" type="User">30B991F927274FA3829655F50C99472E</modified_by_id>
				<modified_on>2015-06-17T07:36:42</modified_on>
				<name>view_item</name>
				<new_version>1</new_version>
				<not_lockable>0</not_lockable>
				<owned_by_id keyed_name="Innovator Admin" type="Identity">DBA5D86402BF43D5976854B8B48FCDD1</owned_by_id>
				<permission_id keyed_name="Default Access" type="Permission" origPermission="9122CD065CF04141B8EFE263FC80BEA4">9122CD065CF04141B8EFE263FC80BEA4</permission_id>
				<related_id is_null="1"/>
				<sort_order>128</sort_order>
				<source_id keyed_name="Classification Search Parameter Grid 1" type="fgc_Configuration">9048D3E919EB4881B8782F5EB963803D</source_id>
				<state is_null="1"/>
				<team_id is_null="1"/>
			</Item>
			<Item type="fgc_Item Prop MappingDef" typeId="7179707242CF4288B56DD5BD929F6431" id="F480E815D2DD4808AB7C0F60A514AD1F">
				<behavior>float</behavior>
				<cell_bg_color is_null="1"/>
				<cell_is_editable>0</cell_is_editable>
				<cell_link_item_type is_null="1"/>
				<cell_link_key is_null="1"/>
				<cell_static_value is_null="1" xml:lang="en"/>
				<cell_text_color is_null="1"/>
				<cell_value_type is_null="1"/>
				<cell_value_type_other is_null="1"/>
				<classification is_null="1"/>
				<config_id keyed_name="LABEL label" type="fgc_Item Prop MappingDef">F480E815D2DD4808AB7C0F60A514AD1F</config_id>
				<created_by_id keyed_name="Innovator Admin" type="User">30B991F927274FA3829655F50C99472E</created_by_id>
				<created_on>2015-06-17T07:36:42</created_on>
				<css is_null="1"/>
				<current_state is_null="1"/>
				<generation>1</generation>
				<id keyed_name="LABEL label" type="fgc_Item Prop MappingDef">F480E815D2DD4808AB7C0F60A514AD1F</id>
				<is_current>1</is_current>
				<is_rel_property>0</is_rel_property>
				<is_released>0</is_released>
				<keyed_name>LABEL label</keyed_name>
				<locked_by_id is_null="1"/>
				<major_rev>A</major_rev>
				<managed_by_id is_null="1"/>
				<minor_rev is_null="1"/>
				<modified_by_id keyed_name="Innovator Admin" type="User">30B991F927274FA3829655F50C99472E</modified_by_id>
				<modified_on>2015-06-17T07:36:42</modified_on>
				<new_version>1</new_version>
				<not_lockable>0</not_lockable>
				<owned_by_id keyed_name="Innovator Admin" type="Identity">DBA5D86402BF43D5976854B8B48FCDD1</owned_by_id>
				<permission_id keyed_name="Default Access" type="Permission" origPermission="9122CD065CF04141B8EFE263FC80BEA4">9122CD065CF04141B8EFE263FC80BEA4</permission_id>
				<related_id is_null="1"/>
				<sort_order>20</sort_order>
				<source_id keyed_name="Classification Search Parameter Grid 1" type="fgc_Configuration">9048D3E919EB4881B8782F5EB963803D</source_id>
				<state is_null="1"/>
				<team_id is_null="1"/>
				<col_name>LABEL</col_name>
				<mapped_property>label</mapped_property>
			</Item>
			<Item type="fgc_Item Prop MappingDef" typeId="7179707242CF4288B56DD5BD929F6431" id="F1D1CCF1DD724B7FB42FB559AD7862D4">
				<behavior>float</behavior>
				<cell_bg_color is_null="1"/>
				<cell_is_editable>0</cell_is_editable>
				<cell_link_item_type is_null="1"/>
				<cell_link_key is_null="1"/>
				<cell_static_value is_null="1" xml:lang="en"/>
				<cell_text_color is_null="1"/>
				<cell_value_type is_null="1"/>
				<cell_value_type_other is_null="1"/>
				<classification is_null="1"/>
				<config_id keyed_name="DESCR description" type="fgc_Item Prop MappingDef">F1D1CCF1DD724B7FB42FB559AD7862D4</config_id>
				<created_by_id keyed_name="Innovator Admin" type="User">30B991F927274FA3829655F50C99472E</created_by_id>
				<created_on>2015-06-17T07:36:42</created_on>
				<css is_null="1"/>
				<current_state is_null="1"/>
				<generation>1</generation>
				<id keyed_name="DESCR description" type="fgc_Item Prop MappingDef">F1D1CCF1DD724B7FB42FB559AD7862D4</id>
				<is_current>1</is_current>
				<is_rel_property>0</is_rel_property>
				<is_released>0</is_released>
				<keyed_name>DESCR description</keyed_name>
				<locked_by_id is_null="1"/>
				<major_rev>A</major_rev>
				<managed_by_id is_null="1"/>
				<minor_rev is_null="1"/>
				<modified_by_id keyed_name="Innovator Admin" type="User">30B991F927274FA3829655F50C99472E</modified_by_id>
				<modified_on>2015-06-17T07:36:42</modified_on>
				<new_version>1</new_version>
				<not_lockable>0</not_lockable>
				<owned_by_id keyed_name="Innovator Admin" type="Identity">DBA5D86402BF43D5976854B8B48FCDD1</owned_by_id>
				<permission_id keyed_name="Default Access" type="Permission" origPermission="9122CD065CF04141B8EFE263FC80BEA4">9122CD065CF04141B8EFE263FC80BEA4</permission_id>
				<related_id is_null="1"/>
				<sort_order>28</sort_order>
				<source_id keyed_name="Classification Search Parameter Grid 1" type="fgc_Configuration">9048D3E919EB4881B8782F5EB963803D</source_id>
				<state is_null="1"/>
				<team_id is_null="1"/>
				<col_name>DESCR</col_name>
				<mapped_property>description</mapped_property>
			</Item>
			<Item type="fgc_Item Prop MappingDef" typeId="7179707242CF4288B56DD5BD929F6431" id="B247B5D7758843CCA34A318F317EB456">
				<behavior>float</behavior>
				<cell_bg_color is_null="1"/>
				<cell_is_editable>0</cell_is_editable>
				<cell_link_item_type is_null="1"/>
				<cell_link_key is_null="1"/>
				<cell_static_value is_null="1" xml:lang="en"/>
				<cell_text_color is_null="1"/>
				<cell_value_type is_null="1"/>
				<cell_value_type_other is_null="1"/>
				<classification is_null="1"/>
				<config_id keyed_name="CHAR_TYPE characteristic_value_type" type="fgc_Item Prop MappingDef">B247B5D7758843CCA34A318F317EB456</config_id>
				<created_by_id keyed_name="Innovator Admin" type="User">30B991F927274FA3829655F50C99472E</created_by_id>
				<created_on>2015-06-17T07:36:42</created_on>
				<css is_null="1"/>
				<current_state is_null="1"/>
				<generation>1</generation>
				<id keyed_name="CHAR_TYPE characteristic_value_type" type="fgc_Item Prop MappingDef">B247B5D7758843CCA34A318F317EB456</id>
				<is_current>1</is_current>
				<is_rel_property>0</is_rel_property>
				<is_released>0</is_released>
				<keyed_name>CHAR_TYPE characteristic_value_type</keyed_name>
				<locked_by_id is_null="1"/>
				<major_rev>A</major_rev>
				<managed_by_id is_null="1"/>
				<minor_rev is_null="1"/>
				<modified_by_id keyed_name="Innovator Admin" type="User">30B991F927274FA3829655F50C99472E</modified_by_id>
				<modified_on>2015-06-17T07:36:42</modified_on>
				<new_version>1</new_version>
				<not_lockable>0</not_lockable>
				<owned_by_id keyed_name="Innovator Admin" type="Identity">DBA5D86402BF43D5976854B8B48FCDD1</owned_by_id>
				<permission_id keyed_name="Default Access" type="Permission" origPermission="9122CD065CF04141B8EFE263FC80BEA4">9122CD065CF04141B8EFE263FC80BEA4</permission_id>
				<related_id is_null="1"/>
				<sort_order>30</sort_order>
				<source_id keyed_name="Classification Search Parameter Grid 1" type="fgc_Configuration">9048D3E919EB4881B8782F5EB963803D</source_id>
				<state is_null="1"/>
				<team_id is_null="1"/>
				<col_name>CHAR_TYPE</col_name>
				<mapped_property>characteristic_value_type</mapped_property>
			</Item>
			<Item type="fgc_Item Prop MappingDef" typeId="7179707242CF4288B56DD5BD929F6431" id="ABD8032D4CDE4B41BADF89ACE34E5543">
				<behavior>float</behavior>
				<cell_bg_color is_null="1"/>
				<cell_is_editable>0</cell_is_editable>
				<cell_link_item_type is_null="1"/>
				<cell_link_key is_null="1"/>
				<cell_static_value xml:lang="en"/>
				<cell_text_color is_null="1"/>
				<cell_value_type is_null="1"/>
				<cell_value_type_other is_null="1"/>
				<classification is_null="1"/>
				<config_id keyed_name="UNIT value_unit_of_measure" type="fgc_Item Prop MappingDef">ABD8032D4CDE4B41BADF89ACE34E5543</config_id>
				<created_by_id keyed_name="Innovator Admin" type="User">30B991F927274FA3829655F50C99472E</created_by_id>
				<created_on>2015-06-17T07:36:42</created_on>
				<css is_null="1"/>
				<current_state is_null="1"/>
				<generation>1</generation>
				<id keyed_name="UNIT value_unit_of_measure" type="fgc_Item Prop MappingDef">ABD8032D4CDE4B41BADF89ACE34E5543</id>
				<is_current>1</is_current>
				<is_rel_property>0</is_rel_property>
				<is_released>0</is_released>
				<keyed_name>UNIT value_unit_of_measure</keyed_name>
				<locked_by_id is_null="1"/>
				<major_rev>A</major_rev>
				<managed_by_id is_null="1"/>
				<minor_rev is_null="1"/>
				<modified_by_id keyed_name="Innovator Admin" type="User">30B991F927274FA3829655F50C99472E</modified_by_id>
				<modified_on>2015-06-17T07:36:42</modified_on>
				<new_version>1</new_version>
				<not_lockable>0</not_lockable>
				<owned_by_id keyed_name="Innovator Admin" type="Identity">DBA5D86402BF43D5976854B8B48FCDD1</owned_by_id>
				<permission_id keyed_name="Default Access" type="Permission" origPermission="9122CD065CF04141B8EFE263FC80BEA4">9122CD065CF04141B8EFE263FC80BEA4</permission_id>
				<related_id is_null="1"/>
				<sort_order>35</sort_order>
				<source_id keyed_name="Classification Search Parameter Grid 1" type="fgc_Configuration">9048D3E919EB4881B8782F5EB963803D</source_id>
				<state is_null="1"/>
				<team_id is_null="1"/>
				<col_name>UNIT</col_name>
				<mapped_property>value_unit_of_measure</mapped_property>
			</Item>
			<Item type="fgc_Item Prop MappingDef" typeId="7179707242CF4288B56DD5BD929F6431" id="E6E9430E900344FB92945EB9E0A535CE">
				<behavior>float</behavior>
				<cell_bg_color is_null="1"/>
				<cell_is_editable>1</cell_is_editable>
				<cell_link_item_type is_null="1"/>
				<cell_link_key is_null="1"/>
				<cell_static_value is_null="1" xml:lang="en"/>
				<cell_text_color is_null="1"/>
				<cell_value_type is_null="1"/>
				<cell_value_type_other is_null="1"/>
				<classification is_null="1"/>
				<config_id keyed_name="VALUE value" type="fgc_Item Prop MappingDef">E6E9430E900344FB92945EB9E0A535CE</config_id>
				<created_by_id keyed_name="Innovator Admin" type="User">30B991F927274FA3829655F50C99472E</created_by_id>
				<created_on>2015-06-17T07:36:42</created_on>
				<css is_null="1"/>
				<current_state is_null="1"/>
				<generation>1</generation>
				<id keyed_name="VALUE value" type="fgc_Item Prop MappingDef">E6E9430E900344FB92945EB9E0A535CE</id>
				<is_current>1</is_current>
				<is_rel_property>0</is_rel_property>
				<is_released>0</is_released>
				<keyed_name>VALUE value</keyed_name>
				<locked_by_id is_null="1"/>
				<major_rev>A</major_rev>
				<managed_by_id is_null="1"/>
				<minor_rev is_null="1"/>
				<modified_by_id keyed_name="Innovator Admin" type="User">30B991F927274FA3829655F50C99472E</modified_by_id>
				<modified_on>2015-06-17T07:36:42</modified_on>
				<new_version>1</new_version>
				<not_lockable>0</not_lockable>
				<owned_by_id keyed_name="Innovator Admin" type="Identity">DBA5D86402BF43D5976854B8B48FCDD1</owned_by_id>
				<permission_id keyed_name="Default Access" type="Permission" origPermission="9122CD065CF04141B8EFE263FC80BEA4">9122CD065CF04141B8EFE263FC80BEA4</permission_id>
				<related_id is_null="1"/>
				<sort_order>40</sort_order>
				<source_id keyed_name="Classification Search Parameter Grid 1" type="fgc_Configuration">9048D3E919EB4881B8782F5EB963803D</source_id>
				<state is_null="1"/>
				<team_id is_null="1"/>
				<col_name>VALUE</col_name>
				<mapped_property>value</mapped_property>
			</Item>
			<Item type="fgc_Item Prop MappingDef" typeId="7179707242CF4288B56DD5BD929F6431" id="A411187D952644449F7C81D09DC3007D">
				<behavior>float</behavior>
				<cell_bg_color is_null="1"/>
				<cell_is_editable>0</cell_is_editable>
				<cell_link_item_type is_null="1"/>
				<cell_link_key is_null="1"/>
				<cell_static_value is_null="1" xml:lang="en"/>
				<cell_text_color is_null="1"/>
				<cell_value_type is_null="1"/>
				<cell_value_type_other is_null="1"/>
				<classification is_null="1"/>
				<config_id keyed_name="CLASSPATH item_class_path" type="fgc_Item Prop MappingDef">A411187D952644449F7C81D09DC3007D</config_id>
				<created_by_id keyed_name="Innovator Admin" type="User">30B991F927274FA3829655F50C99472E</created_by_id>
				<created_on>2015-06-17T07:36:42</created_on>
				<css is_null="1"/>
				<current_state is_null="1"/>
				<generation>1</generation>
				<id keyed_name="CLASSPATH item_class_path" type="fgc_Item Prop MappingDef">A411187D952644449F7C81D09DC3007D</id>
				<is_current>1</is_current>
				<is_rel_property>0</is_rel_property>
				<is_released>0</is_released>
				<keyed_name>CLASSPATH item_class_path</keyed_name>
				<locked_by_id is_null="1"/>
				<major_rev>A</major_rev>
				<managed_by_id is_null="1"/>
				<minor_rev is_null="1"/>
				<modified_by_id keyed_name="Innovator Admin" type="User">30B991F927274FA3829655F50C99472E</modified_by_id>
				<modified_on>2015-06-17T07:36:42</modified_on>
				<new_version>1</new_version>
				<not_lockable>0</not_lockable>
				<owned_by_id keyed_name="Innovator Admin" type="Identity">DBA5D86402BF43D5976854B8B48FCDD1</owned_by_id>
				<permission_id keyed_name="Default Access" type="Permission" origPermission="9122CD065CF04141B8EFE263FC80BEA4">9122CD065CF04141B8EFE263FC80BEA4</permission_id>
				<related_id is_null="1"/>
				<sort_order>50</sort_order>
				<source_id keyed_name="Classification Search Parameter Grid 1" type="fgc_Configuration">9048D3E919EB4881B8782F5EB963803D</source_id>
				<state is_null="1"/>
				<team_id is_null="1"/>
				<col_name>CLASSPATH</col_name>
				<mapped_property>item_class_path</mapped_property>
			</Item>
		</Relationships>
	</Item>

</AML>