﻿<AML>
 <Item type="RelationshipType" id="64583275C42F4576AE6D63AE160941A2" action="add" dependencyLevel="0">
  <auto_search>1</auto_search>
  <behavior>float</behavior>
  <copy_permissions>0</copy_permissions>
  <create_related>0</create_related>
  <hide_in_all>0</hide_in_all>
  <inc_rel_key_name>1</inc_rel_key_name>
  <inc_related_key_name>1</inc_related_key_name>
  <is_list_type>0</is_list_type>
  <label xml:lang="en">Toolbar Items</label>
  <new_show_related>0</new_show_related>
  <related_notnull>0</related_notnull>
  <related_option>2</related_option>
  <relationship_id keyed_name="fgc_Toolbar Element" type="ItemType" name="fgc_Toolbar Element">
   <Item type="ItemType" id="42FE71D769E14FC2BFD6964A538E0883" action="add">
    <allow_private_permission>1</allow_private_permission>
    <auto_search>0</auto_search>
    <enforce_discovery>0</enforce_discovery>
    <hide_where_used>0</hide_where_used>
    <implementation_type>table</implementation_type>
    <instance_data>FGC_TOOLBAR_ELEMENT</instance_data>
    <is_dependent>0</is_dependent>
    <is_relationship>1</is_relationship>
    <is_versionable>0</is_versionable>
    <revisions keyed_name="Default" type="Revision">7FE395DD8B9F4E1090756A34B733D75E</revisions>
    <show_parameters_tab>1</show_parameters_tab>
    <structure_view>tabs on</structure_view>
    <unlock_on_logout>0</unlock_on_logout>
    <use_src_access>1</use_src_access>
    <name>fgc_Toolbar Element</name>
    <Relationships>
     <Item type="Property" id="F56F5376406140CEAD0535F20A283A3A" action="add">
      <column_alignment>center</column_alignment>
      <column_width>90</column_width>
      <data_type>boolean</data_type>
      <is_hidden>0</is_hidden>
      <is_hidden2>0</is_hidden2>
      <is_indexed>0</is_indexed>
      <is_keyed>0</is_keyed>
      <is_multi_valued>0</is_multi_valued>
      <is_required>0</is_required>
      <label xml:lang="en"> disabled (on load)</label>
      <range_inclusive>0</range_inclusive>
      <readonly>0</readonly>
      <sort_order>3</sort_order>
      <source_id keyed_name="fgc_Toolbar Element" type="ItemType" name="fgc_Toolbar Element">42FE71D769E14FC2BFD6964A538E0883</source_id>
      <track_history>0</track_history>
      <name>element_disabled</name>
     </Item>
     <Item type="Property" id="736AEDD13F834C22991524D6F4AC7BEC" action="add">
      <column_alignment>left</column_alignment>
      <column_width>80</column_width>
      <data_type>string</data_type>
      <is_hidden>0</is_hidden>
      <is_hidden2>0</is_hidden2>
      <is_indexed>0</is_indexed>
      <is_keyed>0</is_keyed>
      <is_multi_valued>0</is_multi_valued>
      <is_required>1</is_required>
      <keyed_name_order>2</keyed_name_order>
      <label xml:lang="en">id</label>
      <range_inclusive>0</range_inclusive>
      <readonly>0</readonly>
      <sort_order>2</sort_order>
      <source_id keyed_name="fgc_Toolbar Element" type="ItemType" name="fgc_Toolbar Element">42FE71D769E14FC2BFD6964A538E0883</source_id>
      <stored_length>80</stored_length>
      <track_history>0</track_history>
      <name>element_id</name>
     </Item>
     <Item type="Property" id="7E79F42E5A5841D1A28DA8EBA2832B41" action="add">
      <column_alignment>left</column_alignment>
      <column_width>150</column_width>
      <data_type>string</data_type>
      <is_hidden>0</is_hidden>
      <is_hidden2>0</is_hidden2>
      <is_indexed>0</is_indexed>
      <is_keyed>0</is_keyed>
      <is_multi_valued>0</is_multi_valued>
      <is_required>0</is_required>
      <label xml:lang="en">image</label>
      <range_inclusive>0</range_inclusive>
      <readonly>0</readonly>
      <sort_order>6</sort_order>
      <source_id keyed_name="fgc_Toolbar Element" type="ItemType" name="fgc_Toolbar Element">42FE71D769E14FC2BFD6964A538E0883</source_id>
      <stored_length>128</stored_length>
      <track_history>0</track_history>
      <name>element_image</name>
     </Item>
     <Item type="Property" id="2302BE41C9CF424AACF4D7D6A35DECA7" action="add">
      <column_alignment>left</column_alignment>
      <column_width>100</column_width>
      <data_type>ml_string</data_type>
      <is_hidden>0</is_hidden>
      <is_hidden2>0</is_hidden2>
      <is_indexed>0</is_indexed>
      <is_keyed>0</is_keyed>
      <is_multi_valued>0</is_multi_valued>
      <is_required>0</is_required>
      <label xml:lang="en">label</label>
      <range_inclusive>0</range_inclusive>
      <readonly>0</readonly>
      <sort_order>5</sort_order>
      <source_id keyed_name="fgc_Toolbar Element" type="ItemType" name="fgc_Toolbar Element">42FE71D769E14FC2BFD6964A538E0883</source_id>
      <stored_length>80</stored_length>
      <track_history>0</track_history>
      <name>element_label</name>
     </Item>
     <Item type="Property" id="58985E05299F415E8373C15710E6C615" action="add">
      <column_alignment>left</column_alignment>
      <column_width>60</column_width>
      <data_type>string</data_type>
      <is_hidden>0</is_hidden>
      <is_hidden2>0</is_hidden2>
      <is_indexed>0</is_indexed>
      <is_keyed>0</is_keyed>
      <is_multi_valued>0</is_multi_valued>
      <is_required>0</is_required>
      <label xml:lang="en">size (Text Element)</label>
      <range_inclusive>0</range_inclusive>
      <readonly>0</readonly>
      <sort_order>8</sort_order>
      <source_id keyed_name="fgc_Toolbar Element" type="ItemType" name="fgc_Toolbar Element">42FE71D769E14FC2BFD6964A538E0883</source_id>
      <stored_length>10</stored_length>
      <track_history>0</track_history>
      <name>element_size</name>
     </Item>
     <Item type="Property" id="2D6A68869F4B49E6B03587632C60AD24" action="add">
      <column_alignment>left</column_alignment>
      <column_width>150</column_width>
      <data_type>string</data_type>
      <is_hidden>0</is_hidden>
      <is_hidden2>0</is_hidden2>
      <is_indexed>0</is_indexed>
      <is_keyed>0</is_keyed>
      <is_multi_valued>0</is_multi_valued>
      <is_required>0</is_required>
      <label xml:lang="en">style</label>
      <range_inclusive>0</range_inclusive>
      <readonly>0</readonly>
      <sort_order>9</sort_order>
      <source_id keyed_name="fgc_Toolbar Element" type="ItemType" name="fgc_Toolbar Element">42FE71D769E14FC2BFD6964A538E0883</source_id>
      <stored_length>128</stored_length>
      <track_history>0</track_history>
      <name>element_style</name>
     </Item>
     <Item type="Property" id="C6855EC67BC740F394EA2D5497ED390D" action="add">
      <column_alignment>left</column_alignment>
      <column_width>100</column_width>
      <data_type>ml_string</data_type>
      <is_hidden>0</is_hidden>
      <is_hidden2>0</is_hidden2>
      <is_indexed>0</is_indexed>
      <is_keyed>0</is_keyed>
      <is_multi_valued>0</is_multi_valued>
      <is_required>0</is_required>
      <label xml:lang="en">text</label>
      <range_inclusive>0</range_inclusive>
      <readonly>0</readonly>
      <sort_order>4</sort_order>
      <source_id keyed_name="fgc_Toolbar Element" type="ItemType" name="fgc_Toolbar Element">42FE71D769E14FC2BFD6964A538E0883</source_id>
      <stored_length>80</stored_length>
      <track_history>0</track_history>
      <name>element_text</name>
     </Item>
     <Item type="Property" id="71E0CB666B144C399373AEBEC4E58003" action="add">
      <column_alignment>left</column_alignment>
      <column_width>100</column_width>
      <data_type>string</data_type>
      <is_hidden>0</is_hidden>
      <is_hidden2>0</is_hidden2>
      <is_indexed>0</is_indexed>
      <is_keyed>0</is_keyed>
      <is_multi_valued>0</is_multi_valued>
      <is_required>0</is_required>
      <label xml:lang="en">tooltip</label>
      <range_inclusive>0</range_inclusive>
      <readonly>0</readonly>
      <sort_order>7</sort_order>
      <source_id keyed_name="fgc_Toolbar Element" type="ItemType" name="fgc_Toolbar Element">42FE71D769E14FC2BFD6964A538E0883</source_id>
      <stored_length>80</stored_length>
      <track_history>0</track_history>
      <name>element_tooltip</name>
     </Item>
     <Item type="Property" id="55FE7005A53546998141A41CA463712D" action="add">
      <column_alignment>left</column_alignment>
      <column_width>80</column_width>
      <data_source keyed_name="tgc_Toolbar Element Types">020922885E7546378D3779CE1F35CE70</data_source>
      <data_type>list</data_type>
      <is_hidden>0</is_hidden>
      <is_hidden2>0</is_hidden2>
      <is_indexed>0</is_indexed>
      <is_keyed>0</is_keyed>
      <is_multi_valued>0</is_multi_valued>
      <is_required>1</is_required>
      <keyed_name_order>1</keyed_name_order>
      <label xml:lang="en">Element Type</label>
      <range_inclusive>0</range_inclusive>
      <readonly>0</readonly>
      <sort_order>1</sort_order>
      <source_id keyed_name="fgc_Toolbar Element" type="ItemType" name="fgc_Toolbar Element">42FE71D769E14FC2BFD6964A538E0883</source_id>
      <stored_length>256</stored_length>
      <track_history>0</track_history>
      <name>element_type</name>
     </Item>
     <Item type="Property" id="731E62020E5A4221B3D0FADB8E061CDE" action="add">
      <column_alignment>center</column_alignment>
      <column_width>70</column_width>
      <data_type>boolean</data_type>
      <default_value xml:lang="en">0</default_value>
      <is_hidden>0</is_hidden>
      <is_hidden2>0</is_hidden2>
      <is_indexed>0</is_indexed>
      <is_keyed>0</is_keyed>
      <is_multi_valued>0</is_multi_valued>
      <is_required>0</is_required>
      <label xml:lang="en">Ignore Element</label>
      <range_inclusive>0</range_inclusive>
      <readonly>0</readonly>
      <sort_order>2</sort_order>
      <source_id keyed_name="fgc_Toolbar Element" type="ItemType" name="fgc_Toolbar Element">42FE71D769E14FC2BFD6964A538E0883</source_id>
      <track_history>0</track_history>
      <name>is_ignore_element</name>
     </Item>
     <Item type="View" id="21336418FBCB443A9997DC575D09393D" action="add">
      <client>js</client>
      <related_id keyed_name="fgc_Toolbar Element" type="Form">B692CBE7A7AC4A50B0333773D3C5F01B</related_id>
      <role keyed_name="World" type="Identity">
       <Item type="Identity" action="get" select="id">
        <name>World</name>
       </Item>
      </role>
      <show_ssvc>0</show_ssvc>
      <sort_order>128</sort_order>
      <source_id keyed_name="fgc_Toolbar Element" type="ItemType" name="fgc_Toolbar Element">42FE71D769E14FC2BFD6964A538E0883</source_id>
      <type>default</type>
     </Item>
    </Relationships>
   </Item>
  </relationship_id>
  <sort_order>15</sort_order>
  <source_id keyed_name="fgc_Configuration" type="ItemType" name="fgc_Configuration">362FB8A676BC4A50B430FA6FA79EAD3F</source_id>
  <name>fgc_Toolbar Element</name>
 </Item>
 <Item type="ItemType" id="42FE71D769E14FC2BFD6964A538E0883" action="edit">
  <Relationships>
   <Item type="Property" action="edit" where="source_id='42FE71D769E14FC2BFD6964A538E0883' and name='sort_order'">
    <column_alignment>left</column_alignment>
    <column_width>40</column_width>
    <data_type>integer</data_type>
    <is_hidden>0</is_hidden>
    <is_hidden2>0</is_hidden2>
    <is_indexed>0</is_indexed>
    <is_keyed>0</is_keyed>
    <is_multi_valued>0</is_multi_valued>
    <is_required>0</is_required>
    <label xml:lang="en">Pos</label>
    <range_inclusive>0</range_inclusive>
    <readonly>0</readonly>
    <sort_order>0</sort_order>
    <source_id keyed_name="fgc_Toolbar Element" type="ItemType" name="fgc_Toolbar Element">42FE71D769E14FC2BFD6964A538E0883</source_id>
    <track_history>0</track_history>
    <name>sort_order</name>
   </Item>
  </Relationships>
 </Item>
</AML>