﻿<AML>
 <Item type="RelationshipType" id="3A6A5CBC73514270A5482F2E2BE916CA" action="add" dependencyLevel="0">
  <auto_search>1</auto_search>
  <behavior>float</behavior>
  <copy_permissions>0</copy_permissions>
  <create_related>0</create_related>
  <hide_in_all>0</hide_in_all>
  <inc_rel_key_name>1</inc_rel_key_name>
  <inc_related_key_name>1</inc_related_key_name>
  <is_list_type>0</is_list_type>
  <label xml:lang="en">Grid Row Property Mappings</label>
  <new_show_related>0</new_show_related>
  <related_notnull>0</related_notnull>
  <related_option>2</related_option>
  <relationship_id keyed_name="fgc_Item Prop MappingDef" type="ItemType" name="fgc_Item Prop MappingDef">
   <Item type="ItemType" id="7179707242CF4288B56DD5BD929F6431" action="add">
    <allow_private_permission>1</allow_private_permission>
    <auto_search>0</auto_search>
    <enforce_discovery>0</enforce_discovery>
    <hide_where_used>0</hide_where_used>
    <implementation_type>table</implementation_type>
    <instance_data>FGC_ITEM_PROP_MAPPINGDEF</instance_data>
    <is_dependent>0</is_dependent>
    <is_relationship>1</is_relationship>
    <is_versionable>0</is_versionable>
    <revisions keyed_name="Default" type="Revision">7FE395DD8B9F4E1090756A34B733D75E</revisions>
    <show_parameters_tab>1</show_parameters_tab>
    <structure_view>tabs off</structure_view>
    <unlock_on_logout>0</unlock_on_logout>
    <use_src_access>1</use_src_access>
    <name>fgc_Item Prop MappingDef</name>
    <Relationships>
     <Item type="Property" id="DCBE95A256CB4DF6AEE92C3739DAD2A7" action="add">
      <column_alignment>left</column_alignment>
      <column_width>100</column_width>
      <data_type>string</data_type>
      <is_hidden>0</is_hidden>
      <is_hidden2>0</is_hidden2>
      <is_indexed>0</is_indexed>
      <is_keyed>0</is_keyed>
      <is_multi_valued>0</is_multi_valued>
      <is_required>0</is_required>
      <label xml:lang="en">Color</label>
      <range_inclusive>0</range_inclusive>
      <readonly>0</readonly>
      <sort_order>104</sort_order>
      <source_id keyed_name="fgc_Item Prop MappingDef" type="ItemType" name="fgc_Item Prop MappingDef">7179707242CF4288B56DD5BD929F6431</source_id>
      <stored_length>40</stored_length>
      <track_history>0</track_history>
      <name>cell_bg_color</name>
     </Item>
     <Item type="Property" id="8D28615476524735BFA4311288F15E85" action="add">
      <column_alignment>center</column_alignment>
      <column_width>80</column_width>
      <data_type>boolean</data_type>
      <is_hidden>0</is_hidden>
      <is_hidden2>0</is_hidden2>
      <is_indexed>0</is_indexed>
      <is_keyed>0</is_keyed>
      <is_multi_valued>0</is_multi_valued>
      <is_required>0</is_required>
      <label xml:lang="en">is Editable</label>
      <range_inclusive>0</range_inclusive>
      <readonly>0</readonly>
      <sort_order>108</sort_order>
      <source_id keyed_name="fgc_Item Prop MappingDef" type="ItemType" name="fgc_Item Prop MappingDef">7179707242CF4288B56DD5BD929F6431</source_id>
      <track_history>0</track_history>
      <name>cell_is_editable</name>
     </Item>
     <Item type="Property" id="167322B33294451BA14E5696F15B361A" action="add">
      <column_alignment>left</column_alignment>
      <column_width>150</column_width>
      <data_type>string</data_type>
      <is_hidden>0</is_hidden>
      <is_hidden2>0</is_hidden2>
      <is_indexed>0</is_indexed>
      <is_keyed>0</is_keyed>
      <is_multi_valued>0</is_multi_valued>
      <is_required>0</is_required>
      <label xml:lang="en">Cell Link Item Type</label>
      <range_inclusive>0</range_inclusive>
      <readonly>0</readonly>
      <sort_order>107</sort_order>
      <source_id keyed_name="fgc_Item Prop MappingDef" type="ItemType" name="fgc_Item Prop MappingDef">7179707242CF4288B56DD5BD929F6431</source_id>
      <stored_length>64</stored_length>
      <track_history>0</track_history>
      <name>cell_link_item_type</name>
     </Item>
     <Item type="Property" id="70DE09B8484B43FC8F4FEEE28974B473" action="add">
      <column_alignment>left</column_alignment>
      <column_width>80</column_width>
      <data_source keyed_name="tgc_LinkKey Types">85821BDCC1B549A5AC92D74AEBE6A414</data_source>
      <data_type>list</data_type>
      <is_hidden>0</is_hidden>
      <is_hidden2>0</is_hidden2>
      <is_indexed>0</is_indexed>
      <is_keyed>0</is_keyed>
      <is_multi_valued>0</is_multi_valued>
      <is_required>0</is_required>
      <label xml:lang="en">Cell Link Key</label>
      <range_inclusive>0</range_inclusive>
      <readonly>0</readonly>
      <sort_order>106</sort_order>
      <source_id keyed_name="fgc_Item Prop MappingDef" type="ItemType" name="fgc_Item Prop MappingDef">7179707242CF4288B56DD5BD929F6431</source_id>
      <stored_length>256</stored_length>
      <track_history>0</track_history>
      <name>cell_link_key</name>
     </Item>
     <Item type="Property" id="5D5B61460D27468C8B524CB8C7C7444E" action="add">
      <column_alignment>left</column_alignment>
      <column_width>100</column_width>
      <data_type>ml_string</data_type>
      <is_hidden>0</is_hidden>
      <is_hidden2>0</is_hidden2>
      <is_indexed>0</is_indexed>
      <is_keyed>0</is_keyed>
      <is_multi_valued>0</is_multi_valued>
      <is_required>0</is_required>
      <label xml:lang="en">Cell Static Value</label>
      <range_inclusive>0</range_inclusive>
      <readonly>0</readonly>
      <sort_order>101</sort_order>
      <source_id keyed_name="fgc_Item Prop MappingDef" type="ItemType" name="fgc_Item Prop MappingDef">7179707242CF4288B56DD5BD929F6431</source_id>
      <stored_length>255</stored_length>
      <track_history>0</track_history>
      <name>cell_static_value</name>
     </Item>
     <Item type="Property" id="1C98E8F3111E46F2A9C8B24C1C0922E8" action="add">
      <column_alignment>left</column_alignment>
      <column_width>100</column_width>
      <data_type>string</data_type>
      <is_hidden>0</is_hidden>
      <is_hidden2>0</is_hidden2>
      <is_indexed>0</is_indexed>
      <is_keyed>0</is_keyed>
      <is_multi_valued>0</is_multi_valued>
      <is_required>0</is_required>
      <label xml:lang="en">Cell Text Color</label>
      <range_inclusive>0</range_inclusive>
      <readonly>0</readonly>
      <sort_order>105</sort_order>
      <source_id keyed_name="fgc_Item Prop MappingDef" type="ItemType" name="fgc_Item Prop MappingDef">7179707242CF4288B56DD5BD929F6431</source_id>
      <stored_length>10</stored_length>
      <track_history>0</track_history>
      <name>cell_text_color</name>
     </Item>
     <Item type="Property" id="C16C3CB4E04844BDAAC96799AB373765" action="add">
      <column_alignment>left</column_alignment>
      <column_width>80</column_width>
      <data_source keyed_name="tgc_PropMapping Value Types">BFD98BA0E0F743DFAC878036479C3200</data_source>
      <data_type>list</data_type>
      <is_hidden>0</is_hidden>
      <is_hidden2>0</is_hidden2>
      <is_indexed>0</is_indexed>
      <is_keyed>0</is_keyed>
      <is_multi_valued>0</is_multi_valued>
      <is_required>0</is_required>
      <label xml:lang="en">Cell Value Type</label>
      <range_inclusive>0</range_inclusive>
      <readonly>0</readonly>
      <sort_order>102</sort_order>
      <source_id keyed_name="fgc_Item Prop MappingDef" type="ItemType" name="fgc_Item Prop MappingDef">7179707242CF4288B56DD5BD929F6431</source_id>
      <stored_length>256</stored_length>
      <track_history>0</track_history>
      <name>cell_value_type</name>
     </Item>
     <Item type="Property" id="F881E9A7B992476B80C4DB6A14375778" action="add">
      <column_alignment>left</column_alignment>
      <column_width>100</column_width>
      <data_type>string</data_type>
      <is_hidden>0</is_hidden>
      <is_hidden2>0</is_hidden2>
      <is_indexed>0</is_indexed>
      <is_keyed>0</is_keyed>
      <is_multi_valued>0</is_multi_valued>
      <is_required>0</is_required>
      <label xml:lang="en">Other Cell Value Type</label>
      <range_inclusive>0</range_inclusive>
      <readonly>0</readonly>
      <sort_order>103</sort_order>
      <source_id keyed_name="fgc_Item Prop MappingDef" type="ItemType" name="fgc_Item Prop MappingDef">7179707242CF4288B56DD5BD929F6431</source_id>
      <stored_length>256</stored_length>
      <track_history>0</track_history>
      <name>cell_value_type_other</name>
     </Item>
     <Item type="Property" id="47BF9090956E4F489A80AC1A989CFCA2" action="add">
      <column_alignment>left</column_alignment>
      <column_width>100</column_width>
      <data_type>string</data_type>
      <is_hidden>0</is_hidden>
      <is_hidden2>0</is_hidden2>
      <is_indexed>0</is_indexed>
      <is_keyed>0</is_keyed>
      <is_multi_valued>0</is_multi_valued>
      <is_required>1</is_required>
      <keyed_name_order>1</keyed_name_order>
      <label xml:lang="en">Column Name</label>
      <range_inclusive>0</range_inclusive>
      <readonly>0</readonly>
      <sort_order>10</sort_order>
      <source_id keyed_name="fgc_Item Prop MappingDef" type="ItemType" name="fgc_Item Prop MappingDef">7179707242CF4288B56DD5BD929F6431</source_id>
      <stored_length>64</stored_length>
      <track_history>0</track_history>
      <name>col_name</name>
     </Item>
     <Item type="Property" id="05BA6E04332A421AB259B74CA308246C" action="add">
      <column_alignment>center</column_alignment>
      <column_width>80</column_width>
      <data_type>boolean</data_type>
      <is_hidden>0</is_hidden>
      <is_hidden2>0</is_hidden2>
      <is_indexed>0</is_indexed>
      <is_keyed>0</is_keyed>
      <is_multi_valued>0</is_multi_valued>
      <is_required>0</is_required>
      <label xml:lang="en">Is Rel Property</label>
      <range_inclusive>0</range_inclusive>
      <readonly>0</readonly>
      <sort_order>100</sort_order>
      <source_id keyed_name="fgc_Item Prop MappingDef" type="ItemType" name="fgc_Item Prop MappingDef">7179707242CF4288B56DD5BD929F6431</source_id>
      <track_history>0</track_history>
      <name>is_rel_property</name>
     </Item>
     <Item type="Property" id="754C04484AB442D18183522626345798" action="add">
      <column_alignment>left</column_alignment>
      <column_width>200</column_width>
      <data_type>string</data_type>
      <is_hidden>0</is_hidden>
      <is_hidden2>0</is_hidden2>
      <is_indexed>0</is_indexed>
      <is_keyed>0</is_keyed>
      <is_multi_valued>0</is_multi_valued>
      <is_required>0</is_required>
      <keyed_name_order>2</keyed_name_order>
      <label xml:lang="en">Property  Name</label>
      <range_inclusive>0</range_inclusive>
      <readonly>0</readonly>
      <sort_order>15</sort_order>
      <source_id keyed_name="fgc_Item Prop MappingDef" type="ItemType" name="fgc_Item Prop MappingDef">7179707242CF4288B56DD5BD929F6431</source_id>
      <stored_length>80</stored_length>
      <track_history>0</track_history>
      <name>mapped_property</name>
     </Item>
     <Item type="View" id="9907F6477D0C425C8550D6D2A263F537" action="add">
      <client>js</client>
      <related_id keyed_name="fgc_Item Prop MappingDef" type="Form">16DC2A0CCD524C2BA58409A811D2C88B</related_id>
      <role keyed_name="World" type="Identity">
       <Item type="Identity" action="get" select="id">
        <name>World</name>
       </Item>
      </role>
      <show_ssvc>0</show_ssvc>
      <sort_order>128</sort_order>
      <source_id keyed_name="fgc_Item Prop MappingDef" type="ItemType" name="fgc_Item Prop MappingDef">7179707242CF4288B56DD5BD929F6431</source_id>
      <type>default</type>
     </Item>
    </Relationships>
   </Item>
  </relationship_id>
  <sort_order>30</sort_order>
  <source_id keyed_name="fgc_Configuration" type="ItemType" name="fgc_Configuration">362FB8A676BC4A50B430FA6FA79EAD3F</source_id>
  <name>fgc_Item Prop MappingDef</name>
 </Item>
 <Item type="ItemType" id="7179707242CF4288B56DD5BD929F6431" action="edit">
  <Relationships>
   <Item type="Property" action="edit" where="source_id='7179707242CF4288B56DD5BD929F6431' and name='sort_order'">
    <column_alignment>left</column_alignment>
    <column_width>40</column_width>
    <data_type>integer</data_type>
    <is_hidden>0</is_hidden>
    <is_hidden2>0</is_hidden2>
    <is_indexed>0</is_indexed>
    <is_keyed>0</is_keyed>
    <is_multi_valued>0</is_multi_valued>
    <is_required>0</is_required>
    <label xml:lang="en">Pos</label>
    <range_inclusive>0</range_inclusive>
    <readonly>0</readonly>
    <sort_order>5</sort_order>
    <source_id keyed_name="fgc_Item Prop MappingDef" type="ItemType" name="fgc_Item Prop MappingDef">7179707242CF4288B56DD5BD929F6431</source_id>
    <track_history>0</track_history>
    <name>sort_order</name>
   </Item>
  </Relationships>
 </Item>
</AML>