﻿<AML>
 <Item type="RelationshipType" id="7B5D8AB6B4C942D49986D92F4609C734" action="add" dependencyLevel="2">
  <auto_search>1</auto_search>
  <behavior>float</behavior>
  <copy_permissions>0</copy_permissions>
  <create_related>0</create_related>
  <hide_in_all>0</hide_in_all>
  <inc_rel_key_name>1</inc_rel_key_name>
  <inc_related_key_name>1</inc_related_key_name>
  <is_list_type>0</is_list_type>
  <label xml:lang="en">Menu Actions</label>
  <new_show_related>1</new_show_related>
  <related_notnull>0</related_notnull>
  <related_option>1</related_option>
  <relationship_id keyed_name="tgc_RelQuery MenuAction" type="ItemType" name="tgc_RelQuery MenuAction">
   <Item type="ItemType" id="A3398F4E61CC44409F5AB19F076FF353" action="add">
    <allow_private_permission>1</allow_private_permission>
    <auto_search>0</auto_search>
    <enforce_discovery>0</enforce_discovery>
    <hide_where_used>0</hide_where_used>
    <implementation_type>table</implementation_type>
    <instance_data>TGC_RELQUERY_MENUACTION</instance_data>
    <is_dependent>0</is_dependent>
    <is_relationship>1</is_relationship>
    <is_versionable>0</is_versionable>
    <label xml:lang="en">Rel Menu Action</label>
    <label_plural xml:lang="en">Rel Menu Actions</label_plural>
    <open_icon>../images/RelationshipType.svg</open_icon>
    <revisions keyed_name="Default" type="Revision">7FE395DD8B9F4E1090756A34B733D75E</revisions>
    <show_parameters_tab>1</show_parameters_tab>
    <structure_view>tabs off</structure_view>
    <unlock_on_logout>0</unlock_on_logout>
    <use_src_access>1</use_src_access>
    <name>tgc_RelQuery MenuAction</name>
    <Relationships>
     <Item type="Property" id="17F476A1BAF7431A8B3491C83EFB427A" action="add">
      <column_alignment>left</column_alignment>
      <column_width>100</column_width>
      <data_type>string</data_type>
      <is_hidden>0</is_hidden>
      <is_hidden2>0</is_hidden2>
      <is_indexed>0</is_indexed>
      <is_keyed>0</is_keyed>
      <is_multi_valued>0</is_multi_valued>
      <is_required>0</is_required>
      <label xml:lang="en">Execute This Action</label>
      <range_inclusive>0</range_inclusive>
      <readonly>0</readonly>
      <sort_order>13</sort_order>
      <source_id keyed_name="tgc_RelQuery MenuAction" type="ItemType" name="tgc_RelQuery MenuAction">A3398F4E61CC44409F5AB19F076FF353</source_id>
      <stored_length>80</stored_length>
      <track_history>0</track_history>
      <name>execute_this_action</name>
     </Item>
     <Item type="Property" id="8629FC17F8D04F3AB6E22446B6D3238C" action="add">
      <column_alignment>left</column_alignment>
      <column_width>80</column_width>
      <data_source keyed_name="tgc_effectivity Modes">F70BA0857A1D4CE68D760938B8A624AE</data_source>
      <data_type>list</data_type>
      <is_hidden>0</is_hidden>
      <is_hidden2>0</is_hidden2>
      <is_indexed>0</is_indexed>
      <is_keyed>0</is_keyed>
      <is_multi_valued>0</is_multi_valued>
      <is_required>0</is_required>
      <label xml:lang="en">If Effectivity Mode</label>
      <range_inclusive>0</range_inclusive>
      <readonly>0</readonly>
      <sort_order>23</sort_order>
      <source_id keyed_name="tgc_RelQuery MenuAction" type="ItemType" name="tgc_RelQuery MenuAction">A3398F4E61CC44409F5AB19F076FF353</source_id>
      <stored_length>256</stored_length>
      <track_history>0</track_history>
      <name>if_effectivity_mode</name>
     </Item>
     <Item type="Property" id="563D0821D2844AF0BC0B5D99E7ECCFAA" action="add">
      <column_alignment>left</column_alignment>
      <column_width>80</column_width>
      <data_source keyed_name="tgc_True_False">5EB366A1569446DFB13B264EC71B981C</data_source>
      <data_type>list</data_type>
      <is_hidden>0</is_hidden>
      <is_hidden2>0</is_hidden2>
      <is_indexed>0</is_indexed>
      <is_keyed>0</is_keyed>
      <is_multi_valued>0</is_multi_valued>
      <is_required>0</is_required>
      <label xml:lang="en">If Grid Is Editable</label>
      <range_inclusive>0</range_inclusive>
      <readonly>0</readonly>
      <sort_order>15</sort_order>
      <source_id keyed_name="tgc_RelQuery MenuAction" type="ItemType" name="tgc_RelQuery MenuAction">A3398F4E61CC44409F5AB19F076FF353</source_id>
      <stored_length>256</stored_length>
      <track_history>0</track_history>
      <name>if_grid_is_editable</name>
     </Item>
     <Item type="Property" id="25F24C76B20B469098CD5A4EA06606E0" action="add">
      <column_alignment>left</column_alignment>
      <column_width>80</column_width>
      <data_source keyed_name="tgc_True_False">5EB366A1569446DFB13B264EC71B981C</data_source>
      <data_type>list</data_type>
      <default_value xml:lang="en">false</default_value>
      <is_hidden>0</is_hidden>
      <is_hidden2>0</is_hidden2>
      <is_indexed>0</is_indexed>
      <is_keyed>0</is_keyed>
      <is_multi_valued>0</is_multi_valued>
      <is_required>0</is_required>
      <label xml:lang="en">If Group Row</label>
      <range_inclusive>0</range_inclusive>
      <readonly>0</readonly>
      <sort_order>19</sort_order>
      <source_id keyed_name="tgc_RelQuery MenuAction" type="ItemType" name="tgc_RelQuery MenuAction">A3398F4E61CC44409F5AB19F076FF353</source_id>
      <stored_length>256</stored_length>
      <track_history>0</track_history>
      <name>if_is_group_row</name>
     </Item>
     <Item type="Property" id="06797C6C56C947B592216320F0771402" action="add">
      <column_alignment>left</column_alignment>
      <column_width>80</column_width>
      <data_source keyed_name="tgc_True_False">5EB366A1569446DFB13B264EC71B981C</data_source>
      <data_type>list</data_type>
      <is_hidden>0</is_hidden>
      <is_hidden2>0</is_hidden2>
      <is_indexed>0</is_indexed>
      <is_keyed>0</is_keyed>
      <is_multi_valued>0</is_multi_valued>
      <is_required>0</is_required>
      <label xml:lang="en">If User is Owner Or Manager of Row Item</label>
      <range_inclusive>0</range_inclusive>
      <readonly>0</readonly>
      <sort_order>18</sort_order>
      <source_id keyed_name="tgc_RelQuery MenuAction" type="ItemType" name="tgc_RelQuery MenuAction">A3398F4E61CC44409F5AB19F076FF353</source_id>
      <stored_length>256</stored_length>
      <track_history>0</track_history>
      <name>if_is_owner_manager_of_row_item</name>
     </Item>
     <Item type="Property" id="A2857A77ED644C11B11A9063B0456D6F" action="add">
      <column_alignment>left</column_alignment>
      <column_width>80</column_width>
      <data_source keyed_name="tgc_True_False">5EB366A1569446DFB13B264EC71B981C</data_source>
      <data_type>list</data_type>
      <is_hidden>0</is_hidden>
      <is_hidden2>0</is_hidden2>
      <is_indexed>0</is_indexed>
      <is_keyed>0</is_keyed>
      <is_multi_valued>0</is_multi_valued>
      <is_required>0</is_required>
      <label xml:lang="en">If User is Owner Of Contect Item</label>
      <range_inclusive>0</range_inclusive>
      <readonly>0</readonly>
      <sort_order>17</sort_order>
      <source_id keyed_name="tgc_RelQuery MenuAction" type="ItemType" name="tgc_RelQuery MenuAction">A3398F4E61CC44409F5AB19F076FF353</source_id>
      <stored_length>256</stored_length>
      <track_history>0</track_history>
      <name>if_is_owner_of_context_item</name>
     </Item>
     <Item type="Property" id="C335CDCD70BC486D932E1B093DF30ADB" action="add">
      <column_alignment>left</column_alignment>
      <column_width>80</column_width>
      <data_source keyed_name="tgc_True_False">5EB366A1569446DFB13B264EC71B981C</data_source>
      <data_type>list</data_type>
      <is_hidden>0</is_hidden>
      <is_hidden2>0</is_hidden2>
      <is_indexed>0</is_indexed>
      <is_keyed>0</is_keyed>
      <is_multi_valued>0</is_multi_valued>
      <is_required>0</is_required>
      <label xml:lang="en">If User Is Owner Of Row Item</label>
      <range_inclusive>0</range_inclusive>
      <readonly>0</readonly>
      <sort_order>16</sort_order>
      <source_id keyed_name="tgc_RelQuery MenuAction" type="ItemType" name="tgc_RelQuery MenuAction">A3398F4E61CC44409F5AB19F076FF353</source_id>
      <stored_length>256</stored_length>
      <track_history>0</track_history>
      <name>if_is_owner_of_row_item</name>
     </Item>
     <Item type="Property" id="3DBC5240213B4CE6B8B7029634DE8F8A" action="add">
      <column_alignment>left</column_alignment>
      <column_width>80</column_width>
      <data_source keyed_name="tgc_True_False">5EB366A1569446DFB13B264EC71B981C</data_source>
      <data_type>list</data_type>
      <is_hidden>0</is_hidden>
      <is_hidden2>0</is_hidden2>
      <is_indexed>0</is_indexed>
      <is_keyed>0</is_keyed>
      <is_multi_valued>0</is_multi_valued>
      <is_required>0</is_required>
      <label xml:lang="en">If Row Item is Current Version</label>
      <range_inclusive>0</range_inclusive>
      <readonly>0</readonly>
      <sort_order>20</sort_order>
      <source_id keyed_name="tgc_RelQuery MenuAction" type="ItemType" name="tgc_RelQuery MenuAction">A3398F4E61CC44409F5AB19F076FF353</source_id>
      <stored_length>256</stored_length>
      <track_history>0</track_history>
      <name>if_row_item_is_current</name>
     </Item>
     <Item type="Property" id="D6D0ED2F91E447459192D516591C5F87" action="add">
      <column_alignment>left</column_alignment>
      <column_width>80</column_width>
      <data_source keyed_name="tgc_True_False">5EB366A1569446DFB13B264EC71B981C</data_source>
      <data_type>list</data_type>
      <is_hidden>0</is_hidden>
      <is_hidden2>0</is_hidden2>
      <is_indexed>0</is_indexed>
      <is_keyed>0</is_keyed>
      <is_multi_valued>0</is_multi_valued>
      <is_required>0</is_required>
      <label xml:lang="en">If Row Item is Locked</label>
      <range_inclusive>0</range_inclusive>
      <readonly>0</readonly>
      <sort_order>22</sort_order>
      <source_id keyed_name="tgc_RelQuery MenuAction" type="ItemType" name="tgc_RelQuery MenuAction">A3398F4E61CC44409F5AB19F076FF353</source_id>
      <stored_length>256</stored_length>
      <track_history>0</track_history>
      <name>if_row_item_is_locked</name>
     </Item>
     <Item type="Property" id="B91B31A15EBE4D43BAC5D68A8434282C" action="add">
      <column_alignment>left</column_alignment>
      <column_width>80</column_width>
      <data_source keyed_name="tgc_True_False">5EB366A1569446DFB13B264EC71B981C</data_source>
      <data_type>list</data_type>
      <is_hidden>0</is_hidden>
      <is_hidden2>0</is_hidden2>
      <is_indexed>0</is_indexed>
      <is_keyed>0</is_keyed>
      <is_multi_valued>0</is_multi_valued>
      <is_required>0</is_required>
      <label xml:lang="en">If Row Item is Released</label>
      <range_inclusive>0</range_inclusive>
      <readonly>0</readonly>
      <sort_order>21</sort_order>
      <source_id keyed_name="tgc_RelQuery MenuAction" type="ItemType" name="tgc_RelQuery MenuAction">A3398F4E61CC44409F5AB19F076FF353</source_id>
      <stored_length>256</stored_length>
      <track_history>0</track_history>
      <name>if_row_item_is_released</name>
     </Item>
     <Item type="Property" id="F2DAEE8573BF4E419C5799662F5CF44C" action="add">
      <column_alignment>left</column_alignment>
      <column_width>80</column_width>
      <data_source keyed_name="tgc_True_False">5EB366A1569446DFB13B264EC71B981C</data_source>
      <data_type>list</data_type>
      <is_hidden>0</is_hidden>
      <is_hidden2>0</is_hidden2>
      <is_indexed>0</is_indexed>
      <is_keyed>0</is_keyed>
      <is_multi_valued>0</is_multi_valued>
      <is_required>0</is_required>
      <label xml:lang="en">If Started From Tab</label>
      <range_inclusive>0</range_inclusive>
      <readonly>0</readonly>
      <sort_order>14</sort_order>
      <source_id keyed_name="tgc_RelQuery MenuAction" type="ItemType" name="tgc_RelQuery MenuAction">A3398F4E61CC44409F5AB19F076FF353</source_id>
      <stored_length>256</stored_length>
      <track_history>0</track_history>
      <name>if_started_from_tab</name>
     </Item>
     <Item type="Property" id="7403E0021B294FED83720BED9300682B" action="add">
      <column_alignment>center</column_alignment>
      <column_width>60</column_width>
      <data_type>boolean</data_type>
      <is_hidden>0</is_hidden>
      <is_hidden2>0</is_hidden2>
      <is_indexed>0</is_indexed>
      <is_keyed>0</is_keyed>
      <is_multi_valued>0</is_multi_valued>
      <is_required>0</is_required>
      <label xml:lang="en">Disabled</label>
      <range_inclusive>0</range_inclusive>
      <readonly>0</readonly>
      <sort_order>6</sort_order>
      <source_id keyed_name="tgc_RelQuery MenuAction" type="ItemType" name="tgc_RelQuery MenuAction">A3398F4E61CC44409F5AB19F076FF353</source_id>
      <track_history>0</track_history>
      <name>is_disabled</name>
     </Item>
     <Item type="Property" id="5BE0020BE95B40FCA47DC2DDF39FFA3B" action="add">
      <column_alignment>center</column_alignment>
      <column_width>80</column_width>
      <data_type>boolean</data_type>
      <is_hidden>0</is_hidden>
      <is_hidden2>0</is_hidden2>
      <is_indexed>0</is_indexed>
      <is_keyed>0</is_keyed>
      <is_multi_valued>0</is_multi_valued>
      <is_required>0</is_required>
      <label xml:lang="en">Separator</label>
      <range_inclusive>0</range_inclusive>
      <readonly>0</readonly>
      <sort_order>12</sort_order>
      <source_id keyed_name="tgc_RelQuery MenuAction" type="ItemType" name="tgc_RelQuery MenuAction">A3398F4E61CC44409F5AB19F076FF353</source_id>
      <track_history>0</track_history>
      <name>is_separator</name>
     </Item>
     <Item type="Property" id="C65EFB27DEA246CC86112636207A65DB" action="add">
      <column_alignment>left</column_alignment>
      <column_width>100</column_width>
      <data_type>ml_string</data_type>
      <is_hidden>0</is_hidden>
      <is_hidden2>0</is_hidden2>
      <is_indexed>0</is_indexed>
      <is_keyed>0</is_keyed>
      <is_multi_valued>0</is_multi_valued>
      <is_required>0</is_required>
      <label xml:lang="en">Label</label>
      <range_inclusive>0</range_inclusive>
      <readonly>0</readonly>
      <sort_order>11</sort_order>
      <source_id keyed_name="tgc_RelQuery MenuAction" type="ItemType" name="tgc_RelQuery MenuAction">A3398F4E61CC44409F5AB19F076FF353</source_id>
      <stored_length>80</stored_length>
      <track_history>0</track_history>
      <name>label</name>
     </Item>
     <Item type="Property" id="5116E4ACFA9E4BD5BC9E74D53650CA63" action="add">
      <column_alignment>left</column_alignment>
      <column_width>100</column_width>
      <data_type>string</data_type>
      <is_hidden>0</is_hidden>
      <is_hidden2>0</is_hidden2>
      <is_indexed>0</is_indexed>
      <is_keyed>0</is_keyed>
      <is_multi_valued>0</is_multi_valued>
      <is_required>0</is_required>
      <label xml:lang="en">Name</label>
      <range_inclusive>0</range_inclusive>
      <readonly>0</readonly>
      <sort_order>10</sort_order>
      <source_id keyed_name="tgc_RelQuery MenuAction" type="ItemType" name="tgc_RelQuery MenuAction">A3398F4E61CC44409F5AB19F076FF353</source_id>
      <stored_length>80</stored_length>
      <track_history>0</track_history>
      <name>name</name>
     </Item>
     <Item type="View" id="E3B8CE037D814FA5A22752B02DFD9BEF" action="add">
      <client>js</client>
      <related_id keyed_name="tgc_RelQuery MenuAction" type="Form">9F5FE086A5284C6C82C75DF208C714C0</related_id>
      <role keyed_name="World" type="Identity">
       <Item type="Identity" action="get" select="id">
        <name>World</name>
       </Item>
      </role>
      <show_ssvc>0</show_ssvc>
      <sort_order>128</sort_order>
      <source_id keyed_name="tgc_RelQuery MenuAction" type="ItemType" name="tgc_RelQuery MenuAction">A3398F4E61CC44409F5AB19F076FF353</source_id>
      <type>default</type>
     </Item>
    </Relationships>
   </Item>
  </relationship_id>
  <sort_order>256</sort_order>
  <source_id keyed_name="tgc_View Node RelQuery" type="ItemType" name="tgc_View Node RelQuery">B1FC2A0B4CC24F258A3ED537AC397EFC</source_id>
  <name>tgc_RelQuery MenuAction</name>
 </Item>
 <Item type="ItemType" id="A3398F4E61CC44409F5AB19F076FF353" action="edit">
  <Relationships>
   <Item type="Property" action="edit" where="source_id='A3398F4E61CC44409F5AB19F076FF353' and name='sort_order'">
    <column_alignment>left</column_alignment>
    <column_width>80</column_width>
    <data_type>integer</data_type>
    <is_hidden>0</is_hidden>
    <is_hidden2>0</is_hidden2>
    <is_indexed>0</is_indexed>
    <is_keyed>0</is_keyed>
    <is_multi_valued>0</is_multi_valued>
    <is_required>0</is_required>
    <label xml:lang="en">Pos</label>
    <range_inclusive>0</range_inclusive>
    <readonly>0</readonly>
    <sort_order>5</sort_order>
    <source_id keyed_name="tgc_RelQuery MenuAction" type="ItemType" name="tgc_RelQuery MenuAction">A3398F4E61CC44409F5AB19F076FF353</source_id>
    <track_history>0</track_history>
    <name>sort_order</name>
   </Item>
  </Relationships>
 </Item>
</AML>