﻿<AML>
 <Item type="RelationshipType" id="45484A0F8BC44E7FBE11D262260F04FC" action="add" dependencyLevel="0">
  <auto_search>1</auto_search>
  <behavior>float</behavior>
  <copy_permissions>0</copy_permissions>
  <create_related>0</create_related>
  <hide_in_all>0</hide_in_all>
  <inc_rel_key_name>1</inc_rel_key_name>
  <inc_related_key_name>1</inc_related_key_name>
  <is_list_type>0</is_list_type>
  <label xml:lang="en">Views</label>
  <new_show_related>0</new_show_related>
  <related_notnull>0</related_notnull>
  <related_option>1</related_option>
  <relationship_id keyed_name="tgc_View" type="ItemType" name="tgc_View">
   <Item type="ItemType" id="B25E654CC2EA442F874B8E461EAA3C5B" action="add">
    <allow_private_permission>1</allow_private_permission>
    <auto_search>1</auto_search>
    <enforce_discovery>0</enforce_discovery>
    <hide_where_used>0</hide_where_used>
    <implementation_type>table</implementation_type>
    <instance_data>TGC_VIEW</instance_data>
    <is_dependent>0</is_dependent>
    <is_relationship>1</is_relationship>
    <is_versionable>0</is_versionable>
    <label xml:lang="en">View Configuration</label>
    <label_plural xml:lang="en">2_View Configurations</label_plural>
    <open_icon>../Images/GridColumn.svg</open_icon>
    <revisions keyed_name="Default" type="Revision">7FE395DD8B9F4E1090756A34B733D75E</revisions>
    <show_parameters_tab>1</show_parameters_tab>
    <structure_view>tab view</structure_view>
    <unlock_on_logout>0</unlock_on_logout>
    <use_src_access>1</use_src_access>
    <name>tgc_View</name>
    <Relationships>
     <Item type="Property" id="3D76AAA58B154AE1A817E82A944811B6" action="add">
      <column_alignment>left</column_alignment>
      <column_width>400</column_width>
      <data_type>string</data_type>
      <is_hidden>0</is_hidden>
      <is_hidden2>0</is_hidden2>
      <is_indexed>0</is_indexed>
      <is_keyed>0</is_keyed>
      <is_multi_valued>0</is_multi_valued>
      <is_required>0</is_required>
      <label xml:lang="en">Description</label>
      <range_inclusive>0</range_inclusive>
      <readonly>0</readonly>
      <sort_order>20</sort_order>
      <source_id keyed_name="tgc_View" type="ItemType" name="tgc_View">B25E654CC2EA442F874B8E461EAA3C5B</source_id>
      <stored_length>256</stored_length>
      <track_history>0</track_history>
      <name>description</name>
     </Item>
     <Item type="Property" id="EE487962DD5A43058476C67EBA921F47" action="add">
      <column_alignment>left</column_alignment>
      <column_width>300</column_width>
      <data_type>string</data_type>
      <is_hidden>0</is_hidden>
      <is_hidden2>0</is_hidden2>
      <is_indexed>0</is_indexed>
      <is_keyed>0</is_keyed>
      <is_multi_valued>0</is_multi_valued>
      <is_required>0</is_required>
      <keyed_name_order>2</keyed_name_order>
      <label xml:lang="en">Name</label>
      <range_inclusive>0</range_inclusive>
      <readonly>0</readonly>
      <sort_order>10</sort_order>
      <source_id keyed_name="tgc_View" type="ItemType" name="tgc_View">B25E654CC2EA442F874B8E461EAA3C5B</source_id>
      <stored_length>80</stored_length>
      <track_history>0</track_history>
      <name>name</name>
     </Item>
     <Item type="Property" id="21817434A1334AE6A8D534D7ED4710BF" action="add">
      <column_alignment>left</column_alignment>
      <column_width>100</column_width>
      <data_source>
       <Item type="Property" action="get" select="id">
        <name>source_id</name>
        <source_id>B25E654CC2EA442F874B8E461EAA3C5B</source_id>
       </Item>
      </data_source>
      <data_type>foreign</data_type>
      <foreign_property>
       <Item type="Property" action="get" select="id">
        <keyed_name>structure_item_type</keyed_name>
        <source_id>
         <Item type="ItemType" action="get" select="id">
          <name>tgc_Configuration</name>
         </Item>
        </source_id>
       </Item>
      </foreign_property>
      <is_hidden>0</is_hidden>
      <is_hidden2>0</is_hidden2>
      <is_indexed>0</is_indexed>
      <is_keyed>0</is_keyed>
      <is_multi_valued>0</is_multi_valued>
      <is_required>0</is_required>
      <label xml:lang="en">Structure Related Item Type</label>
      <range_inclusive>0</range_inclusive>
      <readonly>0</readonly>
      <sort_order>52</sort_order>
      <source_id keyed_name="tgc_View" type="ItemType" name="tgc_View">B25E654CC2EA442F874B8E461EAA3C5B</source_id>
      <track_history>0</track_history>
      <name>structure_item_type</name>
     </Item>
     <Item type="Property" id="682FFF3F2CE84CA7A0AD6BAA3FEBF94E" action="add">
      <column_alignment>left</column_alignment>
      <column_width>150</column_width>
      <data_type>string</data_type>
      <is_hidden>0</is_hidden>
      <is_hidden2>0</is_hidden2>
      <is_indexed>0</is_indexed>
      <is_keyed>0</is_keyed>
      <is_multi_valued>0</is_multi_valued>
      <is_required>0</is_required>
      <label xml:lang="en">Structrure Item Released Conditon</label>
      <range_inclusive>0</range_inclusive>
      <readonly>0</readonly>
      <sort_order>57</sort_order>
      <source_id keyed_name="tgc_View" type="ItemType" name="tgc_View">B25E654CC2EA442F874B8E461EAA3C5B</source_id>
      <stored_length>256</stored_length>
      <track_history>0</track_history>
      <name>structure_itm_released_condition</name>
     </Item>
     <Item type="Property" id="534E8AEA9AB94A399452F9EBE4E0DC42" action="add">
      <column_alignment>left</column_alignment>
      <column_width>300</column_width>
      <data_type>string</data_type>
      <is_hidden>0</is_hidden>
      <is_hidden2>0</is_hidden2>
      <is_indexed>0</is_indexed>
      <is_keyed>0</is_keyed>
      <is_multi_valued>0</is_multi_valued>
      <is_required>1</is_required>
      <label xml:lang="en">Structure Related Item Select Properties</label>
      <range_inclusive>0</range_inclusive>
      <readonly>0</readonly>
      <sort_order>53</sort_order>
      <source_id keyed_name="tgc_View" type="ItemType" name="tgc_View">B25E654CC2EA442F874B8E461EAA3C5B</source_id>
      <stored_length>512</stored_length>
      <track_history>0</track_history>
      <name>structure_rel_item_select_prop</name>
     </Item>
     <Item type="Property" id="0D49E0473A7541D6BBAC563C9296C193" action="add">
      <column_alignment>center</column_alignment>
      <column_width>40</column_width>
      <data_type>string</data_type>
      <default_value xml:lang="en">All</default_value>
      <is_hidden>0</is_hidden>
      <is_hidden2>0</is_hidden2>
      <is_indexed>0</is_indexed>
      <is_keyed>0</is_keyed>
      <is_multi_valued>0</is_multi_valued>
      <is_required>1</is_required>
      <label xml:lang="en">Structure Levels</label>
      <range_inclusive>0</range_inclusive>
      <readonly>0</readonly>
      <sort_order>54</sort_order>
      <source_id keyed_name="tgc_View" type="ItemType" name="tgc_View">B25E654CC2EA442F874B8E461EAA3C5B</source_id>
      <stored_length>4</stored_length>
      <track_history>0</track_history>
      <name>structure_rel_levels</name>
     </Item>
     <Item type="Property" id="E3D86C8B2288465590C7DBCA58C82AE4" action="add">
      <column_alignment>left</column_alignment>
      <column_width>100</column_width>
      <data_type>string</data_type>
      <is_hidden>0</is_hidden>
      <is_hidden2>0</is_hidden2>
      <is_indexed>0</is_indexed>
      <is_keyed>0</is_keyed>
      <is_multi_valued>0</is_multi_valued>
      <is_required>0</is_required>
      <label xml:lang="en">Order RelShip By</label>
      <range_inclusive>0</range_inclusive>
      <readonly>0</readonly>
      <sort_order>58</sort_order>
      <source_id keyed_name="tgc_View" type="ItemType" name="tgc_View">B25E654CC2EA442F874B8E461EAA3C5B</source_id>
      <stored_length>128</stored_length>
      <track_history>0</track_history>
      <name>structure_rel_order_by</name>
     </Item>
     <Item type="Property" id="983F8FC7AA1E4EEFB760E3CCFA4A0C37" action="add">
      <column_alignment>left</column_alignment>
      <column_width>300</column_width>
      <data_type>string</data_type>
      <is_hidden>0</is_hidden>
      <is_hidden2>0</is_hidden2>
      <is_indexed>0</is_indexed>
      <is_keyed>0</is_keyed>
      <is_multi_valued>0</is_multi_valued>
      <is_required>1</is_required>
      <label xml:lang="en">Structure Relationship Select Properties</label>
      <range_inclusive>0</range_inclusive>
      <readonly>0</readonly>
      <sort_order>51</sort_order>
      <source_id keyed_name="tgc_View" type="ItemType" name="tgc_View">B25E654CC2EA442F874B8E461EAA3C5B</source_id>
      <stored_length>512</stored_length>
      <track_history>0</track_history>
      <name>structure_rel_select_properties</name>
     </Item>
     <Item type="Property" id="B9E2234EB49E49139524877C1402A5B6" action="add">
      <column_alignment>left</column_alignment>
      <column_width>150</column_width>
      <data_source>
       <Item type="Property" action="get" select="id">
        <name>source_id</name>
        <source_id>B25E654CC2EA442F874B8E461EAA3C5B</source_id>
       </Item>
      </data_source>
      <data_type>foreign</data_type>
      <foreign_property>
       <Item type="Property" action="get" select="id">
        <keyed_name>structure_relationship</keyed_name>
        <source_id>
         <Item type="ItemType" action="get" select="id">
          <name>tgc_Configuration</name>
         </Item>
        </source_id>
       </Item>
      </foreign_property>
      <is_hidden>0</is_hidden>
      <is_hidden2>0</is_hidden2>
      <is_indexed>0</is_indexed>
      <is_keyed>0</is_keyed>
      <is_multi_valued>0</is_multi_valued>
      <is_required>0</is_required>
      <label xml:lang="en">Structure Relationship</label>
      <range_inclusive>0</range_inclusive>
      <readonly>0</readonly>
      <sort_order>50</sort_order>
      <source_id keyed_name="tgc_View" type="ItemType" name="tgc_View">B25E654CC2EA442F874B8E461EAA3C5B</source_id>
      <track_history>0</track_history>
      <name>structure_relationship</name>
     </Item>
     <Item type="View" id="24D01090EF0B448E8BE20711238CB507" action="add">
      <client>js</client>
      <related_id keyed_name="tgc_View" type="Form">7A1C7CA44DC24879AA6A994A4BBF412F</related_id>
      <role keyed_name="World" type="Identity">
       <Item type="Identity" action="get" select="id">
        <name>World</name>
       </Item>
      </role>
      <show_ssvc>0</show_ssvc>
      <sort_order>128</sort_order>
      <source_id keyed_name="tgc_View" type="ItemType" name="tgc_View">B25E654CC2EA442F874B8E461EAA3C5B</source_id>
      <type>default</type>
     </Item>
    </Relationships>
   </Item>
  </relationship_id>
  <sort_order>384</sort_order>
  <source_id keyed_name="tgc_Configuration" type="ItemType" name="tgc_Configuration">F656F94B1F2B46F5A25E9B32FAACF776</source_id>
  <name>tgc_View</name>
 </Item>
 <Item type="ItemType" id="B25E654CC2EA442F874B8E461EAA3C5B" action="edit">
  <Relationships>
   <Item type="Property" action="edit" where="source_id='B25E654CC2EA442F874B8E461EAA3C5B' and name='related_id'">
    <column_alignment>left</column_alignment>
    <data_type>item</data_type>
    <is_hidden>1</is_hidden>
    <is_hidden2>1</is_hidden2>
    <is_indexed>1</is_indexed>
    <is_keyed>0</is_keyed>
    <is_multi_valued>0</is_multi_valued>
    <is_required>0</is_required>
    <item_behavior>float</item_behavior>
    <range_inclusive>0</range_inclusive>
    <readonly>0</readonly>
    <sort_order>3072</sort_order>
    <source_id keyed_name="tgc_View" type="ItemType" name="tgc_View">B25E654CC2EA442F874B8E461EAA3C5B</source_id>
    <track_history>0</track_history>
    <name>related_id</name>
   </Item>
   <Item type="Property" action="edit" where="source_id='B25E654CC2EA442F874B8E461EAA3C5B' and name='sort_order'">
    <column_alignment>left</column_alignment>
    <column_width>50</column_width>
    <data_type>integer</data_type>
    <is_hidden>0</is_hidden>
    <is_hidden2>0</is_hidden2>
    <is_indexed>0</is_indexed>
    <is_keyed>0</is_keyed>
    <is_multi_valued>0</is_multi_valued>
    <is_required>0</is_required>
    <keyed_name_order>1</keyed_name_order>
    <label xml:lang="en">Pos</label>
    <order_by>2</order_by>
    <range_inclusive>0</range_inclusive>
    <readonly>0</readonly>
    <sort_order>5</sort_order>
    <source_id keyed_name="tgc_View" type="ItemType" name="tgc_View">B25E654CC2EA442F874B8E461EAA3C5B</source_id>
    <track_history>0</track_history>
    <name>sort_order</name>
   </Item>
   <Item type="Property" action="edit" where="source_id='B25E654CC2EA442F874B8E461EAA3C5B' and name='source_id'">
    <column_alignment>left</column_alignment>
    <column_width>150</column_width>
    <data_source keyed_name="tgc_Configuration" type="ItemType" name="tgc_Configuration">F656F94B1F2B46F5A25E9B32FAACF776</data_source>
    <data_type>item</data_type>
    <is_hidden>0</is_hidden>
    <is_hidden2>1</is_hidden2>
    <is_indexed>0</is_indexed>
    <is_keyed>0</is_keyed>
    <is_multi_valued>0</is_multi_valued>
    <is_required>0</is_required>
    <item_behavior>float</item_behavior>
    <label xml:lang="en">View Of</label>
    <order_by>1</order_by>
    <range_inclusive>0</range_inclusive>
    <readonly>0</readonly>
    <sort_order>1</sort_order>
    <source_id keyed_name="tgc_View" type="ItemType" name="tgc_View">B25E654CC2EA442F874B8E461EAA3C5B</source_id>
    <track_history>0</track_history>
    <name>source_id</name>
   </Item>
  </Relationships>
 </Item>
</AML>