﻿<AML>
 <Item type="RelationshipType" id="7635567ADCCF4D3A85BB98B0B0F86FC5" action="add" dependencyLevel="0">
  <auto_search>1</auto_search>
  <behavior>float</behavior>
  <copy_permissions>0</copy_permissions>
  <create_related>0</create_related>
  <hide_in_all>0</hide_in_all>
  <inc_rel_key_name>1</inc_rel_key_name>
  <inc_related_key_name>1</inc_related_key_name>
  <is_list_type>0</is_list_type>
  <label xml:lang="en">Toolbar Items</label>
  <new_show_related>0</new_show_related>
  <related_notnull>0</related_notnull>
  <related_option>2</related_option>
  <relationship_id keyed_name="tgc_Toolbar Element" type="ItemType" name="tgc_Toolbar Element">
   <Item type="ItemType" id="00CA2859C49E4988B02C23A9F559B1F8" action="add">
    <allow_private_permission>1</allow_private_permission>
    <auto_search>0</auto_search>
    <enforce_discovery>0</enforce_discovery>
    <hide_where_used>0</hide_where_used>
    <implementation_type>table</implementation_type>
    <instance_data>TGC_TOOLBAR_ELEMENT</instance_data>
    <is_dependent>0</is_dependent>
    <is_relationship>1</is_relationship>
    <is_versionable>0</is_versionable>
    <label xml:lang="en">Toolbar Element</label>
    <label_plural xml:lang="en">Toolbar Elements</label_plural>
    <large_icon>../Images/ellipsis-disabled.svg</large_icon>
    <open_icon>../Images/ellipsis-disabled.svg</open_icon>
    <revisions keyed_name="Default" type="Revision">7FE395DD8B9F4E1090756A34B733D75E</revisions>
    <show_parameters_tab>1</show_parameters_tab>
    <structure_view>tab view</structure_view>
    <unlock_on_logout>0</unlock_on_logout>
    <use_src_access>1</use_src_access>
    <name>tgc_Toolbar Element</name>
    <Relationships>
     <Item type="Property" id="DAA21D27FC3540CC8A6924550EDE6CDF" action="add">
      <column_alignment>center</column_alignment>
      <column_width>90</column_width>
      <data_type>boolean</data_type>
      <is_hidden>0</is_hidden>
      <is_hidden2>0</is_hidden2>
      <is_indexed>0</is_indexed>
      <is_keyed>0</is_keyed>
      <is_multi_valued>0</is_multi_valued>
      <is_required>0</is_required>
      <label xml:lang="en">disabled (on load)</label>
      <range_inclusive>0</range_inclusive>
      <readonly>0</readonly>
      <sort_order>6</sort_order>
      <source_id keyed_name="tgc_Toolbar Element" type="ItemType" name="tgc_Toolbar Element">00CA2859C49E4988B02C23A9F559B1F8</source_id>
      <track_history>0</track_history>
      <name>element_disabled</name>
     </Item>
     <Item type="Property" id="E96A8961D8034D4686E7FCDCB003D91D" action="add">
      <column_alignment>left</column_alignment>
      <column_width>80</column_width>
      <data_type>string</data_type>
      <is_hidden>0</is_hidden>
      <is_hidden2>0</is_hidden2>
      <is_indexed>0</is_indexed>
      <is_keyed>0</is_keyed>
      <is_multi_valued>0</is_multi_valued>
      <is_required>1</is_required>
      <keyed_name_order>2</keyed_name_order>
      <label xml:lang="en">id</label>
      <range_inclusive>0</range_inclusive>
      <readonly>0</readonly>
      <sort_order>5</sort_order>
      <source_id keyed_name="tgc_Toolbar Element" type="ItemType" name="tgc_Toolbar Element">00CA2859C49E4988B02C23A9F559B1F8</source_id>
      <stored_length>80</stored_length>
      <track_history>0</track_history>
      <name>element_id</name>
     </Item>
     <Item type="Property" id="B6416DA679A04586AD8A8BB1A0FEBC19" action="add">
      <column_alignment>left</column_alignment>
      <column_width>150</column_width>
      <data_type>string</data_type>
      <is_hidden>0</is_hidden>
      <is_hidden2>0</is_hidden2>
      <is_indexed>0</is_indexed>
      <is_keyed>0</is_keyed>
      <is_multi_valued>0</is_multi_valued>
      <is_required>0</is_required>
      <label xml:lang="en">image</label>
      <range_inclusive>0</range_inclusive>
      <readonly>0</readonly>
      <sort_order>9</sort_order>
      <source_id keyed_name="tgc_Toolbar Element" type="ItemType" name="tgc_Toolbar Element">00CA2859C49E4988B02C23A9F559B1F8</source_id>
      <stored_length>128</stored_length>
      <track_history>0</track_history>
      <name>element_image</name>
     </Item>
     <Item type="Property" id="F33098DC46B04A31B4643E745CF6FB3B" action="add">
      <column_alignment>left</column_alignment>
      <column_width>100</column_width>
      <data_type>ml_string</data_type>
      <is_hidden>0</is_hidden>
      <is_hidden2>0</is_hidden2>
      <is_indexed>0</is_indexed>
      <is_keyed>0</is_keyed>
      <is_multi_valued>0</is_multi_valued>
      <is_required>0</is_required>
      <label xml:lang="en">label</label>
      <range_inclusive>0</range_inclusive>
      <readonly>0</readonly>
      <sort_order>8</sort_order>
      <source_id keyed_name="tgc_Toolbar Element" type="ItemType" name="tgc_Toolbar Element">00CA2859C49E4988B02C23A9F559B1F8</source_id>
      <stored_length>80</stored_length>
      <track_history>0</track_history>
      <name>element_label</name>
     </Item>
     <Item type="Property" id="0B69682C9B754D88A45CC3EA873C9252" action="add">
      <column_alignment>left</column_alignment>
      <column_width>60</column_width>
      <data_type>string</data_type>
      <is_hidden>0</is_hidden>
      <is_hidden2>0</is_hidden2>
      <is_indexed>0</is_indexed>
      <is_keyed>0</is_keyed>
      <is_multi_valued>0</is_multi_valued>
      <is_required>0</is_required>
      <label xml:lang="en">size (Text Element)</label>
      <range_inclusive>0</range_inclusive>
      <readonly>0</readonly>
      <sort_order>11</sort_order>
      <source_id keyed_name="tgc_Toolbar Element" type="ItemType" name="tgc_Toolbar Element">00CA2859C49E4988B02C23A9F559B1F8</source_id>
      <stored_length>10</stored_length>
      <track_history>0</track_history>
      <name>element_size</name>
     </Item>
     <Item type="Property" id="CF131E39D3A34E159D5138CB8561125D" action="add">
      <column_alignment>left</column_alignment>
      <column_width>150</column_width>
      <data_type>string</data_type>
      <default_value xml:lang="en"></default_value>
      <is_hidden>0</is_hidden>
      <is_hidden2>0</is_hidden2>
      <is_indexed>0</is_indexed>
      <is_keyed>0</is_keyed>
      <is_multi_valued>0</is_multi_valued>
      <is_required>0</is_required>
      <label xml:lang="en">style</label>
      <range_inclusive>0</range_inclusive>
      <readonly>0</readonly>
      <sort_order>12</sort_order>
      <source_id keyed_name="tgc_Toolbar Element" type="ItemType" name="tgc_Toolbar Element">00CA2859C49E4988B02C23A9F559B1F8</source_id>
      <stored_length>128</stored_length>
      <track_history>0</track_history>
      <name>element_style</name>
     </Item>
     <Item type="Property" id="36EDA6EEF9B4437188D05CEE1260B6FE" action="add">
      <column_alignment>left</column_alignment>
      <column_width>100</column_width>
      <data_type>ml_string</data_type>
      <is_hidden>0</is_hidden>
      <is_hidden2>0</is_hidden2>
      <is_indexed>0</is_indexed>
      <is_keyed>0</is_keyed>
      <is_multi_valued>0</is_multi_valued>
      <is_required>0</is_required>
      <label xml:lang="en">text</label>
      <range_inclusive>0</range_inclusive>
      <readonly>0</readonly>
      <sort_order>7</sort_order>
      <source_id keyed_name="tgc_Toolbar Element" type="ItemType" name="tgc_Toolbar Element">00CA2859C49E4988B02C23A9F559B1F8</source_id>
      <stored_length>80</stored_length>
      <track_history>0</track_history>
      <name>element_text</name>
     </Item>
     <Item type="Property" id="FCC029313B484EE9A4806F2D669D1746" action="add">
      <column_alignment>left</column_alignment>
      <column_width>100</column_width>
      <data_type>string</data_type>
      <is_hidden>0</is_hidden>
      <is_hidden2>0</is_hidden2>
      <is_indexed>0</is_indexed>
      <is_keyed>0</is_keyed>
      <is_multi_valued>0</is_multi_valued>
      <is_required>0</is_required>
      <label xml:lang="en">tooltip</label>
      <range_inclusive>0</range_inclusive>
      <readonly>0</readonly>
      <sort_order>10</sort_order>
      <source_id keyed_name="tgc_Toolbar Element" type="ItemType" name="tgc_Toolbar Element">00CA2859C49E4988B02C23A9F559B1F8</source_id>
      <stored_length>80</stored_length>
      <track_history>0</track_history>
      <name>element_tooltip</name>
     </Item>
     <Item type="Property" id="828372D45929408DBAD44E490EC79C2D" action="add">
      <column_alignment>left</column_alignment>
      <column_width>80</column_width>
      <data_source keyed_name="tgc_Toolbar Element Types">020922885E7546378D3779CE1F35CE70</data_source>
      <data_type>list</data_type>
      <is_hidden>0</is_hidden>
      <is_hidden2>0</is_hidden2>
      <is_indexed>0</is_indexed>
      <is_keyed>0</is_keyed>
      <is_multi_valued>0</is_multi_valued>
      <is_required>1</is_required>
      <keyed_name_order>1</keyed_name_order>
      <label xml:lang="en">Element Type</label>
      <range_inclusive>0</range_inclusive>
      <readonly>0</readonly>
      <sort_order>4</sort_order>
      <source_id keyed_name="tgc_Toolbar Element" type="ItemType" name="tgc_Toolbar Element">00CA2859C49E4988B02C23A9F559B1F8</source_id>
      <stored_length>256</stored_length>
      <track_history>0</track_history>
      <name>element_type</name>
     </Item>
     <Item type="Property" id="4EB3B4978BB64121A7FB6EB9869F7CA2" action="add">
      <column_alignment>center</column_alignment>
      <column_width>70</column_width>
      <data_type>boolean</data_type>
      <default_value xml:lang="en">0</default_value>
      <is_hidden>0</is_hidden>
      <is_hidden2>0</is_hidden2>
      <is_indexed>0</is_indexed>
      <is_keyed>0</is_keyed>
      <is_multi_valued>0</is_multi_valued>
      <is_required>0</is_required>
      <label xml:lang="en">Ignore Element</label>
      <range_inclusive>0</range_inclusive>
      <readonly>0</readonly>
      <sort_order>2</sort_order>
      <source_id keyed_name="tgc_Toolbar Element" type="ItemType" name="tgc_Toolbar Element">00CA2859C49E4988B02C23A9F559B1F8</source_id>
      <track_history>0</track_history>
      <name>is_ignore_element</name>
     </Item>
     <Item type="View" id="46E4E615DE6744439B693385918C712C" action="add">
      <client>js</client>
      <related_id keyed_name="tgc_Toolbar Element" type="Form">6490B4290C61422FA842C65375749F62</related_id>
      <role keyed_name="World" type="Identity">
       <Item type="Identity" action="get" select="id">
        <name>World</name>
       </Item>
      </role>
      <show_ssvc>0</show_ssvc>
      <sort_order>128</sort_order>
      <source_id keyed_name="tgc_Toolbar Element" type="ItemType" name="tgc_Toolbar Element">00CA2859C49E4988B02C23A9F559B1F8</source_id>
      <type>default</type>
     </Item>
    </Relationships>
   </Item>
  </relationship_id>
  <sort_order>130</sort_order>
  <source_id keyed_name="tgc_Configuration" type="ItemType" name="tgc_Configuration">F656F94B1F2B46F5A25E9B32FAACF776</source_id>
  <name>tgc_Toolbar Element</name>
 </Item>
 <Item type="ItemType" id="00CA2859C49E4988B02C23A9F559B1F8" action="edit">
  <Relationships>
   <Item type="Property" action="edit" where="source_id='00CA2859C49E4988B02C23A9F559B1F8' and name='sort_order'">
    <column_alignment>left</column_alignment>
    <column_width>50</column_width>
    <data_type>integer</data_type>
    <is_hidden>1</is_hidden>
    <is_hidden2>0</is_hidden2>
    <is_indexed>0</is_indexed>
    <is_keyed>0</is_keyed>
    <is_multi_valued>0</is_multi_valued>
    <is_required>0</is_required>
    <label xml:lang="en">Pos</label>
    <order_by>1</order_by>
    <range_inclusive>0</range_inclusive>
    <readonly>0</readonly>
    <sort_order>0</sort_order>
    <source_id keyed_name="tgc_Toolbar Element" type="ItemType" name="tgc_Toolbar Element">00CA2859C49E4988B02C23A9F559B1F8</source_id>
    <track_history>0</track_history>
    <name>sort_order</name>
   </Item>
  </Relationships>
 </Item>
</AML>