﻿<AML>
 <Item type="ItemType" id="2597BD9447544935A778C95AD2716E8C" action="add">
  <allow_private_permission>1</allow_private_permission>
  <auto_search>1</auto_search>
  <default_page_size>25</default_page_size>
  <enforce_discovery>1</enforce_discovery>
  <hide_where_used>0</hide_where_used>
  <implementation_type>table</implementation_type>
  <instance_data>ITEMTYPE_CLASSIFICATION</instance_data>
  <is_dependent>0</is_dependent>
  <is_relationship>0</is_relationship>
  <is_versionable>0</is_versionable>
  <label xml:lang="en">ItemType Classification</label>
  <label_plural xml:lang="en">ItemType Classifications</label_plural>
  <large_icon>../Images/MyDiscussions.svg</large_icon>
  <open_icon>../Images/MyDiscussions.svg</open_icon>
  <owned_by_id keyed_name="Innovator Admin" type="Identity">DBA5D86402BF43D5976854B8B48FCDD1</owned_by_id>
  <revisions keyed_name="Default" type="Revision">7FE395DD8B9F4E1090756A34B733D75E</revisions>
  <show_parameters_tab>1</show_parameters_tab>
  <structure_view>tabs off</structure_view>
  <unlock_on_logout>0</unlock_on_logout>
  <use_src_access>0</use_src_access>
  <name>ItemType Classification</name>
  <Relationships>
   <Item type="Property" id="5DB8065F055F4572BA7C59F676451CFE" action="add">
    <column_alignment>left</column_alignment>
    <column_width>400</column_width>
    <data_type>string</data_type>
    <is_hidden>0</is_hidden>
    <is_hidden2>0</is_hidden2>
    <is_indexed>0</is_indexed>
    <is_keyed>0</is_keyed>
    <is_multi_valued>0</is_multi_valued>
    <is_required>0</is_required>
    <label xml:lang="en">Description</label>
    <owned_by_id keyed_name="Innovator Admin" type="Identity">DBA5D86402BF43D5976854B8B48FCDD1</owned_by_id>
    <range_inclusive>0</range_inclusive>
    <readonly>0</readonly>
    <sort_order>80</sort_order>
    <source_id keyed_name="ItemType Classification" type="ItemType" name="ItemType Classification">2597BD9447544935A778C95AD2716E8C</source_id>
    <stored_length>128</stored_length>
    <track_history>0</track_history>
    <name>description</name>
   </Item>
   <Item type="Property" id="F5C609B3AC2A4C0FACFA21FB3B486B78" action="add">
    <column_alignment>left</column_alignment>
    <column_width>200</column_width>
    <data_source keyed_name="ItemType" type="ItemType" name="ItemType">450906E86E304F55A34B3C0D65C097EA</data_source>
    <data_type>item</data_type>
    <is_hidden>0</is_hidden>
    <is_hidden2>0</is_hidden2>
    <is_indexed>0</is_indexed>
    <is_keyed>0</is_keyed>
    <is_multi_valued>0</is_multi_valued>
    <is_required>1</is_required>
    <item_behavior>float</item_behavior>
    <keyed_name_order>1</keyed_name_order>
    <label xml:lang="en">Use with Item Type</label>
    <owned_by_id keyed_name="Innovator Admin" type="Identity">DBA5D86402BF43D5976854B8B48FCDD1</owned_by_id>
    <range_inclusive>0</range_inclusive>
    <readonly>0</readonly>
    <sort_order>10</sort_order>
    <source_id keyed_name="ItemType Classification" type="ItemType" name="ItemType Classification">2597BD9447544935A778C95AD2716E8C</source_id>
    <track_history>0</track_history>
    <name>effective_itemtype</name>
   </Item>
   <Item type="Property" id="3A5A8C8FD688457F85BA3683A85E6B39" action="add">
    <column_alignment>left</column_alignment>
    <column_width>150</column_width>
    <data_type>ml_string</data_type>
    <is_hidden>0</is_hidden>
    <is_hidden2>0</is_hidden2>
    <is_indexed>0</is_indexed>
    <is_keyed>0</is_keyed>
    <is_multi_valued>0</is_multi_valued>
    <is_required>0</is_required>
    <label xml:lang="en">Class Group</label>
    <owned_by_id keyed_name="Innovator Admin" type="Identity">DBA5D86402BF43D5976854B8B48FCDD1</owned_by_id>
    <range_inclusive>0</range_inclusive>
    <readonly>0</readonly>
    <sort_order>9</sort_order>
    <source_id keyed_name="ItemType Classification" type="ItemType" name="ItemType Classification">2597BD9447544935A778C95AD2716E8C</source_id>
    <stored_length>80</stored_length>
    <track_history>0</track_history>
    <name>label</name>
   </Item>
   <Item type="Property" id="858A04E12E9B43E799238ADA2810A01B" action="add">
    <column_alignment>left</column_alignment>
    <column_width>150</column_width>
    <data_type>string</data_type>
    <is_hidden>0</is_hidden>
    <is_hidden2>0</is_hidden2>
    <is_indexed>0</is_indexed>
    <is_keyed>0</is_keyed>
    <is_multi_valued>0</is_multi_valued>
    <is_required>1</is_required>
    <label xml:lang="en">Property to store Class Selection</label>
    <owned_by_id keyed_name="Innovator Admin" type="Identity">DBA5D86402BF43D5976854B8B48FCDD1</owned_by_id>
    <range_inclusive>0</range_inclusive>
    <readonly>0</readonly>
    <sort_order>31</sort_order>
    <source_id keyed_name="ItemType Classification" type="ItemType" name="ItemType Classification">2597BD9447544935A778C95AD2716E8C</source_id>
    <stored_length>32</stored_length>
    <track_history>0</track_history>
    <name>property_on_itemtype_class</name>
   </Item>
   <Item type="Property" id="F93B94D565D24B059340B5D8E1FE00C4" action="add">
    <column_alignment>left</column_alignment>
    <column_width>80</column_width>
    <data_type>string</data_type>
    <is_hidden>0</is_hidden>
    <is_hidden2>0</is_hidden2>
    <is_indexed>0</is_indexed>
    <is_keyed>0</is_keyed>
    <is_multi_valued>0</is_multi_valued>
    <is_required>1</is_required>
    <label xml:lang="en">Property to show Class Path (foreign)</label>
    <owned_by_id keyed_name="Innovator Admin" type="Identity">DBA5D86402BF43D5976854B8B48FCDD1</owned_by_id>
    <range_inclusive>0</range_inclusive>
    <readonly>0</readonly>
    <sort_order>33</sort_order>
    <source_id keyed_name="ItemType Classification" type="ItemType" name="ItemType Classification">2597BD9447544935A778C95AD2716E8C</source_id>
    <stored_length>32</stored_length>
    <track_history>0</track_history>
    <name>property_on_itemtype_class_path</name>
   </Item>
   <Item type="Property" id="0E922ABD93EE45F689961D15D25EA148" action="add">
    <column_alignment>left</column_alignment>
    <column_width>150</column_width>
    <data_type>string</data_type>
    <is_hidden>0</is_hidden>
    <is_hidden2>0</is_hidden2>
    <is_indexed>0</is_indexed>
    <is_keyed>0</is_keyed>
    <is_multi_valued>0</is_multi_valued>
    <is_required>1</is_required>
    <owned_by_id keyed_name="Innovator Admin" type="Identity">DBA5D86402BF43D5976854B8B48FCDD1</owned_by_id>
    <range_inclusive>0</range_inclusive>
    <readonly>0</readonly>
    <sort_order>30</sort_order>
    <source_id keyed_name="ItemType Classification" type="ItemType" name="ItemType Classification">2597BD9447544935A778C95AD2716E8C</source_id>
    <stored_length>31</stored_length>
    <track_history>0</track_history>
    <name>property_on_itemtype_top_class</name>
   </Item>
   <Item type="Property" id="A37985CB328743FE80FFB54933BABA68" action="add">
    <column_alignment>left</column_alignment>
    <column_width>100</column_width>
    <data_type>string</data_type>
    <is_hidden>0</is_hidden>
    <is_hidden2>0</is_hidden2>
    <is_indexed>0</is_indexed>
    <is_keyed>0</is_keyed>
    <is_multi_valued>0</is_multi_valued>
    <is_required>1</is_required>
    <label xml:lang="en">Property Label Class (en)</label>
    <owned_by_id keyed_name="Innovator Admin" type="Identity">DBA5D86402BF43D5976854B8B48FCDD1</owned_by_id>
    <range_inclusive>0</range_inclusive>
    <readonly>0</readonly>
    <sort_order>31</sort_order>
    <source_id keyed_name="ItemType Classification" type="ItemType" name="ItemType Classification">2597BD9447544935A778C95AD2716E8C</source_id>
    <stored_length>64</stored_length>
    <track_history>0</track_history>
    <name>proplabel_on_itemtype_class</name>
   </Item>
   <Item type="Property" id="09BB87F13A494E4A86870D83E6A20790" action="add">
    <column_alignment>left</column_alignment>
    <column_width>100</column_width>
    <data_type>string</data_type>
    <is_hidden>0</is_hidden>
    <is_hidden2>0</is_hidden2>
    <is_indexed>0</is_indexed>
    <is_keyed>0</is_keyed>
    <is_multi_valued>0</is_multi_valued>
    <is_required>1</is_required>
    <label xml:lang="en">Property Label Class Path (en)</label>
    <owned_by_id keyed_name="Innovator Admin" type="Identity">DBA5D86402BF43D5976854B8B48FCDD1</owned_by_id>
    <range_inclusive>0</range_inclusive>
    <readonly>0</readonly>
    <sort_order>34</sort_order>
    <source_id keyed_name="ItemType Classification" type="ItemType" name="ItemType Classification">2597BD9447544935A778C95AD2716E8C</source_id>
    <stored_length>64</stored_length>
    <track_history>0</track_history>
    <name>proplabel_on_itemtype_class_path</name>
   </Item>
   <Item type="Property" id="5244885D73EA41FF962ACAE5A7BCEC20" action="add">
    <column_alignment>left</column_alignment>
    <column_width>200</column_width>
    <data_source keyed_name="ItemType" type="ItemType" name="ItemType">450906E86E304F55A34B3C0D65C097EA</data_source>
    <data_type>item</data_type>
    <is_hidden>0</is_hidden>
    <is_hidden2>0</is_hidden2>
    <is_indexed>0</is_indexed>
    <is_keyed>0</is_keyed>
    <is_multi_valued>0</is_multi_valued>
    <is_required>1</is_required>
    <item_behavior>float</item_behavior>
    <label xml:lang="en">ItemType of Parametric Search View</label>
    <owned_by_id keyed_name="Innovator Admin" type="Identity">DBA5D86402BF43D5976854B8B48FCDD1</owned_by_id>
    <range_inclusive>0</range_inclusive>
    <readonly>0</readonly>
    <sort_order>50</sort_order>
    <source_id keyed_name="ItemType Classification" type="ItemType" name="ItemType Classification">2597BD9447544935A778C95AD2716E8C</source_id>
    <track_history>0</track_history>
    <name>toc_itemtype_for_search</name>
   </Item>
   <Item type="Property" id="A8180D7BF68E4C95B6A50B187A4D6A10" action="add">
    <column_alignment>left</column_alignment>
    <column_width>150</column_width>
    <data_source>
     <Item type="Property" action="get" select="id">
      <name>toc_itemtype_for_search</name>
      <source_id>2597BD9447544935A778C95AD2716E8C</source_id>
     </Item>
    </data_source>
    <data_type>foreign</data_type>
    <foreign_property>
     <Item type="Property" action="get" select="id">
      <keyed_name>label_plural</keyed_name>
      <source_id>
       <Item type="ItemType" action="get" select="id">
        <name>ItemType</name>
       </Item>
      </source_id>
     </Item>
    </foreign_property>
    <is_hidden>0</is_hidden>
    <is_hidden2>0</is_hidden2>
    <is_indexed>0</is_indexed>
    <is_keyed>0</is_keyed>
    <is_multi_valued>0</is_multi_valued>
    <is_required>0</is_required>
    <label xml:lang="en">Label of Search on TOC</label>
    <owned_by_id keyed_name="Innovator Admin" type="Identity">DBA5D86402BF43D5976854B8B48FCDD1</owned_by_id>
    <range_inclusive>0</range_inclusive>
    <readonly>0</readonly>
    <sort_order>55</sort_order>
    <source_id keyed_name="ItemType Classification" type="ItemType" name="ItemType Classification">2597BD9447544935A778C95AD2716E8C</source_id>
    <track_history>0</track_history>
    <name>toc_itemtype_search_label</name>
   </Item>
   <Item type="Property" id="27DF20B1CBA04D7784D4C19F14CD14B8" action="add">
    <column_alignment>left</column_alignment>
    <column_width>150</column_width>
    <data_source keyed_name="Item Class" type="ItemType" name="Item Class">F40D94A0E3B74376961645EE76D5D8E3</data_source>
    <data_type>item</data_type>
    <is_hidden>0</is_hidden>
    <is_hidden2>0</is_hidden2>
    <is_indexed>0</is_indexed>
    <is_keyed>0</is_keyed>
    <is_multi_valued>0</is_multi_valued>
    <is_required>1</is_required>
    <item_behavior>float</item_behavior>
    <label xml:lang="en">Top Item Class Node</label>
    <owned_by_id keyed_name="Innovator Admin" type="Identity">DBA5D86402BF43D5976854B8B48FCDD1</owned_by_id>
    <range_inclusive>0</range_inclusive>
    <readonly>0</readonly>
    <sort_order>40</sort_order>
    <source_id keyed_name="ItemType Classification" type="ItemType" name="ItemType Classification">2597BD9447544935A778C95AD2716E8C</source_id>
    <track_history>0</track_history>
    <name>top_item_class_id</name>
   </Item>
   <Item type="Property" id="5944857D564C4F1BA4DEAF78CA38ECD0" action="add">
    <column_alignment>left</column_alignment>
    <column_width>200</column_width>
    <data_source keyed_name="RelationshipType" type="ItemType" name="RelationshipType">471932C33B604C3099070F4106EE5024</data_source>
    <data_type>item</data_type>
    <is_hidden>0</is_hidden>
    <is_hidden2>0</is_hidden2>
    <is_indexed>0</is_indexed>
    <is_keyed>0</is_keyed>
    <is_multi_valued>0</is_multi_valued>
    <is_required>1</is_required>
    <item_behavior>float</item_behavior>
    <keyed_name_order>2</keyed_name_order>
    <label xml:lang="en">Relationship to store values</label>
    <owned_by_id keyed_name="Innovator Admin" type="Identity">DBA5D86402BF43D5976854B8B48FCDD1</owned_by_id>
    <range_inclusive>0</range_inclusive>
    <readonly>0</readonly>
    <sort_order>20</sort_order>
    <source_id keyed_name="ItemType Classification" type="ItemType" name="ItemType Classification">2597BD9447544935A778C95AD2716E8C</source_id>
    <track_history>0</track_history>
    <name>values_relationshiptype</name>
   </Item>
   <Item type="Property" id="7E33DE0E314C4663B5D84BF7EBA0EC8C" action="add">
    <column_alignment>left</column_alignment>
    <column_width>150</column_width>
    <data_source>
     <Item type="Property" action="get" select="id">
      <name>values_relationshiptype</name>
      <source_id>2597BD9447544935A778C95AD2716E8C</source_id>
     </Item>
    </data_source>
    <data_type>foreign</data_type>
    <foreign_property>
     <Item type="Property" action="get" select="id">
      <keyed_name>label</keyed_name>
      <source_id>
       <Item type="ItemType" action="get" select="id">
        <name>RelationshipType</name>
       </Item>
      </source_id>
     </Item>
    </foreign_property>
    <is_hidden>0</is_hidden>
    <is_hidden2>0</is_hidden2>
    <is_indexed>0</is_indexed>
    <is_keyed>0</is_keyed>
    <is_multi_valued>0</is_multi_valued>
    <is_required>0</is_required>
    <label xml:lang="en">Values Tab Label</label>
    <owned_by_id keyed_name="Innovator Admin" type="Identity">DBA5D86402BF43D5976854B8B48FCDD1</owned_by_id>
    <range_inclusive>0</range_inclusive>
    <readonly>0</readonly>
    <sort_order>22</sort_order>
    <source_id keyed_name="ItemType Classification" type="ItemType" name="ItemType Classification">2597BD9447544935A778C95AD2716E8C</source_id>
    <track_history>0</track_history>
    <name>values_tab_label</name>
   </Item>
   <Item type="View" id="E96B4C230ACC4E989FD5F33DFE35B66A" action="add">
    <client>js</client>
    <owned_by_id keyed_name="Innovator Admin" type="Identity">DBA5D86402BF43D5976854B8B48FCDD1</owned_by_id>
    <related_id keyed_name="ItemType Classification" type="Form">AE49218F696A4B9FBEA1D865D5904F6C</related_id>
    <role keyed_name="World" type="Identity">
     <Item type="Identity" action="get" select="id">
      <name>World</name>
     </Item>
    </role>
    <show_ssvc>0</show_ssvc>
    <sort_order>128</sort_order>
    <source_id keyed_name="ItemType Classification" type="ItemType" name="ItemType Classification">2597BD9447544935A778C95AD2716E8C</source_id>
    <type>default</type>
   </Item>
   <Item type="Server Event" id="16C4A801EC6F49EA96957096C3AF4DBB" action="add">
    <event_version>version_1</event_version>
    <is_required>0</is_required>
    <owned_by_id keyed_name="Innovator Admin" type="Identity">DBA5D86402BF43D5976854B8B48FCDD1</owned_by_id>
    <related_id keyed_name="ItemType Classif AddValueRelShip" type="Method">
     <Item type="Method" action="get" select="id">
      <name>ItemType Classif AddValueRelShip</name>
     </Item>
    </related_id>
    <server_event>onAfterAdd</server_event>
    <sort_order>128</sort_order>
    <source_id keyed_name="ItemType Classification" type="ItemType" name="ItemType Classification">2597BD9447544935A778C95AD2716E8C</source_id>
   </Item>
   <Item type="Server Event" id="F39871B3819B46F495AFDE92A83A8E9B" action="add">
    <event_version>version_1</event_version>
    <is_required>0</is_required>
    <owned_by_id keyed_name="Innovator Admin" type="Identity">DBA5D86402BF43D5976854B8B48FCDD1</owned_by_id>
    <related_id keyed_name="ItemType Classif AddValueRelShip" type="Method">
     <Item type="Method" action="get" select="id">
      <name>ItemType Classif AddValueRelShip</name>
     </Item>
    </related_id>
    <server_event>onAfterUpdate</server_event>
    <sort_order>256</sort_order>
    <source_id keyed_name="ItemType Classification" type="ItemType" name="ItemType Classification">2597BD9447544935A778C95AD2716E8C</source_id>
   </Item>
   <Item type="TOC Access" id="D17CF56133EC439597E41E64BF2BC2A0" action="add">
    <owned_by_id keyed_name="Innovator Admin" type="Identity">DBA5D86402BF43D5976854B8B48FCDD1</owned_by_id>
    <related_id keyed_name="Administrators" type="Identity">2618D6F5A90949BAA7E920D1B04C7EE1</related_id>
    <sort_order>128</sort_order>
    <source_id keyed_name="ItemType Classification" type="ItemType" name="ItemType Classification">2597BD9447544935A778C95AD2716E8C</source_id>
    <category>Administration/Item Classifications</category>
   </Item>
   <Item type="Can Add" id="A0383BAC559F443FB92AEB34756E8DD6" action="add">
    <can_add>1</can_add>
    <owned_by_id keyed_name="Innovator Admin" type="Identity">DBA5D86402BF43D5976854B8B48FCDD1</owned_by_id>
    <related_id keyed_name="Administrators" type="Identity">2618D6F5A90949BAA7E920D1B04C7EE1</related_id>
    <sort_order>128</sort_order>
    <source_id keyed_name="ItemType Classification" type="ItemType" name="ItemType Classification">2597BD9447544935A778C95AD2716E8C</source_id>
   </Item>
   <Item type="Allowed Permission" id="1D6F03AB511F40198866F6A5C8861DFB" action="add">
    <is_default>1</is_default>
    <owned_by_id keyed_name="Innovator Admin" type="Identity">DBA5D86402BF43D5976854B8B48FCDD1</owned_by_id>
    <related_id keyed_name="Default Access" type="Permission">9122CD065CF04141B8EFE263FC80BEA4</related_id>
    <sort_order>128</sort_order>
    <source_id keyed_name="ItemType Classification" type="ItemType" name="ItemType Classification">2597BD9447544935A778C95AD2716E8C</source_id>
   </Item>
  </Relationships>
 </Item>
</AML>