﻿<AML>
 <Item type="Method" id="7FE18E4058864F4F82ADB8453540466E" action="add">
  <execution_allowed_to keyed_name="World" type="Identity">A73B655731924CD0B027E4F4D5FCC0A9</execution_allowed_to>
  <method_code><![CDATA[//debugger;
var targetColumnIndex = colNumber;
if (targetColumnIndex < 0) { top.aras.AlertError("Error: Column not found"); return; }
if (!gridApplet) { return; }

// Get relationItem
var temp = parent.thisItem.getItemsByXPath("//Relationships/Item[@id='"+relationshipID+"']");

var relItm = top.aras.newIOMItem(""); // use hard coded type name
relItm.loadAML(temp.node.xml);

var type = relItm.getProperty("item_characteristic_value_type","");
if (type != "List") {return;}

var itemCharacteristicId = relItm.getProperty("item_characteristic_id","");

var q = top.aras.newIOMItem("","");
q.LoadAML("<Item type='Item Characteristic List Value' action='get' select='value,label' ><source_id>" + itemCharacteristicId + "</source_id></Item>");
var listValuesItems = q.apply();
if (listValuesItems.isError()||listValuesItems.getItemCount()<1 ) {
    top.aras.AlertError("Allowed Values for '" + relItm.getPropertyAttribute("item_characteristic_id","keyed_name","") + "' not found.");
    return;
}

// Create arrays for the list values (ids) and labels (names)
var nameArray = new Array(" ");
var idArray = new Array(" ");
for (var k=0; k<listValuesItems.getItemCount(); k++) {
  idArray.push(listValuesItems.getItemByIndex(k).getProperty("value"));
  nameArray.push(listValuesItems.getItemByIndex(k).getProperty("label","")); 
}

// Add the dropdown to the cell
var delim = gridApplet.Delimeter;
gridApplet.cells(relationshipID,targetColumnIndex).setEditType(2);
var field = grid.columns_Experimental.get(targetColumnIndex, "name");
gridApplet.columns_Experimental.set( field, "comboList", idArray, nameArray); 
]]></method_code>
  <method_type>JavaScript</method_type>
  <owned_by_id keyed_name="Innovator Admin" type="Identity">DBA5D86402BF43D5976854B8B48FCDD1</owned_by_id>
  <name>Char Value Dropdown List</name>
 </Item>
</AML>