﻿<AML>
 <Item type="Method" id="7BDF9D2F0FB5479BAF13F202689D3CE1" action="add">
  <comments>adds a NULL relationshiptype to the itemtype listed in this configuration</comments>
  <execution_allowed_to keyed_name="World" type="Identity">A73B655731924CD0B027E4F4D5FCC0A9</execution_allowed_to>
  <method_code><![CDATA[
//System.Diagnostics.Debugger.Break();

string valuesRelshipName = this.getPropertyAttribute("values_relationshiptype","keyed_name","");
if (valuesRelshipName == "") {return this.getInnovator().newError("On ItemType Classification '"+this.getProperty("label","")+"' property 'values_relationshiptype' is empty or invalid !" );}

string effectiveItemType = this.getPropertyAttribute("effective_itemtype","keyed_name","");

if (effectiveItemType != "") {
    // test if relationship already exists.
    // it MUST exist. Admins have to add it as a NULL relationship first
    
    string aml = "<Item type=\"RelationshipType\" action=\"get\" select=\"id\" >";
    aml +=  "<name>"+valuesRelshipName+"</name>";
    aml +=  "<source_id><Item type=\"ItemType\" action=\"get\" ><name>"+effectiveItemType+"</name></Item></source_id>";
    aml +=  "</Item>";
    
    Item amlCmd = this.newItem("");
    amlCmd.loadAML(aml);
    amlCmd = amlCmd.apply();
    if (amlCmd.getItemCount() != 1) {return this;}  // nothing to do

    // check if property 'display_value' exists, if not continue merging all properties on values relationship
    aml =  "";
    aml +=  "<Item type=\"Property\" action=\"get\" ";
    aml +=  "where=\"Property.name='display_value' and Property.source_id=(select id from ItemType where ItemType.name='"+valuesRelshipName+"')\" />";
    
    amlCmd = this.newItem("");
    amlCmd.loadAML(aml);
    amlCmd = amlCmd.apply();
    if (amlCmd.getItemCount() == 1) {return this;}  // nothing to do

    // add required properties to values relationship.
    this.getInnovator().applyAML(valueRel_BuildPropUpdateAML (valuesRelshipName));
    
}

string topClassPropNameOnItemType = this.getProperty("property_on_itemtype_top_class","");
string topClassId = this.getProperty("top_item_class_id","");
string classPropNameOnItemType = this.getProperty("property_on_itemtype_class","");
string classPropLabelOnItemType = this.getProperty("proplabel_on_itemtype_class","");
string classPathPropNameOnItemType = this.getProperty("property_on_itemtype_class_path","");
string classPathPropLabelOnItemType = this.getProperty("proplabel_on_itemtype_class_path","");

if (effectiveItemType != "" && topClassId != "" && classPropNameOnItemType != "" && topClassPropNameOnItemType != "") {
    // add required properties to values effectiveItemType.
    this.getInnovator().applyAML(effIT_BuildPropUpdateAML (effectiveItemType,topClassId, topClassPropNameOnItemType,classPropNameOnItemType, classPropLabelOnItemType, classPathPropNameOnItemType, classPathPropLabelOnItemType ));
}    
return this;
}

//--- function
string effIT_BuildPropUpdateAML (string effectiveItemType, string topClassId, string topClassPropNameOnItemType, string classPropNameOnItemType, string classPropLabelOnItemType, string classPathPropNameOnItemType, string classPathPropLabelOnItemType) {
    
	// use this AML template
    string aml = "<AML>";
    aml += "<Item type=\"Property\" action=\"merge\" where=\"Property.name='"+topClassPropNameOnItemType+"' and Property.source_id=(select id from ItemType where ItemType.name='#effectiveItemType#')\">";
    aml += " <data_type>item</data_type>";
    aml += " <name>"+topClassPropNameOnItemType+"</name>";
    aml += " <label xml:lang=\"en\">should be hidden - with default</label>";
    aml += " <sort_order>10000</sort_order>";
    aml += " <column_alignment>left</column_alignment>";
    aml += " <column_width>100</column_width>";
    aml += " <is_hidden>1</is_hidden>";
    aml += " <is_hidden2>1</is_hidden2>";
    aml += " <readonly>0</readonly>";
    aml += " <item_behavior>float</item_behavior>";
    aml += " <default_value>"+topClassId+"</default_value>";
    aml += " <source_id>";
    aml += "  <Item type=\"ItemType\" action=\"get\" select=\"id\">";
    aml += "   <name>#effectiveItemType#</name>";
    aml += "  </Item>";
    aml += " </source_id>";
    aml += " <data_source>";
    aml += "  <Item type=\"ItemType\" action=\"get\" select=\"id\">";
    aml += "   <keyed_name>Item Class</keyed_name>";
    aml += "  </Item>";
    aml += " </data_source>";
    aml += "</Item>";

    aml += "<Item type=\"Property\" action=\"merge\" where=\"Property.name='"+classPropNameOnItemType+"' and Property.source_id=(select id from ItemType where ItemType.name='#effectiveItemType#')\">";
    aml += " <data_type>item</data_type>";
    aml += " <name>"+classPropNameOnItemType+"</name>";
    if (classPropLabelOnItemType != "") {aml += " <label xml:lang=\"en\">"+classPropLabelOnItemType+"</label>";}
//    aml += " <sort_order>10001</sort_order>";
    aml += " <column_alignment>left</column_alignment>";
    aml += " <column_width>100</column_width>";
    aml += " <is_hidden>1</is_hidden>";
    aml += " <is_hidden2>1</is_hidden2>";
    aml += " <readonly>0</readonly>";
    aml += " <item_behavior>float</item_behavior>";
    aml += " <source_id>";
    aml += "  <Item type=\"ItemType\" action=\"get\" select=\"id\">";
    aml += "   <name>#effectiveItemType#</name>";
    aml += "  </Item>";
    aml += " </source_id>";
    aml += " <data_source>";
    aml += "  <Item type=\"ItemType\" action=\"get\" select=\"id\">";
    aml += "   <keyed_name>Item Class</keyed_name>";
    aml += "  </Item>";
    aml += " </data_source>";
    aml += "</Item>";

    if (classPathPropNameOnItemType != "" ) {
        aml += "<Item type=\"Property\" action=\"merge\" where=\"Property.name='"+classPathPropNameOnItemType+"' and Property.source_id=(select id from ItemType where ItemType.name='#effectiveItemType#')\" >";
        aml += " <name>"+classPathPropNameOnItemType+"</name>";
        aml += " <data_type>foreign</data_type>";
        if (classPathPropLabelOnItemType != "") {aml += " <label xml:lang=\"en\">"+classPathPropLabelOnItemType+"</label>";}
//        aml += " <sort_order>10002</sort_order>";
        aml += " <column_alignment>left</column_alignment>";
        aml += " <column_width>200</column_width>";
        aml += " <is_hidden>0</is_hidden>";
        aml += " <is_hidden2>0</is_hidden2>";
        aml += " <readonly>0</readonly>";
        aml += " <item_behavior>float</item_behavior>";
        aml += " <source_id>";
        aml += "  <Item type=\"ItemType\" action=\"get\" select=\"id\">";
        aml += "   <name>#effectiveItemType#</name>";
        aml += "  </Item>";
        aml += " </source_id>";
        aml += " <data_source>";
        aml += "  <Item type=\"Property\" action=\"get\" select=\"id\">";
        aml += "   <name>"+classPropNameOnItemType+"</name>";
        aml += "   <source_id>";
        aml += "    <Item type=\"ItemType\" action=\"get\" select=\"id\">";
        aml += "     <name>#effectiveItemType#</name>";
        aml += "    </Item>";
        aml += "   </source_id>";
        aml += "  </Item>";
        aml += " </data_source>";
        aml += " <foreign_property>";
        aml += "  <Item type=\"Property\" action=\"get\" select=\"id\">";
        aml += "   <keyed_name>item_class_path_label</keyed_name>";
        aml += "   <source_id>";
        aml += "    <Item type=\"ItemType\" action=\"get\" select=\"id\">";
        aml += "     <name>Item Class</name>";
        aml += "    </Item>";
        aml += "   </source_id>";
        aml += "  </Item>";
        aml += " </foreign_property>";
        aml += "</Item>";
    
    }
    aml += "</AML>";

return aml.Replace("#effectiveItemType#",effectiveItemType);
}

//--- function
string valueRel_BuildPropUpdateAML (string valuesRelshipName) {

// use this AML template
string aml = "<AML>";
    aml += "<Item type=\"Property\" action=\"merge\" where=\"Property.name='sort_order' and Property.source_id=(select id from ItemType where ItemType.name='#ValuesRelTypeName#')\">";
    aml += " <name>sort_order</name>";
    aml += " <column_alignment>right</column_alignment>";
    aml += " <column_width>70</column_width>";
    aml += " <data_type>integer</data_type>";
    aml += " <is_hidden>0</is_hidden>";
    aml += " <is_hidden2>0</is_hidden2>";
    aml += " <readonly>0</readonly>";
    aml += " <label xml:lang=\"en\">Sort Order</label>";
    aml += " <sort_order>1</sort_order>";
    aml += " <stored_length/>";
    aml += " <source_id>";
    aml += "  <Item type=\"ItemType\" action=\"get\" select=\"id\">";
    aml += "   <name>#ValuesRelTypeName#</name>";
    aml += "  </Item>";
    aml += " </source_id>";
    aml += "</Item>";

    aml += "<Item type=\"Property\" action=\"merge\" where=\"Property.name='item_characteristic_class_id' and Property.source_id=(select id from ItemType where ItemType.name='#ValuesRelTypeName#')\">";
    aml += " <data_type>item</data_type>";
    aml += " <name>item_characteristic_class_id</name>";
    aml += " <label xml:lang=\"en\">Characteristic Class</label>";
    aml += " <sort_order>19</sort_order>";
    aml += " <column_alignment>left</column_alignment>";
    aml += " <column_width>150</column_width>";
    aml += " <is_hidden>0</is_hidden>";
    aml += " <is_hidden2>0</is_hidden2>";
    aml += " <readonly>0</readonly>";
    aml += " <item_behavior>float</item_behavior>";
    aml += " <source_id>";
    aml += "  <Item type=\"ItemType\" action=\"get\" select=\"id\">";
    aml += "   <name>#ValuesRelTypeName#</name>";
    aml += "  </Item>";
    aml += " </source_id>";
    aml += " <data_source>";
    aml += "  <Item type=\"ItemType\" action=\"get\" select=\"id\">";
    aml += "   <keyed_name>Item Class</keyed_name>";
    aml += "  </Item>";
    aml += " </data_source>";
    aml += "</Item>";

    aml += "<Item type=\"Property\" action=\"merge\" where=\"Property.name='item_characteristic_class_name' and Property.source_id=(select id from ItemType where ItemType.name='#ValuesRelTypeName#')\" >";
    aml += " <name>item_characteristic_class_name</name>";
    aml += " <data_type>foreign</data_type>";
    aml += " <label xml:lang=\"en\">Class Name</label>";
    aml += " <sort_order>19</sort_order>";
    aml += " <column_alignment>left</column_alignment>";
    aml += " <column_width>150</column_width>";
    aml += " <is_hidden>1</is_hidden>";
    aml += " <is_hidden2>1</is_hidden2>";
    aml += " <readonly>0</readonly>";
    aml += " <item_behavior>float</item_behavior>";
    aml += " <source_id>";
    aml += "  <Item type=\"ItemType\" action=\"get\" select=\"id\">";
    aml += "   <name>#ValuesRelTypeName#</name>";
    aml += "  </Item>";
    aml += " </source_id>";
    aml += " <data_source>";
    aml += "  <Item type=\"Property\" action=\"get\" select=\"id\">";
    aml += "   <name>item_characteristic_class_id</name>";
    aml += "   <source_id>";
    aml += "    <Item type=\"ItemType\" action=\"get\" select=\"id\">";
    aml += "     <name>#ValuesRelTypeName#</name>";
    aml += "    </Item>";
    aml += "   </source_id>";
    aml += "  </Item>";
    aml += " </data_source>";
    aml += " <foreign_property>";
    aml += "  <Item type=\"Property\" action=\"get\" select=\"id\">";
    aml += "   <keyed_name>name</keyed_name>";
    aml += "   <source_id>";
    aml += "    <Item type=\"ItemType\" action=\"get\" select=\"id\">";
    aml += "     <name>Item Class</name>";
    aml += "    </Item>";
    aml += "   </source_id>";
    aml += "  </Item>";
    aml += " </foreign_property>";
    aml += "</Item>";

    aml += "<Item type=\"Property\" action=\"merge\" where=\"Property.name='item_characteristic_class_path' and Property.source_id=(select id from ItemType where ItemType.name='#ValuesRelTypeName#')\" >";
    aml += " <name>item_characteristic_class_path</name>";
    aml += " <data_type>foreign</data_type>";
    aml += " <label xml:lang=\"en\">Characteristic Class Path</label>";
    aml += " <sort_order>19</sort_order>";
    aml += " <column_alignment>left</column_alignment>";
    aml += " <column_width>300</column_width>";
    aml += " <is_hidden>0</is_hidden>";
    aml += " <is_hidden2>1</is_hidden2>";
    aml += " <readonly>0</readonly>";
    aml += " <item_behavior>float</item_behavior>";
    aml += " <source_id>";
    aml += "  <Item type=\"ItemType\" action=\"get\" select=\"id\">";
    aml += "   <name>#ValuesRelTypeName#</name>";
    aml += "  </Item>";
    aml += " </source_id>";
    aml += " <data_source>";
    aml += "  <Item type=\"Property\" action=\"get\" select=\"id\">";
    aml += "   <name>item_characteristic_class_id</name>";
    aml += "   <source_id>";
    aml += "    <Item type=\"ItemType\" action=\"get\" select=\"id\">";
    aml += "     <name>#ValuesRelTypeName#</name>";
    aml += "    </Item>";
    aml += "   </source_id>";
    aml += "  </Item>";
    aml += " </data_source>";
    aml += " <foreign_property>";
    aml += "  <Item type=\"Property\" action=\"get\" select=\"id\">";
    aml += "   <keyed_name>item_class_path</keyed_name>";
    aml += "   <source_id>";
    aml += "    <Item type=\"ItemType\" action=\"get\" select=\"id\">";
    aml += "     <name>Item Class</name>";
    aml += "    </Item>";
    aml += "   </source_id>";
    aml += "  </Item>";
    aml += " </foreign_property>";
    aml += "</Item>";

    aml += "<Item type=\"Property\" action=\"merge\" where=\"Property.name='item_characteristic_id' and Property.source_id=(select id from ItemType where ItemType.name='#ValuesRelTypeName#')\">";
    aml += " <data_type>item</data_type>";
    aml += " <name>item_characteristic_id</name>";
    aml += " <label xml:lang=\"en\">Name</label>";
    aml += " <sort_order>20</sort_order>";
    aml += " <column_alignment>left</column_alignment>";
    aml += " <column_width>200</column_width>";
    aml += " <is_hidden>0</is_hidden>";
    aml += " <is_hidden2>0</is_hidden2>";
    aml += " <readonly>0</readonly>";
    aml += " <item_behavior>float</item_behavior>";
    aml += " <source_id>";
    aml += "  <Item type=\"ItemType\" action=\"get\" select=\"id\">";
    aml += "   <name>#ValuesRelTypeName#</name>";
    aml += "  </Item>";
    aml += " </source_id>";
    aml += " <data_source>";
    aml += "  <Item type=\"ItemType\" action=\"get\" select=\"id\">";
    aml += "   <keyed_name>Item Characteristic</keyed_name>";
    aml += "  </Item>";
    aml += " </data_source>";
    aml += "</Item>";

    aml += "<Item type=\"Property\" action=\"merge\" where=\"Property.name='item_characteristic_label' and Property.source_id=(select id from ItemType where ItemType.name='#ValuesRelTypeName#')\" >";
    aml += " <name>item_characteristic_label</name>";
    aml += " <data_type>foreign</data_type>";
    aml += " <label xml:lang=\"en\">ML Name</label>";
    aml += " <sort_order>21</sort_order>";
    aml += " <column_alignment>left</column_alignment>";
    aml += " <column_width>200</column_width>";
    aml += " <is_hidden>0</is_hidden>";
    aml += " <is_hidden2>1</is_hidden2>";
    aml += " <readonly>0</readonly>";
    aml += " <item_behavior>float</item_behavior>";
    aml += " <source_id>";
    aml += "  <Item type=\"ItemType\" action=\"get\" select=\"id\">";
    aml += "   <name>#ValuesRelTypeName#</name>";
    aml += "  </Item>";
    aml += " </source_id>";
    aml += " <data_source>";
    aml += "  <Item type=\"Property\" action=\"get\" select=\"id\">";
    aml += "   <name>item_characteristic_id</name>";
    aml += "   <source_id>";
    aml += "    <Item type=\"ItemType\" action=\"get\" select=\"id\">";
    aml += "     <name>#ValuesRelTypeName#</name>";
    aml += "    </Item>";
    aml += "   </source_id>";
    aml += "  </Item>";
    aml += " </data_source>";
    aml += " <foreign_property>";
    aml += "  <Item type=\"Property\" action=\"get\" select=\"id\">";
    aml += "   <keyed_name>label</keyed_name>";
    aml += "   <source_id>";
    aml += "    <Item type=\"ItemType\" action=\"get\" select=\"id\">";
    aml += "     <name>Item Characteristic</name>";
    aml += "    </Item>";
    aml += "   </source_id>";
    aml += "  </Item>";
    aml += " </foreign_property>";
    aml += "</Item>";

    aml += "<Item type=\"Property\" action=\"merge\" where=\"Property.name='item_characteristic_name' and Property.source_id=(select id from ItemType where ItemType.name='#ValuesRelTypeName#')\" >";
    aml += " <name>item_characteristic_name</name>";
    aml += " <data_type>foreign</data_type>";
    aml += " <label xml:lang=\"en\">Char Name</label>";
    aml += " <sort_order>21</sort_order>";
    aml += " <column_alignment>left</column_alignment>";
    aml += " <column_width>200</column_width>";
    aml += " <is_hidden>1</is_hidden>";
    aml += " <is_hidden2>1</is_hidden2>";
    aml += " <readonly>0</readonly>";
    aml += " <item_behavior>float</item_behavior>";
    aml += " <source_id>";
    aml += "  <Item type=\"ItemType\" action=\"get\" select=\"id\">";
    aml += "   <name>#ValuesRelTypeName#</name>";
    aml += "  </Item>";
    aml += " </source_id>";
    aml += " <data_source>";
    aml += "  <Item type=\"Property\" action=\"get\" select=\"id\">";
    aml += "   <name>item_characteristic_id</name>";
    aml += "   <source_id>";
    aml += "    <Item type=\"ItemType\" action=\"get\" select=\"id\">";
    aml += "     <name>#ValuesRelTypeName#</name>";
    aml += "    </Item>";
    aml += "   </source_id>";
    aml += "  </Item>";
    aml += " </data_source>";
    aml += " <foreign_property>";
    aml += "  <Item type=\"Property\" action=\"get\" select=\"id\">";
    aml += "   <keyed_name>name</keyed_name>";
    aml += "   <source_id>";
    aml += "    <Item type=\"ItemType\" action=\"get\" select=\"id\">";
    aml += "     <name>Item Characteristic</name>";
    aml += "    </Item>";
    aml += "   </source_id>";
    aml += "  </Item>";
    aml += " </foreign_property>";
    aml += "</Item>";

    aml += "<Item type=\"Property\" action=\"merge\" where=\"Property.name='item_characteristic_value_type' and Property.source_id=(select id from ItemType where ItemType.name='#ValuesRelTypeName#')\" >";
    aml += " <name>item_characteristic_value_type</name>";
    aml += " <data_type>foreign</data_type>";
    aml += " <label xml:lang=\"en\">Type</label>";
    aml += " <sort_order>22</sort_order>";
    aml += " <column_alignment>left</column_alignment>";
    aml += " <column_width>70</column_width>";
    aml += " <is_hidden>0</is_hidden>";
    aml += " <is_hidden2>0</is_hidden2>";
    aml += " <readonly>0</readonly>";
    aml += " <item_behavior>float</item_behavior>";
    aml += " <source_id>";
    aml += "  <Item type=\"ItemType\" action=\"get\" select=\"id\">";
    aml += "   <name>#ValuesRelTypeName#</name>";
    aml += "  </Item>";
    aml += " </source_id>";
    aml += " <data_source>";
    aml += "  <Item type=\"Property\" action=\"get\" select=\"id\">";
    aml += "   <name>item_characteristic_id</name>";
    aml += "   <source_id>";
    aml += "    <Item type=\"ItemType\" action=\"get\" select=\"id\">";
    aml += "     <name>#ValuesRelTypeName#</name>";
    aml += "    </Item>";
    aml += "   </source_id>";
    aml += "  </Item>";
    aml += " </data_source>";
    aml += " <foreign_property>";
    aml += "  <Item type=\"Property\" action=\"get\" select=\"id\">";
    aml += "   <keyed_name>characteristic_value_type</keyed_name>";
    aml += "   <source_id>";
    aml += "    <Item type=\"ItemType\" action=\"get\" select=\"id\">";
    aml += "     <name>Item Characteristic</name>";
    aml += "    </Item>";
    aml += "   </source_id>";
    aml += "  </Item>";
    aml += " </foreign_property>";
    aml += "</Item>";

    aml += "<Item type=\"Property\" action=\"merge\" where=\"Property.name='display_value' and Property.source_id=(select id from ItemType where ItemType.name='#ValuesRelTypeName#')\">";
    aml += " <name>display_value</name>";
    aml += " <column_alignment>left</column_alignment>";
    aml += " <column_width>200</column_width>";
    aml += " <data_type>string</data_type>";
    aml += " <is_hidden>0</is_hidden>";
    aml += " <is_hidden2>0</is_hidden2>";
    aml += " <readonly>0</readonly>";
    aml += " <label xml:lang=\"en\">Value</label>";
    aml += " <sort_order>23</sort_order>";
    aml += " <stored_length>128</stored_length>";
    aml += " <source_id>";
    aml += "  <Item type=\"ItemType\" action=\"get\" select=\"id\">";
    aml += "   <name>#ValuesRelTypeName#</name>";
    aml += "  </Item>";
    aml += " </source_id>";
    aml += "<Relationships>";
    aml += " <Item type=\"Grid Event\" action=\"add\">";
    aml += "  <grid_event>oneditstart</grid_event>";
    aml += "  <related_id>";
    aml += "   <Item type=\"Method\" action=\"get\" select=\"id\">";
    aml += "    <name>Char Value Dropdown List</name>";
    aml += "   </Item>";
    aml += "  </related_id>";
    aml += "  <sort_order>10</sort_order>";
    aml += "  <source_id>";
	aml += "   <Item type=\"Property\" action=\"get\" select=\"id\" where=\"Property.name='display_value' and Property.source_id=(select id from ItemType where ItemType.name='#ValuesRelTypeName#')\" />";
	aml += "  </source_id>";
    aml += " </Item>";
    aml += "</Relationships>";

    aml += "</Item>";
    aml += "<Item type=\"Property\" action=\"merge\" where=\"Property.name='item_characteristic_value_unit' and Property.source_id=(select id from ItemType where ItemType.name='#ValuesRelTypeName#')\" >";
    aml += " <name>item_characteristic_value_unit</name>";
    aml += " <data_type>foreign</data_type>";
    aml += " <label xml:lang=\"en\">Unit</label>";
    aml += " <sort_order>24</sort_order>";
    aml += " <column_alignment>left</column_alignment>";
    aml += " <column_width>40</column_width>";
    aml += " <is_hidden>0</is_hidden>";
    aml += " <is_hidden2>0</is_hidden2>";
    aml += " <readonly>0</readonly>";
    aml += " <item_behavior>float</item_behavior>";
    aml += " <source_id>";
    aml += "  <Item type=\"ItemType\" action=\"get\" select=\"id\">";
    aml += "   <name>#ValuesRelTypeName#</name>";
    aml += "  </Item>";
    aml += " </source_id>";
    aml += " <data_source>";
    aml += "  <Item type=\"Property\" action=\"get\" select=\"id\">";
    aml += "   <name>item_characteristic_id</name>";
    aml += "   <source_id>";
    aml += "    <Item type=\"ItemType\" action=\"get\" select=\"id\">";
    aml += "     <name>#ValuesRelTypeName#</name>";
    aml += "    </Item>";
    aml += "   </source_id>";
    aml += "  </Item>";
    aml += " </data_source>";
    aml += " <foreign_property>";
    aml += "  <Item type=\"Property\" action=\"get\" select=\"id\">";
    aml += "   <keyed_name>value_unit_of_measure</keyed_name>";
    aml += "   <source_id>";
    aml += "    <Item type=\"ItemType\" action=\"get\" select=\"id\">";
    aml += "     <name>Item Characteristic</name>";
    aml += "    </Item>";
    aml += "   </source_id>";
    aml += "  </Item>";
    aml += " </foreign_property>";
    aml += "</Item>";

    aml += "<Item type=\"Property\" action=\"merge\" where=\"Property.name='min_tolerance' and Property.source_id=(select id from ItemType where ItemType.name='#ValuesRelTypeName#')\" >";
    aml += " <name>min_tolerance</name>";
    aml += " <data_type>foreign</data_type>";
    aml += " <label xml:lang=\"en\">Min Tolerance</label>";
    aml += " <sort_order>30</sort_order>";
    aml += " <column_alignment>left</column_alignment>";
    aml += " <column_width>80</column_width>";
    aml += " <is_hidden>0</is_hidden>";
    aml += " <is_hidden2>0</is_hidden2>";
    aml += " <readonly>0</readonly>";
    aml += " <item_behavior>float</item_behavior>";
    aml += " <source_id>";
    aml += "  <Item type=\"ItemType\" action=\"get\" select=\"id\">";
    aml += "   <name>#ValuesRelTypeName#</name>";
    aml += "  </Item>";
    aml += " </source_id>";
    aml += " <data_source>";
    aml += "  <Item type=\"Property\" action=\"get\" select=\"id\">";
    aml += "   <name>item_characteristic_id</name>";
    aml += "   <source_id>";
    aml += "    <Item type=\"ItemType\" action=\"get\" select=\"id\">";
    aml += "     <name>#ValuesRelTypeName#</name>";
    aml += "    </Item>";
    aml += "   </source_id>";
    aml += "  </Item>";
    aml += " </data_source>";
    aml += " <foreign_property>";
    aml += "  <Item type=\"Property\" action=\"get\" select=\"id\">";
    aml += "   <keyed_name>allowed_min_value</keyed_name>";
    aml += "   <source_id>";
    aml += "    <Item type=\"ItemType\" action=\"get\" select=\"id\">";
    aml += "     <name>Item Characteristic</name>";
    aml += "    </Item>";
    aml += "   </source_id>";
    aml += "  </Item>";
    aml += " </foreign_property>";
    aml += "</Item>";

    aml += "<Item type=\"Property\" action=\"merge\" where=\"Property.name='max_tolerance' and Property.source_id=(select id from ItemType where ItemType.name='#ValuesRelTypeName#')\" >";
    aml += " <name>max_tolerance</name>";
    aml += " <data_type>foreign</data_type>";
    aml += " <label xml:lang=\"en\">Max Tolerance</label>";
    aml += " <sort_order>31</sort_order>";
    aml += " <column_alignment>left</column_alignment>";
    aml += " <column_width>80</column_width>";
    aml += " <is_hidden>0</is_hidden>";
    aml += " <is_hidden2>0</is_hidden2>";
    aml += " <readonly>0</readonly>";
    aml += " <item_behavior>float</item_behavior>";
    aml += " <source_id>";
    aml += "  <Item type=\"ItemType\" action=\"get\" select=\"id\">";
    aml += "   <name>#ValuesRelTypeName#</name>";
    aml += "  </Item>";
    aml += " </source_id>";
    aml += " <data_source>";
    aml += "  <Item type=\"Property\" action=\"get\" select=\"id\">";
    aml += "   <name>item_characteristic_id</name>";
    aml += "   <source_id>";
    aml += "    <Item type=\"ItemType\" action=\"get\" select=\"id\">";
    aml += "     <name>#ValuesRelTypeName#</name>";
    aml += "    </Item>";
    aml += "   </source_id>";
    aml += "  </Item>";
    aml += " </data_source>";
    aml += " <foreign_property>";
    aml += "  <Item type=\"Property\" action=\"get\" select=\"id\">";
    aml += "   <keyed_name>allowed_max_value</keyed_name>";
    aml += "   <source_id>";
    aml += "    <Item type=\"ItemType\" action=\"get\" select=\"id\">";
    aml += "     <name>Item Characteristic</name>";
    aml += "    </Item>";
    aml += "   </source_id>";
    aml += "  </Item>";
    aml += " </foreign_property>";
    aml += "</Item>";

    aml += "<Item type=\"Property\" action=\"merge\" where=\"Property.name='text_value' and Property.source_id=(select id from ItemType where ItemType.name='#ValuesRelTypeName#')\">";
    aml += " <name>text_value</name>";
    aml += " <column_alignment>left</column_alignment>";
    aml += " <column_width>200</column_width>";
    aml += " <data_type>string</data_type>";
    aml += " <is_hidden>0</is_hidden>";
    aml += " <is_hidden2>1</is_hidden2>";
    aml += " <readonly>0</readonly>";
    aml += " <label xml:lang=\"en\">Text Value</label>";
    aml += " <sort_order>1000</sort_order>";
    aml += " <stored_length>128</stored_length>";
    aml += " <source_id>";
    aml += "  <Item type=\"ItemType\" action=\"get\" select=\"id\">";
    aml += "   <name>#ValuesRelTypeName#</name>";
    aml += "  </Item>";
    aml += " </source_id>";
	aml += " <Relationships>";
	aml += " <Item type=\"Grid Event\" action=\"add\">";
	aml += "  <grid_event>oneditstart</grid_event>";
	aml += "  <related_id>";
    aml += "   <Item type=\"Method\" action=\"get\" select=\"id\">";
	aml += "    <name>OnEditCharacteristicValueCells</name>";
	aml += "   </Item>";
	aml += "  </related_id>";
	aml += "  <sort_order>10</sort_order>";
    aml += "  <source_id>";
	aml += "   <Item type=\"Property\" action=\"get\" select=\"id\" where=\"Property.name='text_value' and Property.source_id=(select id from ItemType where ItemType.name='#ValuesRelTypeName#')\" />";
	aml += "  </source_id>";
    aml += " </Item>";
    aml += "</Relationships>";
    aml += "</Item>";

    aml += "<Item type=\"Property\" action=\"merge\" where=\"Property.name='min_value' and Property.source_id=(select id from ItemType where ItemType.name='#ValuesRelTypeName#')\">";
    aml += " <data_type>float</data_type>";
    aml += " <sort_order>1001</sort_order>";
    aml += " <name>min_value</name>";
    aml += " <label xml:lang=\"en\">Min Value</label>";
    aml += " <prec/>";
    aml += " <scale/>";
    aml += " <column_alignment>left</column_alignment>";
    aml += " <column_width>80</column_width>";
    aml += " <is_required>0</is_required>";
    aml += " <is_hidden>0</is_hidden>";
    aml += " <is_hidden2>1</is_hidden2>";
    aml += " <readonly>0</readonly>";
    aml += " <source_id>";
    aml += "  <Item type=\"ItemType\" action=\"get\" select=\"id\">";
    aml += "   <name>#ValuesRelTypeName#</name>";
    aml += "  </Item>";
    aml += " </source_id>";
	aml += " <Relationships>";
	aml += " <Item type=\"Grid Event\" action=\"add\">";
	aml += "  <grid_event>oneditstart</grid_event>";
	aml += "  <related_id>";
    aml += "   <Item type=\"Method\" action=\"get\" select=\"id\">";
	aml += "    <name>OnEditCharacteristicValueCells</name>";
	aml += "   </Item>";
	aml += "  </related_id>";
	aml += "  <sort_order>10</sort_order>";
    aml += "  <source_id>";
	aml += "   <Item type=\"Property\" action=\"get\" select=\"id\" where=\"Property.name='min_value' and Property.source_id=(select id from ItemType where ItemType.name='#ValuesRelTypeName#')\" />";
	aml += "  </source_id>";
    aml += " </Item>";
    aml += "</Relationships>";
    aml += "</Item>";

    aml += "<Item type=\"Property\" action=\"merge\" where=\"Property.name='max_value' and Property.source_id=(select id from ItemType where ItemType.name='#ValuesRelTypeName#')\">";
    aml += " <data_type>float</data_type>";
    aml += " <sort_order>1002</sort_order>";
    aml += " <name>max_value</name>";
    aml += " <label xml:lang=\"en\">Max Value</label>";
    aml += " <prec/>";
    aml += " <scale/>";
    aml += " <column_alignment>left</column_alignment>";
    aml += " <column_width>80</column_width>";
    aml += " <is_required>0</is_required>";
    aml += " <is_hidden>0</is_hidden>";
    aml += " <is_hidden2>1</is_hidden2>";
    aml += " <readonly>0</readonly>";
    aml += " <source_id>";
    aml += "  <Item type=\"ItemType\" action=\"get\" select=\"id\">";
    aml += "   <name>#ValuesRelTypeName#</name>";
    aml += "  </Item>";
    aml += " </source_id>";
	aml += " <Relationships>";
	aml += " <Item type=\"Grid Event\" action=\"add\">";
	aml += "  <grid_event>oneditstart</grid_event>";
	aml += "  <related_id>";
    aml += "   <Item type=\"Method\" action=\"get\" select=\"id\">";
	aml += "    <name>OnEditCharacteristicValueCells</name>";
	aml += "   </Item>";
	aml += "  </related_id>";
	aml += "  <sort_order>10</sort_order>";
    aml += "  <source_id>";
	aml += "   <Item type=\"Property\" action=\"get\" select=\"id\" where=\"Property.name='max_value' and Property.source_id=(select id from ItemType where ItemType.name='#ValuesRelTypeName#')\" />";
	aml += "  </source_id>";
    aml += " </Item>";
    aml += "</Relationships>";
    aml += "</Item>";

    aml += "<Item type=\"Property\" action=\"merge\" where=\"Property.name='decimal_precision' and Property.source_id=(select id from ItemType where ItemType.name='#ValuesRelTypeName#')\" >";
    aml += " <name>decimal_precision</name>";
    aml += " <data_type>foreign</data_type>";
    aml += " <label xml:lang=\"en\">Decimal Precision</label>";
    aml += " <sort_order>7128</sort_order>";
    aml += " <column_alignment>left</column_alignment>";
    aml += " <column_width/>";
    aml += " <is_hidden>1</is_hidden>";
    aml += " <is_hidden2>1</is_hidden2>";
    aml += " <readonly>0</readonly>";
    aml += " <item_behavior>float</item_behavior>";
    aml += " <source_id>";
    aml += "  <Item type=\"ItemType\" action=\"get\" select=\"id\">";
    aml += "   <name>#ValuesRelTypeName#</name>";
    aml += "  </Item>";
    aml += " </source_id>";
    aml += " <data_source>";
    aml += "  <Item type=\"Property\" action=\"get\" select=\"id\">";
    aml += "   <name>item_characteristic_id</name>";
    aml += "   <source_id>";
    aml += "    <Item type=\"ItemType\" action=\"get\" select=\"id\">";
    aml += "     <name>#ValuesRelTypeName#</name>";
    aml += "    </Item>";
    aml += "   </source_id>";
    aml += "  </Item>";
    aml += " </data_source>";
    aml += " <foreign_property>";
    aml += "  <Item type=\"Property\" action=\"get\" select=\"id\">";
    aml += "   <keyed_name>value_decimal_precision</keyed_name>";
    aml += "   <source_id>";
    aml += "    <Item type=\"ItemType\" action=\"get\" select=\"id\">";
    aml += "     <name>Item Characteristic</name>";
    aml += "    </Item>";
    aml += "   </source_id>";
    aml += "  </Item>";
    aml += " </foreign_property>";
    aml += "</Item>";

    aml += "<Item type=\"Property\" action=\"merge\" where=\"Property.name='max_num_length' and Property.source_id=(select id from ItemType where ItemType.name='#ValuesRelTypeName#')\" >";
    aml += " <name>max_num_length</name>";
    aml += " <data_type>foreign</data_type>";
    aml += " <label xml:lang=\"en\">Numeric Length</label>";
    aml += " <sort_order>7256</sort_order>";
    aml += " <column_alignment>left</column_alignment>";
    aml += " <column_width/>";
    aml += " <is_hidden>1</is_hidden>";
    aml += " <is_hidden2>1</is_hidden2>";
    aml += " <readonly>0</readonly>";
    aml += " <item_behavior>float</item_behavior>";
    aml += " <source_id>";
    aml += "  <Item type=\"ItemType\" action=\"get\" select=\"id\">";
    aml += "   <name>#ValuesRelTypeName#</name>";
    aml += "  </Item>";
    aml += " </source_id>";
    aml += " <data_source>";
    aml += "  <Item type=\"Property\" action=\"get\" select=\"id\">";
    aml += "   <name>item_characteristic_id</name>";
    aml += "   <source_id>";
    aml += "    <Item type=\"ItemType\" action=\"get\" select=\"id\">";
    aml += "     <name>#ValuesRelTypeName#</name>";
    aml += "    </Item>";
    aml += "   </source_id>";
    aml += "  </Item>";
    aml += " </data_source>";
    aml += " <foreign_property>";
    aml += "  <Item type=\"Property\" action=\"get\" select=\"id\">";
    aml += "   <keyed_name>max_numeric_length</keyed_name>";
    aml += "   <source_id>";
    aml += "    <Item type=\"ItemType\" action=\"get\" select=\"id\">";
    aml += "     <name>Item Characteristic</name>";
    aml += "    </Item>";
    aml += "   </source_id>";
    aml += "  </Item>";
    aml += " </foreign_property>";
    aml += "</Item>";

    aml += "<Item type=\"Property\" action=\"merge\" where=\"Property.name='max_text_length' and Property.source_id=(select id from ItemType where ItemType.name='#ValuesRelTypeName#')\" >";
    aml += " <name>max_text_length</name>";
    aml += " <data_type>foreign</data_type>";
    aml += " <label xml:lang=\"en\">Text Length</label>";
    aml += " <sort_order>7384</sort_order>";
    aml += " <column_alignment>left</column_alignment>";
    aml += " <column_width/>";
    aml += " <is_hidden>1</is_hidden>";
    aml += " <is_hidden2>1</is_hidden2>";
    aml += " <readonly>0</readonly>";
    aml += " <item_behavior>float</item_behavior>";
    aml += " <source_id>";
    aml += "  <Item type=\"ItemType\" action=\"get\" select=\"id\">";
    aml += "   <name>#ValuesRelTypeName#</name>";
    aml += "  </Item>";
    aml += " </source_id>";
    aml += " <data_source>";
    aml += "  <Item type=\"Property\" action=\"get\" select=\"id\">";
    aml += "   <name>item_characteristic_id</name>";
    aml += "   <source_id>";
    aml += "    <Item type=\"ItemType\" action=\"get\" select=\"id\">";
    aml += "     <name>#ValuesRelTypeName#</name>";
    aml += "    </Item>";
    aml += "   </source_id>";
    aml += "  </Item>";
    aml += " </data_source>";
    aml += " <foreign_property>";
    aml += "  <Item type=\"Property\" action=\"get\" select=\"id\">";
    aml += "   <keyed_name>max_text_length</keyed_name>";
    aml += "   <source_id>";
    aml += "    <Item type=\"ItemType\" action=\"get\" select=\"id\">";
    aml += "     <name>Item Characteristic</name>";
    aml += "    </Item>";
    aml += "   </source_id>";
    aml += "  </Item>";
    aml += " </foreign_property>";
    aml += "</Item>";

	// Server event on NULL relationship to process values onSave
    aml += "<Item type=\"Server Event\" action=\"add\">";
    aml += " <event_version>version_1</event_version>";
    aml += " <related_id>";
    aml += "  <Item type=\"Method\" action=\"get\" select=\"id\">";
    aml += "   <name>SaveValueAsNumOrText</name>";
    aml += "  </Item>";
    aml += " </related_id>";
    aml += " <server_event>onBeforeUpdate</server_event>";
    aml += " <sort_order>10</sort_order>";
    aml += " <source_id>";
    aml += "  <Item type=\"ItemType\" action=\"get\" select=\"id\" ><name>#ValuesRelTypeName#</name></Item>";
    aml += " </source_id>";
    aml += "</Item>";
	// Server event on NULL relationship to extend select props onBeforeGet
    aml += "<Item type=\"Server Event\" action=\"add\">";
    aml += " <event_version>version_1</event_version>";
    aml += " <related_id>";
    aml += "  <Item type=\"Method\" action=\"get\" select=\"id\">";
    aml += "   <name>includePropsForLanguageResolve</name>";
    aml += "  </Item>";
    aml += " </related_id>";
    aml += " <server_event>onBeforeGet</server_event>";
    aml += " <sort_order>10</sort_order>";
    aml += " <source_id>";
    aml += "  <Item type=\"ItemType\" action=\"get\" select=\"id\" ><name>#ValuesRelTypeName#</name></Item>";
    aml += " </source_id>";
    aml += "</Item>";
	// Server event on NULL relationship to set language specific display values onAfterGet
    aml += "<Item type=\"Server Event\" action=\"add\">";
    aml += " <event_version>version_1</event_version>";
    aml += " <related_id>";
    aml += "  <Item type=\"Method\" action=\"get\" select=\"id\">";
    aml += "   <name>resolveLanguageDisplayValue</name>";
    aml += "  </Item>";
    aml += " </related_id>";
    aml += " <server_event>onAfterGet</server_event>";
    aml += " <sort_order>10</sort_order>";
    aml += " <source_id>";
    aml += "  <Item type=\"ItemType\" action=\"get\" select=\"id\" ><name>#ValuesRelTypeName#</name></Item>";
    aml += " </source_id>";
    aml += "</Item>";
	
    aml += "</AML>";
return aml.Replace("#ValuesRelTypeName#",valuesRelshipName);
}


// needed to end method
void methodEnd () {
	return;
]]></method_code>
  <method_type>C#</method_type>
  <owned_by_id keyed_name="Innovator Admin" type="Identity">DBA5D86402BF43D5976854B8B48FCDD1</owned_by_id>
  <name>ItemType Classif AddValueRelShip</name>
 </Item>
</AML>