﻿<AML>
 <Item type="Method" id="659C7EDB07F3472EAAB1D71D03C43959" action="add">
  <comments>Saves a defined item's properties and characteristic values defined in item context</comments>
  <execution_allowed_to keyed_name="World" type="Identity">A73B655731924CD0B027E4F4D5FCC0A9</execution_allowed_to>
  <method_code><![CDATA[// Item context with <Relationships> tag listing the item's characteristic value to be saved must be passed in.
// A single Item must be identified by providing the item "id" or a "where-clause" in the item context !!

// Item attribute "doGetItem" can be set "1" to get item details and all its characteristic values returned after save has finished.
// A custom item attribute "characteristicValuesRelationship" can be provided to identify in which relationship
// the item's characteristic values are to be saved under.
//   if this custom attribute is missing, then the item is expected to be of type "Part" and
//   the relationship name "Part Item Characteristic Value" will be used !!!

// The items provided under the <Relationships> tag must be of the same type defined by attribute "characteristicValuesRelationship"
// The properties on these relationship items must be:

//   <item_characteristic_id> or <item_characteristic_name>
//   <item_characteristic_class_id> or <item_characteristic_class_name>
//   <item_characteristic_value_type> or <item_characteristic_value_type>  ## must be Text, Number, or  List
//   <default_value>
//   optionally <sort_order> can be specified, and will be updated

// The (parent) item of the characteristics must exist on the server already !
// any properties provided for the (parent) items will get updated, as well
// if (parent) item is not locked, action "edit" with "version=0" will be applied

// The item characteristic must not exist on the (parent) item.
// If a charactisitic to be saved exists for the item, it will be updated.
// If it does not exist, it will be added with the given value.

// Note: the characteristic Value relationship has logic attached to event "onBeforeUpdate" that takes care of 
//       parsing <default_value> to update additional fields on this relationship.

// Example: (works with Solutions Demo Database)

// <Item type="Part" action="ItemCharacteristicSaveToItem" id="A17A82D6497C4F348006A2FE4C07EB4A" doGetItem="0" >
//   <description>TEST 111</description>
//   <Relationships>
//     <Item type="Part Item Characteristic Value" >
//       <item_characteristic_class_name>Part Classifications (Root)</item_characteristic_class_name>
//       <item_characteristic_name>Industry Standard</item_characteristic_name>
//       <item_characteristic_type>Text</item_characteristic_type>
//       <display_value>ISO 9000</display_value>
//     </Item>
//     <Item type="Part Item Characteristic Value" >
//       <item_characteristic_class_name>Part Classifications (Root)</item_characteristic_class_name>
//       <item_characteristic_name>Product Category</item_characteristic_name>
//       <item_characteristic_type>Text</item_characteristic_type>
//       <display_value>Golf Trolleys</display_value>
//       <sort_order>10</sort_order>
//     </Item>
//   </Relationships>
// </Item>

myCCO = CCO;
    return Main();
}

private Aras.Server.Core.CallContext myCCO;


public Item Main()
{
//System.Diagnostics.Debugger.Break();

string itemId = this.getID();
string itemType = this.getType();
string itemWhereClause = this.getAttribute("where","");
if (itemId == "" && itemWhereClause == "") {return this.getInnovator().newError("Item context must contain the 'id' of the item or 'where' attribute with item identifying criteria !");}

string characteristicValuesRelationship = this.getAttribute("characteristicValuesRelationship","");
if (characteristicValuesRelationship == "")  //assume item type is "Part"
{
  if (itemType != "Part") {return this.getInnovator().newError("Item context passed in without 'characteristicValuesRelationship' defined is of type '"+itemType+"' but must be of type 'Part' !");}
  characteristicValuesRelationship = "Part Item Characteristic Value";
}

// strip relationships from itemXML
string itemXML = this.dom.InnerXml;
int pos1 = itemXML.IndexOf("<Relationships>");
if (pos1 > 0)
{
  string tmpXML = itemXML;
  itemXML = itemXML.Substring(0,pos1);
  pos1 = tmpXML.IndexOf("</Relationships>")+16;
  itemXML += tmpXML.Substring(pos1,tmpXML.Length-pos1);
}

Item saveItem = this.newItem("","");
saveItem.loadAML(itemXML);
saveItem.setAction("get");
Item res = saveItem.apply();
if (res.isError()) {return res;}
if (res.getItemCount() > 1) {this.getInnovator().newError("This item is not a single item !");}

// deteermine save action
if (res.getLockStatus() >1) {return this.getInnovator().newError("This item is locked by someone else. Save action is denied !");}
if (res.getLockStatus() == 0)
{
  // will use version='0'  - to avoid creating a new generation, if item is a versionable item
  saveItem.setAction("edit");
  saveItem.setAttribute("version","0");
}
else
{
  // if this is the first update since item was locked, a new generation (version) of the item will be generated.
  // if the item is a versinable item
  saveItem.setAction("update");
}

// check if item can be read from server (without relationship)
Item charactersiticValueRels = this.getRelationships(characteristicValuesRelationship);

//validate all values first, exit on error. 
int i =charactersiticValueRels.getItemCount();
for (i=0; i<charactersiticValueRels.getItemCount(); i++)
{
  Item characteristicValueRel = charactersiticValueRels.getItemByIndex(i);
  
  string displayValue = characteristicValueRel.getProperty("display_value","");
  if (displayValue == "") {return this.getInnovator().newError("One or more Characteristic Relationships do not have 'display_value' set !");}
  
  string characteristicType = "";
  string sortOrder = characteristicValueRel.getProperty("sort_order","");
  string characteristicId = characteristicValueRel.getProperty("item_characteristic_id","");
  if (characteristicId != "")
  {
    //get characteristicType
    res = this.newItem("","");
    res.loadAML("<Item type='Item Characteristic' action='get' select='id,characteristic_value_type' ><id>"+characteristicId+"</id></Item>");
    res = res.apply();
    characteristicId = res.getID();
  }
  else
  {
    string characteristicName = characteristicValueRel.getProperty("item_characteristic_name","");
    if (characteristicName == "") {return this.getInnovator().newError("One or more Characteristic Relationships do not have 'item_characteristic_id' or 'item_characteristic_name' set !");}

    //get characteristicId and Type
    res = this.newItem("","");
    res.loadAML("<Item type='Item Characteristic' action='get' select='id,characteristic_value_type' ><name>"+characteristicName+"</name></Item>");
    res = res.apply();
    if (res.getItemCount() > 1) {return this.getInnovator().newError("Item Characteristic name '"+characteristicName+"' is configured multiple times ! Use the 'item_characteristic_id' instead for these Characteristic Relationships !");}
  }
  if (res.isError()) {return res;}
    
  characteristicId = res.getID();
  characteristicType = res.getProperty("characteristic_value_type","");

  string characteristicClassId = characteristicValueRel.getProperty("item_characteristic_class_id","");
  if (characteristicClassId == "")
  {
    string characteristicClassName = characteristicValueRel.getProperty("item_characteristic_class_name","");
    if (characteristicClassName == "") {return this.getInnovator().newError("One or more Characteristic Relationships do not have 'item_characteristic_class_id' or 'item_characteristic_class_name' set !");}

    //get characteristicId
    res = this.newItem("","");
    res.loadAML("<Item type='Item Class' action='get' select='id' ><name>"+characteristicClassName+"</name></Item>");
    res = res.apply();
    if (res.isError()) {return res;}
    if (res.getItemCount() > 1) {return this.getInnovator().newError("Item class name '"+characteristicClassName+"' is configured multiple times ! Use the 'item_characteristic_class_id' instead for these Characteristic Relationships !");}
    
    characteristicClassId = res.getID();
  }
  
  // get rel item from server to determine lock status
  Item saveCharacteristicValueRel = this.newItem(characteristicValuesRelationship,"get");
  saveCharacteristicValueRel.setAttribute("doGetItem","1");
  saveCharacteristicValueRel.setAttribute("select","source_id,item_characteristic_id,display_value");
  saveCharacteristicValueRel.setProperty("source_id",itemId);
  saveCharacteristicValueRel.setProperty("item_characteristic_id",characteristicId);
  saveCharacteristicValueRel.setProperty("item_characteristic_class_id",characteristicClassId);
  res = saveCharacteristicValueRel.apply();

  //older versions of the Item Characteristic solution did not have item_charateristic_class_id on values
  //try to get relationship without this criteria
  bool hasCharactClassConditon = true;
  if (res.getItemCount() == 0)
  {
  	hasCharactClassConditon = false;
    saveCharacteristicValueRel.removeProperty("item_characteristic_class_id");
    res = saveCharacteristicValueRel.apply();
  }
  
  // if the characteristic value does not exist for this source_id (Item), it will be added, then updated
  if (res.getItemCount() == 0)
  {
  	
    //check if (parent) item has item_class_id property set. If not update with item_characteristic_class_id
    string itemClassId = saveItem.getProperty("item_class_id","");
    if (itemClassId == "")
    {
      //preserve attributes
      string saveItemAction = saveItem.getAttribute("action");
      string saveItemSelect = saveItem.getAttribute("select");
      
      saveItem.setAction("get");
      saveItem.setAttribute("select","item_class_id");
      res = saveItem.apply();
      
      if (res.getProperty("item_class_id","") == "")
      {
        // set class id on parent item to characteristic's class id
        saveItem.setProperty("item_class_id",characteristicClassId);
      }	

      // restore attributes
      saveItem.setAction(saveItemAction);
      if (saveItemSelect == "") {saveItem.removeAttribute("select");}
      else {saveItem.setAttribute("select",saveItemSelect);}
    }
    
    // add characteristic to parent item
    saveCharacteristicValueRel.setAction("add");
    res = saveCharacteristicValueRel.apply();
    if (res.isError()) {return res;}    
  }
  
  // if the characteristic is listed on this source_id (Item) and is locked by some one else, throw an error
  // if locked by user, use action "update". Else use action "edit"
  if (res.getItemCount() == 1)
  {
//  	saveCharacteristicValueRel.setAttribute("id",res.getID()); // id of rel to update
    saveCharacteristicValueRel.setProperty("item_characteristic_value_type",characteristicType);
  	
    int lockStatus = res.getLockStatus();
    if (lockStatus > 1) {return this.getInnovator().newError("One or more Characteristic Relationships are locked by someone else !");}
    if (lockStatus == 1)
    {
      saveCharacteristicValueRel.setAction("update");
    }
    else
    {
      saveCharacteristicValueRel.setAction("edit");
  	  saveCharacteristicValueRel.setAttribute("version","0");
    }
    
    // set update criteria
    string TN = myCCO.DB.GenerateTableName(characteristicValuesRelationship);
    string relsWhereClause = "["+TN+"].source_id='"+itemId+"' and ["+TN+"].item_characteristic_id='"+characteristicId+"'";
    if (hasCharactClassConditon)
    {
      relsWhereClause += " and ["+TN+"].item_characteristic_class_id='"+characteristicClassId+"'";
    }
    saveCharacteristicValueRel.setAttribute("where",relsWhereClause);
    saveCharacteristicValueRel.setProperty("item_characteristic_class_id",characteristicClassId);
    saveCharacteristicValueRel.setProperty("item_characteristic_id",characteristicId);

    // set values to update
    if (sortOrder != "")
    {
      saveCharacteristicValueRel.setProperty("sort_order",sortOrder);
    }

    saveCharacteristicValueRel.setProperty("display_value",displayValue);

    // add to rels collection  
    saveItem.addRelationship(saveCharacteristicValueRel);
  }
}

// apply the save action to the item (without relationships)
saveItem.setAttribute("doGetItem","0");
res = saveItem.apply();
if (res.isError()) {return res;}

if (this.getAttribute("doGetItem","0") == "1")
{
  // return updated item and characteristc values relationships
  return saveItem.apply("ItemCharacteristicGetAllOfItems");
}
else
{
  return res;
}

]]></method_code>
  <method_type>C#</method_type>
  <owned_by_id keyed_name="Innovator Admin" type="Identity">DBA5D86402BF43D5976854B8B48FCDD1</owned_by_id>
  <name>ItemCharacteristicSaveToItem</name>
 </Item>
</AML>