﻿<AML>
 <Item type="Method" id="4FAFB45D58984F698B413D38454865C8" action="add">
  <execution_allowed_to keyed_name="World" type="Identity">A73B655731924CD0B027E4F4D5FCC0A9</execution_allowed_to>
  <method_code><![CDATA[// called from "onBeforeAdd" event
if (this.getAttribute("addItemCharacteristicValues","0") == "0") {return this;}  // nothing to do
// save the option so it can be processed during the correponding "onAfterAdd" event
RequestState.Add("addItemCharacteristicValues","1");
return this;]]></method_code>
  <method_type>C#</method_type>
  <name>ItemCharacteristicAddToItem_prep</name>
 </Item>
</AML>