﻿<AML>
 <Item type="Method" id="6CFC58BA90AF4F81AC77A82CFAD7C059" action="add">
  <execution_allowed_to keyed_name="World" type="Identity">A73B655731924CD0B027E4F4D5FCC0A9</execution_allowed_to>
  <method_code><![CDATA[/// this is critical to support multi language display of list values !!!

//System.Diagnostics.Debugger.Break();
for (int i=0;i<this.getItemCount();i++) {
	Item itm = this.getItemByIndex(i);
	string charactValueType = itm.getProperty("item_characteristic_value_type","");
	
	if (charactValueType == "List") {
		string textValue = itm.getProperty("text_value","");
		string itemCharacteristicId = itm.getProperty("item_characteristic_id","");
		if (textValue != "" && itemCharacteristicId != "") {
			itm.setProperty("display_value",getListValueLabel(itemCharacteristicId, textValue));
		}
	}
}
return this;
}

// --- local functions ---
public string getListValueLabel(string itemCharacteristicId, string listValue)
{
	// label is assumed to be in current language context of the user (session)
	Item characteristicListValue = this.getInnovator().applyAML("<AML><Item type='Item Characteristic List Value' action='get' select='label,value'><source_id>"+itemCharacteristicId+"</source_id><label>"+listValue+"</label></Item></AML>");
	if (characteristicListValue.isError()) {return "";}  // could not find the matching value
	return characteristicListValue.getItemByIndex(0).getProperty("label","");
}

// needed to end method
void methodEnd () {
	return;
]]></method_code>
  <method_type>C#</method_type>
  <name>resolveLanguageDisplayValue</name>
 </Item>
</AML>