﻿<AML>
 <Item type="Method" id="B25B7E3113234A5388C4DC4FFD0529D0" action="add">
  <execution_allowed_to keyed_name="World" type="Identity">A73B655731924CD0B027E4F4D5FCC0A9</execution_allowed_to>
  <method_code><![CDATA[// if edit mode then show button to start special search dialog
// else hide the button
window.itemProperty = "";

showOrHideItemClassSelectButtons = function (isShowButtons) {
 var elements = document.getElementsByClassName("itemClassSelectButton");
 for (var i=0; i<elements.length; i++){
     if (isShowButtons) {
       elements[i].style.visibility = "visible";
     }
     else {
       elements[i].style.visibility = "hidden";
     }
 }
};

if (document.isEditMode) {
	//document.getElementById('showItemClassBtn').style.visibility = 'visible'; 
	showOrHideItemClassSelectButtons(true);
} else {
	//document.getElementById('showItemClassBtn').style.visibility = 'hidden';
	showOrHideItemClassSelectButtons(false);
}

// --------------
showOrHideButtons = function () {
 var elements = document.getElementsByTagName("input");
 for (var i=0; i<elements.length; i++){
   // Look for a custom attribute named "populate"
   if (elements[i].identity_search_link == "1") {
     var elem = elements[i].parentNode;
     elem = elem.parentNode;
     if (document.isEditMode) { //  Form is in edit mode,
       elem.style.visibility = "visible";
     }
     else {
       elem.style.visibility = "hidden";
     }
   }
 }
};

window.showItemClassHierarchyTreeGrid = function(propertyNameOfTopClass) {
	if (!document.isEditMode) {
	   top.aras.AlertError("Material must be locked for this action!");
	   return;
	}
//	alert(propertyNameOfTopClass);
	var itemClassPropName = "";
 	var callback = {
		oncancel: function(dlgRes) {
			var result = dlgRes.result;
			if (!result || result === undefined || result === "") {return;}
			
			var itemClassId = result;
			var selectedItemClass = top.aras.newIOMItem("Item Class","get");
			selectedItemClass.setProperty("id", itemClassId);
			selectedItemClass = selectedItemClass.apply();
			
			var selClassId = selectedItemClass.getID();
			var oldClassId = document.thisItem.getProperty(itemClassPropName);
			
			//##TODO## read "document.thisItem.getProperty("current_state","--")" - then check if it is a starting state in LC - if not change of class should be blocked
			
			//alert(selClassId+" - "+oldClassId);
			if (oldClassId != selClassId) {
				handleItemChange(itemClassPropName, selClassId); // update context
				
				//initiate action to add Characteristics
				top.aras.evalMethod("ItemCharacteristicAddToPart_JS", document.thisItem.node.xml);
			}
			return;
		}
	};
  
	//debugger;
	var topClassId = document.thisItem.getProperty(propertyNameOfTopClass,"");
	if (topClassId === "") {top.aras.AlertError("Cannot get topClassId from property '"+propertyNameOfTopClass+"' on this item !"); return;}
	
	var q = new Item("ItemType Classification", "get"); 
	q.setProperty("top_item_class_id",topClassId);
	q.setAttribute("select", "label,effective_itemtype(keyed_name),values_relationshiptype(keyed_name),top_item_class_id(id,name,state),property_on_itemtype_class ");
	q = q.apply(); // root item will be passed as context item in dialog
	if (q.isError()) {top.aras.AlertError("ItemType Classification for definition for  Top Class '"+topClassId+"' not found !"); return;}
	itemClassPropName = q.getProperty("property_on_itemtype_class","");

	// open modal dialog
	var argsItem = q.getPropertyItem("top_item_class_id");
	argsItem.setAttribute("closeOnDoubleClick","1");
	var formNd = top.aras.getItemByName("Form", "ItemClassTreeDialog", 0);
  
	if (formNd)
	{
		var param = {};
		param.title = "Select a Classification";
		param.formId = formNd.getAttribute("id");
		param.aras = top.aras;
		param.itemTypeName = "Item Class";
		//	param.structRelType = "Item Class Hierarchy";
		param.item = argsItem;

		var width = parseInt(top.aras.getItemProperty(formNd, "width")) +50;
		var height = parseInt(top.aras.getItemProperty(formNd, "height")) +50;

		var options = { dialogHeight:height, dialogWidth:width,  status:0, help:0, resizable:1, scroll:0 };

		var aWindow = top.aras.getMainWindow() == window.top ? top.aras.getMainWindow().document.getElementById("main").contentWindow : top;
		top.aras.modalDialogHelper.show('DefaultPopup', aWindow, param, options, 'ShowFormAsADialog.html', callback);
	}
 
};

window.showClassHierarchyTreeGridWithValidation = function(propertyNameOfTopClass) {
    var isDirty = (document.thisItem.getAttribute("isTemp","0") === "1");
	if (!isDirty) {
		window.showItemClassHierarchyTreeGrid(propertyNameOfTopClass);
	} else {
		top.aras.AlertError("You must save the Part first.");
	}
};

// Main
showOrHideButtons();]]></method_code>
  <method_type>JavaScript</method_type>
  <owned_by_id keyed_name="Innovator Admin" type="Identity">DBA5D86402BF43D5976854B8B48FCDD1</owned_by_id>
  <name>Select Class Hierarchy API</name>
 </Item>
</AML>