﻿<AML>
 <Item type="Method" id="B3DB04CA021640C38E9D937E9F1A0277" action="add">
  <execution_allowed_to keyed_name="World" type="Identity">A73B655731924CD0B027E4F4D5FCC0A9</execution_allowed_to>
  <method_code><![CDATA[string sourceId = this.getProperty("source_id");
string relatedId = this.getProperty("related_id");

Item itemClassHierarchyRel = this.newItem("Item Class Hierarchy", "get");
itemClassHierarchyRel.setID(this.getID());
itemClassHierarchyRel.setAttribute("select","source_id(item_class_path,item_class_path_label),related_id(name,label)");
itemClassHierarchyRel = itemClassHierarchyRel.apply();
if (itemClassHierarchyRel.isError()) {return itemClassHierarchyRel;}

string classPath = itemClassHierarchyRel.getPropertyItem("source_id").getProperty("item_class_path") + "/" + itemClassHierarchyRel.getPropertyItem("related_id").getProperty("name");
string classPathLabel = itemClassHierarchyRel.getPropertyItem("source_id").getProperty("item_class_path_label") + "/" + itemClassHierarchyRel.getPropertyItem("related_id").getProperty("label");

string sql = string.Format("UPDATE ITEM_CLASS SET ITEM_CLASS.item_class_path='{0}',ITEM_CLASS.item_class_path_label='{1}',ITEM_CLASS.is_root='0' WHERE ITEM_CLASS.id='{2}'",classPath,classPathLabel,relatedId);
this.getInnovator().applySQL(sql);

return this;]]></method_code>
  <method_type>C#</method_type>
  <owned_by_id keyed_name="Innovator Admin" type="Identity">DBA5D86402BF43D5976854B8B48FCDD1</owned_by_id>
  <name>SetItemClassPath</name>
 </Item>
</AML>