﻿<AML>
 <Item type="Method" id="C9A21722ABB9451DBF1C303F37B26E50" action="add">
  <comments>generic client method - called from other methods</comments>
  <execution_allowed_to keyed_name="World" type="Identity">A73B655731924CD0B027E4F4D5FCC0A9</execution_allowed_to>
  <method_code><![CDATA[//#### OBSOLETE #### -- handling modal dialogs was moved to calling logic -- because of Chrome support in Innovator 11SP7 ++

//debugger;
var v = top.aras.newIOMItem("Variable","get");
v.setProperty("name", this.getAttribute("variableNameOfItemClassRoot",""));
v = v.apply();
var nm = v.getProperty("value","--");  //variableNameOfItemClassRoot --> must be passed with context item
if (nm === "--") {top.aras.AlertError("Missing parameter 'variableNameOfItemClassRoot' !"); return "";}

var q = new Item("Item Class", "get"); 
q.setProperty("name", nm); // name read from system variable
q.setProperty("is_root", "1"); // only get top node of class tree
q.setAttribute("select", "id,name,state");
var argsItem = q.apply();

if (!argsItem.isError()) {	

  callback = {
		oncancel: function(dlgRes) {
			var result = dlgRes.result;
			if (!result || result === undefined || result === "") {return null;}
			
			var itemClassId = result;
alert(itemClassId);
			var selectedItemClass = top.aras.newIOMItem("Item Class","get");
			selectedItemClass.setProperty("id", itemClassId);
			selectedItemClass = selectedItemClass.apply();
			
			return selectedItemClass;
		}
  };

  var formNd = top.aras.getItemByName("Form", "ItemClassTreeDialog", 0);
  
	argsItem.setAttribute()
	
	
  var res = null;
  if (formNd)
  {
	var param = {};
	param.title = "Select a Classification";
	param.formId = formNd.getAttribute("id");
	param.aras = top.aras;
	param.itemTypeName = "Item Class";
//	param.structRelType = "Item Class Hierarchy";
	param.item = argsItem;

    var width = parseInt(top.aras.getItemProperty(formNd, "width")) +50;
    var height = parseInt(top.aras.getItemProperty(formNd, "height")) +50;

	var options = { dialogHeight:height, dialogWidth:width,  status:0, help:0, resizable:1, scroll:0 };

	var aWindow = top.aras.getMainWindow() == window.top ? top.aras.getMainWindow().document.getElementById("main").contentWindow : top;
	top.aras.modalDialogHelper.show('DefaultPopup', aWindow, param, options, 'ShowFormAsADialog.html', callback);

  }

}
]]></method_code>
  <method_type>JavaScript</method_type>
  <owned_by_id keyed_name="Innovator Admin" type="Identity">DBA5D86402BF43D5976854B8B48FCDD1</owned_by_id>
  <name>Show ItemClass TreeDialog</name>
 </Item>
</AML>