﻿<AML>
 <Item type="Method" id="AE9DEE51DD3340B49129574FA5CB98B7" action="add">
  <execution_allowed_to keyed_name="World" type="Identity">A73B655731924CD0B027E4F4D5FCC0A9</execution_allowed_to>
  <method_code><![CDATA[
//onAfter -Add,Delete,Update,Version of Relationship ItemTypes
//source Item has bool prop 
string source_item_bool_property = "has_allowed_list_value";
string relship_id = this.getAttribute("typeId");
Item relationship = this.newItem("RelationshipType", "get");
if (string.IsNullOrEmpty(relship_id))
{
	relationship.setProperty("name", this.getAttribute("type"));
}
else
{
	relationship.setProperty("relationship_id", relship_id);
}
relationship.setAttribute("select", "name,source_id(name)");
relationship = relationship.apply();

if(relationship.isError())
{
  return relationship;
}

Item source_it = relationship.getPropertyItem("source_id");
string source_id = this.getProperty("source_id");

Item callframe = this.newItem("SQL","SQL PROCESS");
callframe.setProperty("name","update_has_relationships_flag");
callframe.setProperty("PROCESS","CALL");
callframe.setProperty("ARG1", source_it.getProperty("name"));
callframe.setProperty("ARG2", source_id);
callframe.setProperty("ARG3", source_item_bool_property);
callframe.setProperty("ARG4", relationship.getProperty("name"));
callframe = callframe.apply();

return this;]]></method_code>
  <method_type>C#</method_type>
  <owned_by_id keyed_name="Innovator Admin" type="Identity">DBA5D86402BF43D5976854B8B48FCDD1</owned_by_id>
  <name>update_has_allowed_list_flag</name>
 </Item>
</AML>