<AML>
      <Item action="merge" type="Item Class" typeId="F40D94A0E3B74376961645EE76D5D8E3" id="3D654550425840DD9EDE94CE86293038">
        <classification is_null="1" />
        <config_id keyed_name="Part Q Classifications (Root)" type="Item Class">3D654550425840DD9EDE94CE86293038</config_id>
        <created_by_id keyed_name="Innovator Admin" type="User">30B991F927274FA3829655F50C99472E</created_by_id>
        <created_on>2016-12-21T04:50:54</created_on>
        <css is_null="1" />
        <current_state is_null="1" />
        <description is_null="1" />
        <generation>1</generation>
        <id keyed_name="Part Q Classifications (Root)" type="Item Class">3D654550425840DD9EDE94CE86293038</id>
        <is_current>1</is_current>
        <is_released>0</is_released>
        <is_root>1</is_root>
        <item_class_path>/PartQClassifications</item_class_path>
        <item_class_path_label xml:lang="de">/PartQClassifications</item_class_path_label>
        <keyed_name>Part Q Classifications (Root)</keyed_name>
        <label xml:lang="de">Part Q Classifications (Root)</label>
        <locked_by_id is_null="1" />
        <major_rev>A</major_rev>
        <managed_by_id is_null="1" />
        <minor_rev is_null="1" />
        <modified_by_id keyed_name="Innovator Admin" type="User">30B991F927274FA3829655F50C99472E</modified_by_id>
        <modified_on>2016-12-21T09:08:10</modified_on>
        <new_version>1</new_version>
        <not_lockable>0</not_lockable>
        <owned_by_id is_null="1" />
        <permission_id keyed_name="Default Access" type="Permission">9122CD065CF04141B8EFE263FC80BEA4</permission_id>
        <state is_null="1" />
        <team_id is_null="1" />
        <name>Part Q Classifications (Root)</name>
        <Relationships>
          <Item action="merge" type="Item Class Characteristic" typeId="DAB94A91D2B64319AEA7371AC37BF94D" id="71CE874D7BC64834B6AA3E331675BB6C">
            <behavior>float</behavior>
            <classification is_null="1" />
            <config_id keyed_name="71CE874D7BC64834B6AA3E331675BB6C" type="Item Class Characteristic">71CE874D7BC64834B6AA3E331675BB6C</config_id>
            <created_by_id keyed_name="Innovator Admin" type="User">30B991F927274FA3829655F50C99472E</created_by_id>
            <created_on>2016-12-21T09:08:10</created_on>
            <css is_null="1" />
            <current_state is_null="1" />
            <generation>1</generation>
            <id keyed_name="71CE874D7BC64834B6AA3E331675BB6C" type="Item Class Characteristic">71CE874D7BC64834B6AA3E331675BB6C</id>
            <is_current>1</is_current>
            <is_released>0</is_released>
            <keyed_name>71CE874D7BC64834B6AA3E331675BB6C</keyed_name>
            <locked_by_id is_null="1" />
            <major_rev>A</major_rev>
            <managed_by_id is_null="1" />
            <minor_rev is_null="1" />
            <modified_by_id keyed_name="Innovator Admin" type="User">30B991F927274FA3829655F50C99472E</modified_by_id>
            <modified_on>2016-12-21T09:08:10</modified_on>
            <new_version>1</new_version>
            <not_lockable>0</not_lockable>
            <owned_by_id is_null="1" />
            <permission_id keyed_name="Default Access" type="Permission">9122CD065CF04141B8EFE263FC80BEA4</permission_id>
            <related_id keyed_name="Industry Standard" type="Item Characteristic">
              <Item action="merge" type="Item Characteristic" typeId="87CC08361EE94B52B7AA7E7A886DC25E" id="CEEAC51FC5A843348D6F82DE41B44C2D">
                <allowed_max_value is_null="1" />
                <allowed_min_value is_null="1" />
                <allowed_value_pattern></allowed_value_pattern>
                <characteristic_value_type>Text</characteristic_value_type>
                <classification is_null="1" />
                <config_id keyed_name="Industry Standard" type="Item Characteristic">CEEAC51FC5A843348D6F82DE41B44C2D</config_id>
                <created_by_id keyed_name="Innovator Admin" type="User">30B991F927274FA3829655F50C99472E</created_by_id>
                <created_on>2016-12-16T05:52:09</created_on>
                <css is_null="1" />
                <current_state is_null="1" />
                <default_max_value></default_max_value>
                <default_min_value></default_min_value>
                <default_text_value></default_text_value>
                <description></description>
                <generation>1</generation>
                <has_allowed_list_value>0</has_allowed_list_value>
                <id keyed_name="Industry Standard" type="Item Characteristic">CEEAC51FC5A843348D6F82DE41B44C2D</id>
                <is_allow_range>0</is_allow_range>
                <is_current>1</is_current>
                <is_released>0</is_released>
                <keyed_name>Industry Standard</keyed_name>
                <label xml:lang="de">Industry Standard</label>
                <locked_by_id is_null="1" />
                <major_rev>A</major_rev>
                <managed_by_id is_null="1" />
                <max_numeric_length is_null="1" />
                <max_text_length>100</max_text_length>
                <minor_rev is_null="1" />
                <modified_by_id keyed_name="Innovator Admin" type="User">30B991F927274FA3829655F50C99472E</modified_by_id>
                <modified_on>2016-12-16T05:52:09</modified_on>
                <new_version>1</new_version>
                <not_lockable>0</not_lockable>
                <owned_by_id is_null="1" />
                <permission_id keyed_name="Default Access" type="Permission">9122CD065CF04141B8EFE263FC80BEA4</permission_id>
                <state is_null="1" />
                <team_id is_null="1" />
                <value_decimal_precision is_null="1" />
                <value_unit_of_measure is_null="1" />
                <name>Industry Standard</name>
              </Item>
            </related_id>
            <sort_order>128</sort_order>
            <source_id keyed_name="Part Q Classifications (Root)" type="Item Class">3D654550425840DD9EDE94CE86293038</source_id>
            <state is_null="1" />
            <team_id is_null="1" />
          </Item>
          <Item action="merge" type="Item Class Characteristic" typeId="DAB94A91D2B64319AEA7371AC37BF94D" id="8ADB61CE65CA421FA6B0FA99D53A4218">
            <behavior>float</behavior>
            <classification is_null="1" />
            <config_id keyed_name="8ADB61CE65CA421FA6B0FA99D53A4218" type="Item Class Characteristic">8ADB61CE65CA421FA6B0FA99D53A4218</config_id>
            <created_by_id keyed_name="Innovator Admin" type="User">30B991F927274FA3829655F50C99472E</created_by_id>
            <created_on>2016-12-21T09:08:10</created_on>
            <css is_null="1" />
            <current_state is_null="1" />
            <generation>1</generation>
            <id keyed_name="8ADB61CE65CA421FA6B0FA99D53A4218" type="Item Class Characteristic">8ADB61CE65CA421FA6B0FA99D53A4218</id>
            <is_current>1</is_current>
            <is_released>0</is_released>
            <keyed_name>8ADB61CE65CA421FA6B0FA99D53A4218</keyed_name>
            <locked_by_id is_null="1" />
            <major_rev>A</major_rev>
            <managed_by_id is_null="1" />
            <minor_rev is_null="1" />
            <modified_by_id keyed_name="Innovator Admin" type="User">30B991F927274FA3829655F50C99472E</modified_by_id>
            <modified_on>2016-12-21T09:08:10</modified_on>
            <new_version>1</new_version>
            <not_lockable>0</not_lockable>
            <owned_by_id is_null="1" />
            <permission_id keyed_name="Default Access" type="Permission">9122CD065CF04141B8EFE263FC80BEA4</permission_id>
            <related_id keyed_name="Internal Audit Required " type="Item Characteristic">
              <Item action="merge" type="Item Characteristic" typeId="87CC08361EE94B52B7AA7E7A886DC25E" id="90E6D56F92DB4993BB9C14C3323020DF">
                <allowed_max_value is_null="1" />
                <allowed_min_value is_null="1" />
                <allowed_value_pattern></allowed_value_pattern>
                <characteristic_value_type>List</characteristic_value_type>
                <classification is_null="1" />
                <config_id keyed_name="Internal Audit Required " type="Item Characteristic">90E6D56F92DB4993BB9C14C3323020DF</config_id>
                <created_by_id keyed_name="Innovator Admin" type="User">30B991F927274FA3829655F50C99472E</created_by_id>
                <created_on>2016-12-16T05:52:09</created_on>
                <css is_null="1" />
                <current_state is_null="1" />
                <default_max_value></default_max_value>
                <default_min_value></default_min_value>
                <default_text_value></default_text_value>
                <description></description>
                <generation>1</generation>
                <has_allowed_list_value>1</has_allowed_list_value>
                <id keyed_name="Internal Audit Required " type="Item Characteristic">90E6D56F92DB4993BB9C14C3323020DF</id>
                <is_allow_range>0</is_allow_range>
                <is_current>1</is_current>
                <is_released>0</is_released>
                <keyed_name>Internal Audit Required </keyed_name>
                <label xml:lang="de">Internal Audit Required </label>
                <locked_by_id is_null="1" />
                <major_rev>A</major_rev>
                <managed_by_id is_null="1" />
                <max_numeric_length is_null="1" />
                <max_text_length is_null="1" />
                <minor_rev is_null="1" />
                <modified_by_id keyed_name="Innovator Admin" type="User">30B991F927274FA3829655F50C99472E</modified_by_id>
                <modified_on>2016-12-16T05:52:09</modified_on>
                <new_version>1</new_version>
                <not_lockable>0</not_lockable>
                <owned_by_id is_null="1" />
                <permission_id keyed_name="Default Access" type="Permission">9122CD065CF04141B8EFE263FC80BEA4</permission_id>
                <state is_null="1" />
                <team_id is_null="1" />
                <value_decimal_precision is_null="1" />
                <value_unit_of_measure is_null="1" />
                <name>Internal Audit Required </name>
                <Relationships>
                  <Item action="merge" type="Item Characteristic List Value" typeId="A17A3D9746DB42259CE78662D72199E1" id="4B0D3D1F22F341DF9BBEDD7DB9A517B9">
                    <behavior>float</behavior>
                    <classification is_null="1" />
                    <config_id keyed_name="4B0D3D1F22F341DF9BBEDD7DB9A517B9" type="Item Characteristic List Value">4B0D3D1F22F341DF9BBEDD7DB9A517B9</config_id>
                    <created_by_id keyed_name="Innovator Admin" type="User">30B991F927274FA3829655F50C99472E</created_by_id>
                    <created_on>2016-12-16T05:52:33</created_on>
                    <css is_null="1" />
                    <current_state is_null="1" />
                    <generation>1</generation>
                    <id keyed_name="4B0D3D1F22F341DF9BBEDD7DB9A517B9" type="Item Characteristic List Value">4B0D3D1F22F341DF9BBEDD7DB9A517B9</id>
                    <is_current>1</is_current>
                    <is_released>0</is_released>
                    <keyed_name>4B0D3D1F22F341DF9BBEDD7DB9A517B9</keyed_name>
                    <label xml:lang="de">yes</label>
                    <locked_by_id is_null="1" />
                    <major_rev>A</major_rev>
                    <managed_by_id is_null="1" />
                    <minor_rev is_null="1" />
                    <modified_by_id keyed_name="Innovator Admin" type="User">30B991F927274FA3829655F50C99472E</modified_by_id>
                    <modified_on>2016-12-16T05:52:33</modified_on>
                    <new_version>1</new_version>
                    <not_lockable>0</not_lockable>
                    <owned_by_id is_null="1" />
                    <permission_id keyed_name="Default Access" type="Permission">9122CD065CF04141B8EFE263FC80BEA4</permission_id>
                    <related_id is_null="1" />
                    <sort_order>1</sort_order>
                    <source_id keyed_name="Internal Audit Required " type="Item Characteristic">90E6D56F92DB4993BB9C14C3323020DF</source_id>
                    <state is_null="1" />
                    <team_id is_null="1" />
                    <value>Yes</value>
                  </Item>
                  <Item action="merge" type="Item Characteristic List Value" typeId="A17A3D9746DB42259CE78662D72199E1" id="43C9EE5A8F544C599352A5487DA0EB06">
                    <behavior>float</behavior>
                    <classification is_null="1" />
                    <config_id keyed_name="43C9EE5A8F544C599352A5487DA0EB06" type="Item Characteristic List Value">43C9EE5A8F544C599352A5487DA0EB06</config_id>
                    <created_by_id keyed_name="Innovator Admin" type="User">30B991F927274FA3829655F50C99472E</created_by_id>
                    <created_on>2016-12-16T05:52:33</created_on>
                    <css is_null="1" />
                    <current_state is_null="1" />
                    <generation>1</generation>
                    <id keyed_name="43C9EE5A8F544C599352A5487DA0EB06" type="Item Characteristic List Value">43C9EE5A8F544C599352A5487DA0EB06</id>
                    <is_current>1</is_current>
                    <is_released>0</is_released>
                    <keyed_name>43C9EE5A8F544C599352A5487DA0EB06</keyed_name>
                    <label xml:lang="de">no</label>
                    <locked_by_id is_null="1" />
                    <major_rev>A</major_rev>
                    <managed_by_id is_null="1" />
                    <minor_rev is_null="1" />
                    <modified_by_id keyed_name="Innovator Admin" type="User">30B991F927274FA3829655F50C99472E</modified_by_id>
                    <modified_on>2016-12-16T05:52:33</modified_on>
                    <new_version>1</new_version>
                    <not_lockable>0</not_lockable>
                    <owned_by_id is_null="1" />
                    <permission_id keyed_name="Default Access" type="Permission">9122CD065CF04141B8EFE263FC80BEA4</permission_id>
                    <related_id is_null="1" />
                    <sort_order>2</sort_order>
                    <source_id keyed_name="Internal Audit Required " type="Item Characteristic">90E6D56F92DB4993BB9C14C3323020DF</source_id>
                    <state is_null="1" />
                    <team_id is_null="1" />
                    <value>No</value>
                  </Item>
                </Relationships>
              </Item>
            </related_id>
            <sort_order>256</sort_order>
            <source_id keyed_name="Part Q Classifications (Root)" type="Item Class">3D654550425840DD9EDE94CE86293038</source_id>
            <state is_null="1" />
            <team_id is_null="1" />
          </Item>
        </Relationships>
      </Item>
</AML>