﻿<AML>
 <Item type="RelationshipType" id="87D3185211C54594A66744F45F393F8A" action="add" dependencyLevel="0">
  <auto_search>1</auto_search>
  <behavior>float</behavior>
  <classification>/*</classification>
  <copy_permissions>0</copy_permissions>
  <create_related>0</create_related>
  <hide_in_all>0</hide_in_all>
  <inc_rel_key_name>1</inc_rel_key_name>
  <inc_related_key_name>1</inc_related_key_name>
  <is_list_type>0</is_list_type>
  <label xml:lang="en">Class Tree</label>
  <name>Item Class Hierarchy View</name>
  <new_show_related>0</new_show_related>
  <related_notnull>0</related_notnull>
  <related_option>2</related_option>
  <relationship_id keyed_name="Item Class Hierarchy View" type="ItemType" name="Item Class Hierarchy View">
   <Item type="ItemType" id="27D5F4335AAF458EA20315B0E0BD2012" action="add">
    <allow_private_permission>1</allow_private_permission>
    <auto_search>0</auto_search>
    <enforce_discovery>0</enforce_discovery>
    <hide_where_used>0</hide_where_used>
    <implementation_type>table</implementation_type>
    <instance_data>ITEM_CLASS_HIERARCHY_VIEW</instance_data>
    <is_dependent>0</is_dependent>
    <is_recently_visited>0</is_recently_visited>
    <is_relationship>1</is_relationship>
    <is_versionable>0</is_versionable>
    <manual_versioning>0</manual_versioning>
    <name>Item Class Hierarchy View</name>
    <revisions keyed_name="Default" type="Revision">7FE395DD8B9F4E1090756A34B733D75E</revisions>
    <show_parameters_tab>1</show_parameters_tab>
    <unlock_on_logout>0</unlock_on_logout>
    <use_src_access>1</use_src_access>
    </Item>
  </relationship_id>
  <sort_order>384</sort_order>
  <source_id keyed_name="Item Class" type="ItemType" name="Item Class">F40D94A0E3B74376961645EE76D5D8E3</source_id>
  <Relationships>
   <Item type="Relationship View" id="11CD23B4FA8E4696B4CB7528E45E258B" action="add">
    <classification>/*</classification>
    <form keyed_name="ItemClassTreeDialog" type="Form">AE1589F174954B988783097E027A163A</form>
    <related_id keyed_name="World" type="Identity">
     <Item type="Identity" action="get" select="id">
      <name>World</name>
     </Item>
    </related_id>
    <sort_order>128</sort_order>
    <source_id keyed_name="Item Class Hierarchy View" type="RelationshipType">87D3185211C54594A66744F45F393F8A</source_id>
   </Item>
  </Relationships>
 </Item>
 <Item type="ItemType" id="27D5F4335AAF458EA20315B0E0BD2012" action="edit">
  <Relationships>
   <Item type="Property" action="edit" where="source_id='27D5F4335AAF458EA20315B0E0BD2012' and name='generation'">
    <classification>/*</classification>
    <column_alignment>left</column_alignment>
    <data_type>integer</data_type>
    <is_hidden>1</is_hidden>
    <is_hidden2>1</is_hidden2>
    <is_indexed>0</is_indexed>
    <is_keyed>0</is_keyed>
    <is_multi_valued>0</is_multi_valued>
    <is_required>0</is_required>
    <name>generation</name>
    <range_inclusive>0</range_inclusive>
    <readonly>1</readonly>
    <sort_order>2432</sort_order>
    <source_id keyed_name="Item Class Hierarchy View" type="ItemType" name="Item Class Hierarchy View">27D5F4335AAF458EA20315B0E0BD2012</source_id>
    <track_history>0</track_history>
   </Item>
  </Relationships>
 </Item>
 <Item type="View" action="delete" where="source_id='27D5F4335AAF458EA20315B0E0BD2012'"></Item>
 <Item type="Form" action="delete" where="name='Item Class Hierarchy View'"></Item>
</AML>