﻿<AML>
 <Item type="RelationshipType" id="C6717FD2B55D4CB2BC461E01A61EB223" action="add" dependencyLevel="0">
  <auto_search>1</auto_search>
  <behavior>float</behavior>
  <classification>/*</classification>
  <copy_permissions>0</copy_permissions>
  <create_related>0</create_related>
  <hide_in_all>0</hide_in_all>
  <inc_rel_key_name>1</inc_rel_key_name>
  <inc_related_key_name>1</inc_related_key_name>
  <is_list_type>0</is_list_type>
  <label xml:lang="en">Part Characteristics</label>
  <name>Part Item Characteristic Value</name>
  <new_show_related>0</new_show_related>
  <related_notnull>0</related_notnull>
  <related_option>1</related_option>
  <relationship_id keyed_name="Part Item Characteristic Value" type="ItemType" name="Part Item Characteristic Value">
   <Item type="ItemType" id="4D7EECEB1CE045C896E8D04F72534317" action="add">
    <allow_private_permission>1</allow_private_permission>
    <auto_search>0</auto_search>
    <enforce_discovery>0</enforce_discovery>
    <hide_where_used>0</hide_where_used>
    <implementation_type>table</implementation_type>
    <instance_data>PART_ITEM_CHARACTERISTIC_VALUE</instance_data>
    <is_dependent>0</is_dependent>
    <is_recently_visited>0</is_recently_visited>
    <is_relationship>1</is_relationship>
    <is_versionable>0</is_versionable>
    <manual_versioning>0</manual_versioning>
    <name>Part Item Characteristic Value</name>
    <open_icon>../images/Icons/16x16/16x16_relationship1.gif</open_icon>
    <revisions keyed_name="Default" type="Revision">7FE395DD8B9F4E1090756A34B733D75E</revisions>
    <show_parameters_tab>1</show_parameters_tab>
    <unlock_on_logout>0</unlock_on_logout>
    <use_src_access>1</use_src_access>
    <Relationships>
     <Item type="Property" id="49638C42DA55440BA20807033C7DBEB3" action="add">
      <classification>/*</classification>
      <column_alignment>left</column_alignment>
      <data_source>
       <Item type="Property" action="get" select="id">
        <name>item_characteristic_id</name>
        <source_id>4D7EECEB1CE045C896E8D04F72534317</source_id>
       </Item>
      </data_source>
      <data_type>foreign</data_type>
      <default_value xml:lang="en">4</default_value>
      <foreign_property>
       <Item type="Property" action="get" select="id">
        <keyed_name>value_decimal_precision</keyed_name>
        <source_id>
         <Item type="ItemType" action="get" select="id">
          <name>Item Characteristic</name>
         </Item>
        </source_id>
       </Item>
      </foreign_property>
      <is_hidden>1</is_hidden>
      <is_hidden2>1</is_hidden2>
      <is_indexed>0</is_indexed>
      <is_keyed>0</is_keyed>
      <is_multi_valued>0</is_multi_valued>
      <is_required>0</is_required>
      <label xml:lang="en">Decimal Precision</label>
      <name>decimal_precision</name>
      <range_inclusive>0</range_inclusive>
      <readonly>0</readonly>
      <sort_order>7128</sort_order>
      <source_id keyed_name="Part Item Characteristic Value" type="ItemType" name="Part Item Characteristic Value">4D7EECEB1CE045C896E8D04F72534317</source_id>
      <track_history>0</track_history>
     </Item>
     <Item type="Property" id="7D7E07DFD62244B29A31013F23000FEE" action="add">
      <classification>/*</classification>
      <column_alignment>left</column_alignment>
      <column_width>200</column_width>
      <data_type>string</data_type>
      <is_hidden>0</is_hidden>
      <is_hidden2>0</is_hidden2>
      <is_indexed>0</is_indexed>
      <is_keyed>0</is_keyed>
      <is_multi_valued>0</is_multi_valued>
      <is_required>0</is_required>
      <label xml:lang="en">Value</label>
      <name>display_value</name>
      <range_inclusive>0</range_inclusive>
      <readonly>0</readonly>
      <sort_order>23</sort_order>
      <source_id keyed_name="Part Item Characteristic Value" type="ItemType" name="Part Item Characteristic Value">4D7EECEB1CE045C896E8D04F72534317</source_id>
      <stored_length>128</stored_length>
      <track_history>0</track_history>
      <Relationships>
       <Item type="Grid Event" id="FD86FBA9560F4EEB9EA187AB934E48B6" action="add">
        <classification>/*</classification>
        <grid_event>oneditstart</grid_event>
        <related_id keyed_name="Char Value Dropdown List" type="Method">
         <Item type="Method" action="get" select="id">
          <name>Char Value Dropdown List</name>
         </Item>
        </related_id>
        <sort_order>10</sort_order>
        <source_id keyed_name="display_value" type="Property">7D7E07DFD62244B29A31013F23000FEE</source_id>
       </Item>
      </Relationships>
     </Item>
     <Item type="Property" id="745B9EA5A3AF46D78B665DD0E7AE8732" action="add">
      <classification>/*</classification>
      <column_alignment>left</column_alignment>
      <column_width>200</column_width>
      <data_source keyed_name="Item Characteristic" type="ItemType" name="Item Characteristic">87CC08361EE94B52B7AA7E7A886DC25E</data_source>
      <data_type>item</data_type>
      <is_hidden>0</is_hidden>
      <is_hidden2>0</is_hidden2>
      <is_indexed>0</is_indexed>
      <is_keyed>0</is_keyed>
      <is_multi_valued>0</is_multi_valued>
      <is_required>0</is_required>
      <item_behavior>float</item_behavior>
      <label xml:lang="en">Name</label>
      <name>item_characteristic_id</name>
      <range_inclusive>0</range_inclusive>
      <readonly>0</readonly>
      <sort_order>20</sort_order>
      <source_id keyed_name="Part Item Characteristic Value" type="ItemType" name="Part Item Characteristic Value">4D7EECEB1CE045C896E8D04F72534317</source_id>
      <track_history>0</track_history>
     </Item>
     <Item type="Property" id="93C24EF925ED4A81BD8365956E39E704" action="add">
      <classification>/*</classification>
      <column_alignment>left</column_alignment>
      <column_width>200</column_width>
      <data_source>
       <Item type="Property" action="get" select="id">
        <name>item_characteristic_id</name>
        <source_id>4D7EECEB1CE045C896E8D04F72534317</source_id>
       </Item>
      </data_source>
      <data_type>foreign</data_type>
      <foreign_property>
       <Item type="Property" action="get" select="id">
        <keyed_name>label</keyed_name>
        <source_id>
         <Item type="ItemType" action="get" select="id">
          <name>Item Characteristic</name>
         </Item>
        </source_id>
       </Item>
      </foreign_property>
      <is_hidden>0</is_hidden>
      <is_hidden2>0</is_hidden2>
      <is_indexed>0</is_indexed>
      <is_keyed>0</is_keyed>
      <is_multi_valued>0</is_multi_valued>
      <is_required>0</is_required>
      <label xml:lang="en">ML Name</label>
      <name>item_characteristic_label</name>
      <range_inclusive>0</range_inclusive>
      <readonly>0</readonly>
      <sort_order>21</sort_order>
      <source_id keyed_name="Part Item Characteristic Value" type="ItemType" name="Part Item Characteristic Value">4D7EECEB1CE045C896E8D04F72534317</source_id>
      <track_history>0</track_history>
     </Item>
     <Item type="Property" id="BFAB2AB016B2419DAD0D1CE13A59AFE9" action="add">
      <classification>/*</classification>
      <column_alignment>left</column_alignment>
      <column_width>80</column_width>
      <data_source>
       <Item type="Property" action="get" select="id">
        <name>item_characteristic_id</name>
        <source_id>4D7EECEB1CE045C896E8D04F72534317</source_id>
       </Item>
      </data_source>
      <data_type>foreign</data_type>
      <foreign_property>
       <Item type="Property" action="get" select="id">
        <keyed_name>characteristic_value_type</keyed_name>
        <source_id>
         <Item type="ItemType" action="get" select="id">
          <name>Item Characteristic</name>
         </Item>
        </source_id>
       </Item>
      </foreign_property>
      <is_hidden>0</is_hidden>
      <is_hidden2>0</is_hidden2>
      <is_indexed>0</is_indexed>
      <is_keyed>0</is_keyed>
      <is_multi_valued>0</is_multi_valued>
      <is_required>0</is_required>
      <label xml:lang="en">Type</label>
      <name>item_characteristic_value_type</name>
      <range_inclusive>0</range_inclusive>
      <readonly>0</readonly>
      <sort_order>22</sort_order>
      <source_id keyed_name="Part Item Characteristic Value" type="ItemType" name="Part Item Characteristic Value">4D7EECEB1CE045C896E8D04F72534317</source_id>
      <track_history>0</track_history>
     </Item>
     <Item type="Property" id="81DC28AFFE3249528559DD83E103A986" action="add">
      <classification>/*</classification>
      <column_alignment>left</column_alignment>
      <data_source>
       <Item type="Property" action="get" select="id">
        <name>item_characteristic_id</name>
        <source_id>4D7EECEB1CE045C896E8D04F72534317</source_id>
       </Item>
      </data_source>
      <data_type>foreign</data_type>
      <foreign_property>
       <Item type="Property" action="get" select="id">
        <keyed_name>value_unit_of_measure</keyed_name>
        <source_id>
         <Item type="ItemType" action="get" select="id">
          <name>Item Characteristic</name>
         </Item>
        </source_id>
       </Item>
      </foreign_property>
      <is_hidden>0</is_hidden>
      <is_hidden2>0</is_hidden2>
      <is_indexed>0</is_indexed>
      <is_keyed>0</is_keyed>
      <is_multi_valued>0</is_multi_valued>
      <is_required>0</is_required>
      <label xml:lang="en">Unit</label>
      <name>item_characteristic_value_unit</name>
      <range_inclusive>0</range_inclusive>
      <readonly>0</readonly>
      <sort_order>24</sort_order>
      <source_id keyed_name="Part Item Characteristic Value" type="ItemType" name="Part Item Characteristic Value">4D7EECEB1CE045C896E8D04F72534317</source_id>
      <track_history>0</track_history>
     </Item>
     <Item type="Property" id="FB7DDBD1247247F2B0E0CB03041A3EA7" action="add">
      <classification>/*</classification>
      <column_alignment>left</column_alignment>
      <data_source>
       <Item type="Property" action="get" select="id">
        <name>item_characteristic_id</name>
        <source_id>4D7EECEB1CE045C896E8D04F72534317</source_id>
       </Item>
      </data_source>
      <data_type>foreign</data_type>
      <default_value xml:lang="en">9</default_value>
      <foreign_property>
       <Item type="Property" action="get" select="id">
        <keyed_name>max_numeric_length</keyed_name>
        <source_id>
         <Item type="ItemType" action="get" select="id">
          <name>Item Characteristic</name>
         </Item>
        </source_id>
       </Item>
      </foreign_property>
      <is_hidden>1</is_hidden>
      <is_hidden2>1</is_hidden2>
      <is_indexed>0</is_indexed>
      <is_keyed>0</is_keyed>
      <is_multi_valued>0</is_multi_valued>
      <is_required>0</is_required>
      <label xml:lang="en">Numeric Length</label>
      <name>max_num_length</name>
      <range_inclusive>0</range_inclusive>
      <readonly>0</readonly>
      <sort_order>7256</sort_order>
      <source_id keyed_name="Part Item Characteristic Value" type="ItemType" name="Part Item Characteristic Value">4D7EECEB1CE045C896E8D04F72534317</source_id>
      <track_history>0</track_history>
     </Item>
     <Item type="Property" id="7B856BC1DDFC4E1DB9F3D7149E133776" action="add">
      <classification>/*</classification>
      <column_alignment>left</column_alignment>
      <data_source>
       <Item type="Property" action="get" select="id">
        <name>item_characteristic_id</name>
        <source_id>4D7EECEB1CE045C896E8D04F72534317</source_id>
       </Item>
      </data_source>
      <data_type>foreign</data_type>
      <default_value xml:lang="en">20</default_value>
      <foreign_property>
       <Item type="Property" action="get" select="id">
        <keyed_name>max_text_length</keyed_name>
        <source_id>
         <Item type="ItemType" action="get" select="id">
          <name>Item Characteristic</name>
         </Item>
        </source_id>
       </Item>
      </foreign_property>
      <is_hidden>1</is_hidden>
      <is_hidden2>1</is_hidden2>
      <is_indexed>0</is_indexed>
      <is_keyed>0</is_keyed>
      <is_multi_valued>0</is_multi_valued>
      <is_required>0</is_required>
      <label xml:lang="en">Text Length</label>
      <name>max_text_length</name>
      <range_inclusive>0</range_inclusive>
      <readonly>0</readonly>
      <sort_order>7384</sort_order>
      <source_id keyed_name="Part Item Characteristic Value" type="ItemType" name="Part Item Characteristic Value">4D7EECEB1CE045C896E8D04F72534317</source_id>
      <track_history>0</track_history>
     </Item>
     <Item type="Property" id="41122D047F704BC4A5CE002E6FE90C82" action="add">
      <column_alignment>left</column_alignment>
      <column_width>80</column_width>
      <data_source>
       <Item type="Property" action="get" select="id">
        <name>item_characteristic_id</name>
        <source_id>4D7EECEB1CE045C896E8D04F72534317</source_id>
       </Item>
      </data_source>
      <data_type>foreign</data_type>
      <foreign_property>
       <Item type="Property" action="get" select="id">
        <keyed_name>allowed_max_value</keyed_name>
        <source_id>
         <Item type="ItemType" action="get" select="id">
          <name>Item Characteristic</name>
         </Item>
        </source_id>
       </Item>
      </foreign_property>
      <is_hidden>0</is_hidden>
      <is_hidden2>0</is_hidden2>
      <is_indexed>0</is_indexed>
      <is_keyed>0</is_keyed>
      <is_multi_valued>0</is_multi_valued>
      <is_required>0</is_required>
      <label xml:lang="en">Max Value Tolerance</label>
      <name>max_tolerance</name>
      <range_inclusive>0</range_inclusive>
      <readonly>0</readonly>
      <sort_order>31</sort_order>
      <source_id keyed_name="Part Item Characteristic Value" type="ItemType" name="Part Item Characteristic Value">4D7EECEB1CE045C896E8D04F72534317</source_id>
      <track_history>0</track_history>
      <Relationships>
       <Item type="Grid Event" id="C087599B998B409490C90D097800DD79" action="add">
        <classification>/*</classification>
        <grid_event>oneditstart</grid_event>
        <related_id keyed_name="OnEditCharacteristicValueCells" type="Method">
         <Item type="Method" action="get" select="id">
          <name>OnEditCharacteristicValueCells</name>
         </Item>
        </related_id>
        <sort_order>128</sort_order>
        <source_id keyed_name="max_tolerance" type="Property">41122D047F704BC4A5CE002E6FE90C82</source_id>
       </Item>
      </Relationships>
     </Item>
     <Item type="Property" id="C427A653888A4F74A80D1C45DD1297F7" action="add">
      <classification>/*</classification>
      <column_alignment>left</column_alignment>
      <column_width>80</column_width>
      <data_type>float</data_type>
      <is_hidden>0</is_hidden>
      <is_hidden2>1</is_hidden2>
      <is_indexed>0</is_indexed>
      <is_keyed>0</is_keyed>
      <is_multi_valued>0</is_multi_valued>
      <is_required>0</is_required>
      <label xml:lang="en">Max Value</label>
      <name>max_value</name>
      <range_inclusive>0</range_inclusive>
      <readonly>0</readonly>
      <sort_order>1000</sort_order>
      <source_id keyed_name="Part Item Characteristic Value" type="ItemType" name="Part Item Characteristic Value">4D7EECEB1CE045C896E8D04F72534317</source_id>
      <track_history>0</track_history>
      <Relationships>
       <Item type="Grid Event" id="4A64A1DF22C34FE7BB41B469F942803D" action="add">
        <classification>/*</classification>
        <grid_event>oneditstart</grid_event>
        <related_id keyed_name="OnEditCharacteristicValueCells" type="Method">
         <Item type="Method" action="get" select="id">
          <name>OnEditCharacteristicValueCells</name>
         </Item>
        </related_id>
        <sort_order>128</sort_order>
        <source_id keyed_name="max_value" type="Property">C427A653888A4F74A80D1C45DD1297F7</source_id>
       </Item>
      </Relationships>
     </Item>
     <Item type="Property" id="3BD8B1FBD948447A89A6A398D8844EE9" action="add">
      <column_alignment>left</column_alignment>
      <column_width>80</column_width>
      <data_source>
       <Item type="Property" action="get" select="id">
        <name>item_characteristic_id</name>
        <source_id>4D7EECEB1CE045C896E8D04F72534317</source_id>
       </Item>
      </data_source>
      <data_type>foreign</data_type>
      <foreign_property>
       <Item type="Property" action="get" select="id">
        <keyed_name>allowed_min_value</keyed_name>
        <source_id>
         <Item type="ItemType" action="get" select="id">
          <name>Item Characteristic</name>
         </Item>
        </source_id>
       </Item>
      </foreign_property>
      <is_hidden>0</is_hidden>
      <is_hidden2>0</is_hidden2>
      <is_indexed>0</is_indexed>
      <is_keyed>0</is_keyed>
      <is_multi_valued>0</is_multi_valued>
      <is_required>0</is_required>
      <label xml:lang="en">Min Value Tolerance</label>
      <name>min_tolerance</name>
      <range_inclusive>0</range_inclusive>
      <readonly>0</readonly>
      <sort_order>30</sort_order>
      <source_id keyed_name="Part Item Characteristic Value" type="ItemType" name="Part Item Characteristic Value">4D7EECEB1CE045C896E8D04F72534317</source_id>
      <track_history>0</track_history>
      <Relationships>
       <Item type="Grid Event" id="6E7511E0EC8049998D9A958C4E5DC770" action="add">
        <classification>/*</classification>
        <grid_event>oneditstart</grid_event>
        <related_id keyed_name="OnEditCharacteristicValueCells" type="Method">
         <Item type="Method" action="get" select="id">
          <name>OnEditCharacteristicValueCells</name>
         </Item>
        </related_id>
        <sort_order>128</sort_order>
        <source_id keyed_name="min_tolerance" type="Property">3BD8B1FBD948447A89A6A398D8844EE9</source_id>
       </Item>
      </Relationships>
     </Item>
     <Item type="Property" id="BF38B68880F941EEBA3B30223E12E827" action="add">
      <classification>/*</classification>
      <column_alignment>left</column_alignment>
      <column_width>80</column_width>
      <data_type>float</data_type>
      <is_hidden>0</is_hidden>
      <is_hidden2>1</is_hidden2>
      <is_indexed>0</is_indexed>
      <is_keyed>0</is_keyed>
      <is_multi_valued>0</is_multi_valued>
      <is_required>0</is_required>
      <label xml:lang="en">Min Value</label>
      <name>min_value</name>
      <range_inclusive>0</range_inclusive>
      <readonly>0</readonly>
      <sort_order>1000</sort_order>
      <source_id keyed_name="Part Item Characteristic Value" type="ItemType" name="Part Item Characteristic Value">4D7EECEB1CE045C896E8D04F72534317</source_id>
      <track_history>0</track_history>
      <Relationships>
       <Item type="Grid Event" id="C7F09ECCB2A84B3BB0DB4FC9E932C14D" action="add">
        <classification>/*</classification>
        <grid_event>oneditstart</grid_event>
        <related_id keyed_name="OnEditCharacteristicValueCells" type="Method">
         <Item type="Method" action="get" select="id">
          <name>OnEditCharacteristicValueCells</name>
         </Item>
        </related_id>
        <sort_order>128</sort_order>
        <source_id keyed_name="min_value" type="Property">BF38B68880F941EEBA3B30223E12E827</source_id>
       </Item>
      </Relationships>
     </Item>
     <Item type="Property" id="A6309DC2A61F4F95BDE6D0DB26DFD0EB" action="add">
      <classification>/*</classification>
      <column_alignment>left</column_alignment>
      <column_width>200</column_width>
      <data_type>string</data_type>
      <is_hidden>0</is_hidden>
      <is_hidden2>1</is_hidden2>
      <is_indexed>0</is_indexed>
      <is_keyed>0</is_keyed>
      <is_multi_valued>0</is_multi_valued>
      <is_required>0</is_required>
      <label xml:lang="en">Text Value</label>
      <name>text_value</name>
      <range_inclusive>0</range_inclusive>
      <readonly>0</readonly>
      <sort_order>1000</sort_order>
      <source_id keyed_name="Part Item Characteristic Value" type="ItemType" name="Part Item Characteristic Value">4D7EECEB1CE045C896E8D04F72534317</source_id>
      <stored_length>128</stored_length>
      <track_history>0</track_history>
      <Relationships>
       <Item type="Grid Event" id="63E69DBE053A4AF9A5543E4B8A623CB1" action="add">
        <classification>/*</classification>
        <grid_event>oneditstart</grid_event>
        <related_id keyed_name="OnEditCharacteristicValueCells" type="Method">
         <Item type="Method" action="get" select="id">
          <name>OnEditCharacteristicValueCells</name>
         </Item>
        </related_id>
        <sort_order>128</sort_order>
        <source_id keyed_name="text_value" type="Property">A6309DC2A61F4F95BDE6D0DB26DFD0EB</source_id>
       </Item>
      </Relationships>
     </Item>
     <Item type="Server Event" id="CCD51234F3864C26939751C1B5881EF8" action="add">
      <classification>/*</classification>
      <related_id keyed_name="SaveValueAsNumOrText" type="Method">
       <Item type="Method" action="get" select="id">
        <name>SaveValueAsNumOrText</name>
       </Item>
      </related_id>
      <server_event>onBeforeUpdate</server_event>
      <sort_order>128</sort_order>
      <source_id keyed_name="Part Item Characteristic Value" type="ItemType" name="Part Item Characteristic Value">4D7EECEB1CE045C896E8D04F72534317</source_id>
     </Item>
    
     <Item type="View" id="137A03D96836477DBD5435575F446E02" action="add">
      <classification>/*</classification>
      <client>js</client>
      <is_exclude_from_recently_visited>0</is_exclude_from_recently_visited>
      <related_id keyed_name="Part Item Characteristic Value" type="Form">F352522E00D542E698CC1443F6A2D098</related_id>
      <role keyed_name="World" type="Identity">
       <Item type="Identity" action="get" select="id">
        <name>World</name>
       </Item>
      </role>
      <sort_order>128</sort_order>
      <source_id keyed_name="Part Item Characteristic Value" type="ItemType" name="Part Item Characteristic Value">4D7EECEB1CE045C896E8D04F72534317</source_id>
      <type>default</type>
     </Item></Relationships>
   </Item>
  </relationship_id>
  <sort_order>150</sort_order>
  <source_id keyed_name="Part" type="ItemType" name="Part">4F1AC04A2B484F3ABA4E20DB63808A88</source_id>
 </Item>
 <Item type="ItemType" id="4D7EECEB1CE045C896E8D04F72534317" action="edit">
  <Relationships>
   <Item type="Property" action="edit" where="source_id='4D7EECEB1CE045C896E8D04F72534317' and name='generation'">
    <classification>/*</classification>
    <column_alignment>left</column_alignment>
    <data_type>integer</data_type>
    <is_hidden>1</is_hidden>
    <is_hidden2>1</is_hidden2>
    <is_indexed>0</is_indexed>
    <is_keyed>0</is_keyed>
    <is_multi_valued>0</is_multi_valued>
    <is_required>0</is_required>
    <name>generation</name>
    <range_inclusive>0</range_inclusive>
    <readonly>1</readonly>
    <sort_order>2432</sort_order>
    <source_id keyed_name="Part Item Characteristic Value" type="ItemType" name="Part Item Characteristic Value">4D7EECEB1CE045C896E8D04F72534317</source_id>
    <track_history>0</track_history>
   </Item>
   <Item type="Property" action="edit" where="source_id='4D7EECEB1CE045C896E8D04F72534317' and name='sort_order'">
    <classification>/*</classification>
    <column_alignment>left</column_alignment>
    <column_width>80</column_width>
    <data_type>integer</data_type>
    <is_hidden>0</is_hidden>
    <is_hidden2>0</is_hidden2>
    <is_indexed>0</is_indexed>
    <is_keyed>0</is_keyed>
    <is_multi_valued>0</is_multi_valued>
    <is_required>0</is_required>
    <label xml:lang="en">Sort Order</label>
    <name>sort_order</name>
    <range_inclusive>0</range_inclusive>
    <readonly>0</readonly>
    <sort_order>1</sort_order>
    <source_id keyed_name="Part Item Characteristic Value" type="ItemType" name="Part Item Characteristic Value">4D7EECEB1CE045C896E8D04F72534317</source_id>
    <track_history>0</track_history>
    <Relationships>
     <Item type="Grid Event" id="87161155026F41D794E78DFB92563C47" action="add">
      <classification>/*</classification>
      <grid_event>oneditstart</grid_event>
      <related_id keyed_name="OnEditCharacteristicValueCells" type="Method">
       <Item type="Method" action="get" select="id">
        <name>OnEditCharacteristicValueCells</name>
       </Item>
      </related_id>
      <sort_order>128</sort_order>
      <source_id>
       <Item type="Property" action="get" select="id">
        <name>sort_order</name>
        <source_id>4D7EECEB1CE045C896E8D04F72534317</source_id>
       </Item>
      </source_id>
     </Item>
    </Relationships>
   </Item>
  </Relationships>
 </Item>
</AML>